date,host,resource,method,pay_to,priority,status,responds,valid_402,x402_version,price_match,payto_match,latency_ms,error
2026-09-30,21millionpixels.art,https://21millionpixels.art/api/agent/paint,POST,0xdd666cdcf2bccff8d1c8161ed24ff26c0ed429b9,True,402,True,True,2,True,True,293,
2026-09-30,21millionpixels.art,https://21millionpixels.art/api/agent/paint-batch,POST,0xdd666cdcf2bccff8d1c8161ed24ff26c0ed429b9,True,402,True,True,2,False,True,291,
2026-09-30,2s.io,https://2s.io/api/business/id-resolve,GET,0x2b6d4988db4723e6908db86ab2b8dfbc51fc32c5,True,402,True,True,2,True,True,272,
2026-09-30,2s.io,https://2s.io/api/gov/lobbying-filings,GET,0x2b6d4988db4723e6908db86ab2b8dfbc51fc32c5,True,402,True,True,2,True,True,177,
2026-09-30,2s.io,https://2s.io/api/nonprofit/search,GET,0x2b6d4988db4723e6908db86ab2b8dfbc51fc32c5,True,402,True,True,2,True,True,214,
2026-09-30,2s.io,https://2s.io/api/stocks/metrics,GET,0x2b6d4988db4723e6908db86ab2b8dfbc51fc32c5,True,402,True,True,2,True,True,160,
2026-09-30,2s.io,https://2s.io/api/timezone/lookup,GET,0x2b6d4988db4723e6908db86ab2b8dfbc51fc32c5,True,402,True,True,2,True,True,176,
2026-09-30,3route.agents.bakingbad.dev,https://3route.agents.bakingbad.dev/v1/:chainId/swap,GET,0x5d89060682fce50ecaa7600af6a5645bd2b107eb,True,404,True,False,,,,1282,
2026-09-30,402.com.tr,https://402.com.tr/api/x402/address-check,GET,0x973a31858f4d2125f48c880542da11a2796f12d6,True,402,True,True,2,True,True,460,
2026-09-30,402.com.tr,https://402.com.tr/api/x402/b20-gate,GET,0x973a31858f4d2125f48c880542da11a2796f12d6,True,402,True,True,2,True,True,375,
2026-09-30,402.com.tr,https://402.com.tr/api/x402/company-lei,GET,0x973a31858f4d2125f48c880542da11a2796f12d6,True,402,True,True,2,True,True,453,
2026-09-30,402.com.tr,https://402.com.tr/api/x402/near-staking-yields,GET,0x973a31858f4d2125f48c880542da11a2796f12d6,True,402,True,True,2,True,True,542,
2026-09-30,402.com.tr,https://402.com.tr/api/x402/web-extract,GET,0x973a31858f4d2125f48c880542da11a2796f12d6,True,402,True,True,2,True,True,378,
2026-09-30,402cron.com,https://402cron.com/buy/starter,GET,0x8e37022edcf0f21cf3c9f93fee9d4d32519f36f4,True,402,True,True,2,True,True,167,
2026-09-30,402registry.com,https://402registry.com/buy/catalog,GET,0x8e37022edcf0f21cf3c9f93fee9d4d32519f36f4,True,402,True,True,2,True,True,278,
2026-09-30,402registry.com,https://402registry.com/buy/four,GET,0x8e37022edcf0f21cf3c9f93fee9d4d32519f36f4,True,402,True,True,2,True,True,280,
2026-09-30,402registry.com,https://402registry.com/buy/one,GET,0x8e37022edcf0f21cf3c9f93fee9d4d32519f36f4,True,402,True,True,2,True,True,416,
2026-09-30,402registry.com,https://402registry.com/buy/quick,GET,0x8e37022edcf0f21cf3c9f93fee9d4d32519f36f4,True,402,True,True,2,True,True,356,
2026-09-30,402timezones.vercel.app,https://402timezones.vercel.app/api/convert-timezone,GET,0xba667287b8ef89565f8fd7acd4d22ce98e0f39cd,True,402,True,True,2,True,True,194,
2026-09-30,402utils.com,https://402utils.com/v1/cron-next,GET,0xc55a2d530b53cbad1001e4afd4720b7e71f9c291,True,402,True,True,2,True,True,87,
2026-09-30,402utils.com,https://402utils.com/v1/rerank,POST,0xc55a2d530b53cbad1001e4afd4720b7e71f9c291,True,402,True,True,2,True,True,89,
2026-09-30,402utils.com,https://402utils.com/v1/timezone-convert,GET,0xc55a2d530b53cbad1001e4afd4720b7e71f9c291,True,402,True,True,2,True,True,10083,
2026-09-30,402utils.com,https://402utils.com/v1/vat-oss,GET,0xc55a2d530b53cbad1001e4afd4720b7e71f9c291,True,402,True,True,2,True,True,1513,
2026-09-30,402utils.com,https://402utils.com/v1/yaml,POST,0xc55a2d530b53cbad1001e4afd4720b7e71f9c291,True,402,True,True,2,True,True,90,
2026-09-30,47620.xyz,https://47620.xyz/x/account/:solana_address,GET,0x7f4ce6c23f851f13b386efdb22fe0d09821b9d53,True,200,True,False,,,,505,
2026-09-30,47620.xyz,https://47620.xyz/x/polygon/should-pay/:address,GET,0x7f4ce6c23f851f13b386efdb22fe0d09821b9d53,True,200,True,False,,,,527,
2026-09-30,47620.xyz,https://47620.xyz/x/solana-fac/vote-accounts,GET,0x7f4ce6c23f851f13b386efdb22fe0d09821b9d53,True,402,True,True,2,True,True,534,
2026-09-30,47620.xyz,https://47620.xyz/x/solana-fac/wallet-profile/:solana_address,GET,0x7f4ce6c23f851f13b386efdb22fe0d09821b9d53,True,200,True,False,,,,579,
2026-09-30,47620.xyz,https://47620.xyz/x/token/:solana_address,GET,0x7f4ce6c23f851f13b386efdb22fe0d09821b9d53,True,200,True,False,,,,1545,
2026-09-30,767-2676.com,https://767-2676.com/v1/receipt,POST,0x5f5a631e975183d084f60d7121e967b30ec83cb8,True,402,True,True,2,True,True,153,
2026-09-30,767-2676.com,https://767-2676.com/v1/time,GET,0x5f5a631e975183d084f60d7121e967b30ec83cb8,True,402,True,True,2,True,True,128,
2026-09-30,acoda.xyz,https://acoda.xyz/v1/market-state,GET,0x3dcefd14f76fd76d36bec7c271ff28d1bdb9989d,True,402,True,True,2,True,True,614,
2026-09-30,action402.vercel.app,https://action402.vercel.app/api/execute/webhook,POST,0x75113dcf8ce34f0338440d40270e420f8c1762b8,True,402,True,True,2,True,True,187,
2026-09-30,ads.apitoll.cloud,https://ads.apitoll.cloud/v1/ads/facebook/search,GET,0x4ce88238f669d04351937420c931988e464a975a,True,402,True,True,2,True,True,627,
2026-09-30,ads.forgemesh.io,https://ads.forgemesh.io/api/intent/demand,GET,0x65e02cb7fee27630bb7d1a3add02ef7aa2d21701,True,402,True,True,2,True,True,178,
2026-09-30,ads.forgemesh.io,https://ads.forgemesh.io/api/intent/report,GET,0x65e02cb7fee27630bb7d1a3add02ef7aa2d21701,True,402,True,True,2,True,True,362,
2026-09-30,ads.forgemesh.io,https://ads.forgemesh.io/api/intent/trends,GET,0x65e02cb7fee27630bb7d1a3add02ef7aa2d21701,True,402,True,True,2,True,True,168,
2026-09-30,ads.forgemesh.io,https://ads.forgemesh.io/api/network/stats,GET,0x65e02cb7fee27630bb7d1a3add02ef7aa2d21701,True,402,True,True,2,True,True,305,
2026-09-30,aemb.pro,https://aemb.pro/v1/markets/compute/spot,GET,0xd004278bc57fe4b9f743abf17d713ed4169a88e9,True,402,True,True,2,True,True,229,
2026-09-30,affiliate.pay.zeroclick.io,https://affiliate.pay.zeroclick.io/v1/merchants,GET,0x6e9c2ebca537f861fe9242f8f974d99b3df762b2,True,402,True,True,2,True,True,673,
2026-09-30,agent-arcade.use.x402atlas.com,https://agent-arcade.use.x402atlas.com/gridlock/check,POST,0x8c128f1ee62bb5e47867cfbae2ad89be325df1b2,True,402,True,True,2,True,True,2337,
2026-09-30,agent-artifact-eta.vercel.app,https://agent-artifact-eta.vercel.app/api/artifacts/publish,POST,0x9720950d3e4d9e8c9e23e84e04e683b00204874c,True,402,True,True,2,True,True,182,
2026-09-30,agent-commerce-factory-jm.austriaeast.cloudapp.azure.com,https://agent-commerce-factory-jm.austriaeast.cloudapp.azure.com/v1/amazon/search,POST,0xce339395d7f2ea5a5009022ef1c392fb208a989e,True,402,True,True,2,True,True,566,
2026-09-30,agent-commerce-factory-jm.austriaeast.cloudapp.azure.com,https://agent-commerce-factory-jm.austriaeast.cloudapp.azure.com/v1/crypto/history,POST,0xce339395d7f2ea5a5009022ef1c392fb208a989e,True,402,True,True,2,True,True,541,
2026-09-30,agent-commerce-factory-jm.austriaeast.cloudapp.azure.com,https://agent-commerce-factory-jm.austriaeast.cloudapp.azure.com/v1/crypto/news,POST,0xce339395d7f2ea5a5009022ef1c392fb208a989e,True,402,True,True,2,True,True,538,
2026-09-30,agent-commerce-factory-jm.austriaeast.cloudapp.azure.com,https://agent-commerce-factory-jm.austriaeast.cloudapp.azure.com/v1/news/search,POST,0xce339395d7f2ea5a5009022ef1c392fb208a989e,True,402,True,True,2,True,True,545,
2026-09-30,agent-commerce-factory-jm.austriaeast.cloudapp.azure.com,https://agent-commerce-factory-jm.austriaeast.cloudapp.azure.com/v1/onchain/block,POST,0xce339395d7f2ea5a5009022ef1c392fb208a989e,True,402,True,True,2,True,True,565,
2026-09-30,agent-drift-api-production.up.railway.app,https://agent-drift-api-production.up.railway.app/v1/tests,POST,0x1394a802c94ab096abbd91ccc632843b03f46614,True,402,True,True,2,True,True,117,
2026-09-30,agent-embassy.fly.dev,https://agent-embassy.fly.dev/v1/check/verify,POST,0xd004278bc57fe4b9f743abf17d713ed4169a88e9,True,402,True,True,2,True,True,227,
2026-09-30,agent-memory-api-production-f2c4.up.railway.app,https://agent-memory-api-production-f2c4.up.railway.app/v1/memories/bazaar-seed/hello,GET,0x1394a802c94ab096abbd91ccc632843b03f46614,True,402,True,True,2,True,True,113,
2026-09-30,agent-treats-production.up.railway.app,https://agent-treats-production.up.railway.app/api/fact,GET,0xbd65c2d2ac9d3df9ce77e5e2579b5b38efee36f0,True,402,True,True,2,True,True,172,
2026-09-30,agent-treats-production.up.railway.app,https://agent-treats-production.up.railway.app/api/fortune,GET,0xbd65c2d2ac9d3df9ce77e5e2579b5b38efee36f0,True,402,True,True,2,True,True,148,
2026-09-30,agent-treats-production.up.railway.app,https://agent-treats-production.up.railway.app/api/golden-ticket/redeem,POST,0xbd65c2d2ac9d3df9ce77e5e2579b5b38efee36f0,True,402,True,True,2,True,True,154,
2026-09-30,agent-treats-production.up.railway.app,https://agent-treats-production.up.railway.app/api/horoscope,GET,0xbd65c2d2ac9d3df9ce77e5e2579b5b38efee36f0,True,402,True,True,2,True,True,142,
2026-09-30,agent-treats-production.up.railway.app,https://agent-treats-production.up.railway.app/api/name-your-price/bronze,GET,0xbd65c2d2ac9d3df9ce77e5e2579b5b38efee36f0,True,402,True,True,2,True,True,181,
2026-09-30,agent-vending-production.up.railway.app,https://agent-vending-production.up.railway.app/v1/demographic-similarity,POST,0x0b4242adf40726d9b09688030948176752d29924,True,402,True,True,2,True,True,116,
2026-09-30,agent-vending-production.up.railway.app,https://agent-vending-production.up.railway.app/v1/domain-intelligence,POST,0x0b4242adf40726d9b09688030948176752d29924,True,402,True,True,2,True,True,88,
2026-09-30,agent-vending-production.up.railway.app,https://agent-vending-production.up.railway.app/v1/email-risk,POST,0x0b4242adf40726d9b09688030948176752d29924,True,402,True,True,2,True,True,80,
2026-09-30,agent-vending-production.up.railway.app,https://agent-vending-production.up.railway.app/v1/site-selection,POST,0x0b4242adf40726d9b09688030948176752d29924,True,402,True,True,2,True,True,93,
2026-09-30,agent-vending-production.up.railway.app,https://agent-vending-production.up.railway.app/v1/us-demographics,POST,0x0b4242adf40726d9b09688030948176752d29924,True,402,True,True,2,True,True,97,
2026-09-30,agent.atinamos.co.uk,https://agent.atinamos.co.uk/agent/json-repair,POST,0x105bc7a04eec0c162342874110084dfe01996435,True,402,True,True,2,True,True,584,
2026-09-30,agent.atinamos.co.uk,https://agent.atinamos.co.uk/agent/render-check,POST,0x105bc7a04eec0c162342874110084dfe01996435,True,402,True,True,2,True,True,322,
2026-09-30,agent.connskill.com,https://agent.connskill.com/v1/brand-mentions,POST,0x43b85ae58f0a2505c710bc715d6f3eb16b1f63de,True,402,True,True,2,True,True,533,
2026-09-30,agent.connskill.com,https://agent.connskill.com/v1/domain-tech,POST,0x43b85ae58f0a2505c710bc715d6f3eb16b1f63de,True,402,True,True,2,True,True,564,
2026-09-30,agent.connskill.com,https://agent.connskill.com/v1/google-trends,POST,0x43b85ae58f0a2505c710bc715d6f3eb16b1f63de,True,402,True,True,2,True,True,603,
2026-09-30,agent.connskill.com,https://agent.connskill.com/v1/keyword-difficulty,POST,0x43b85ae58f0a2505c710bc715d6f3eb16b1f63de,True,402,True,True,2,True,True,581,
2026-09-30,agent.connskill.com,https://agent.connskill.com/v1/keyword-metrics,POST,0x43b85ae58f0a2505c710bc715d6f3eb16b1f63de,True,402,True,True,2,True,True,536,
2026-09-30,agent.kihustle.tech,https://agent.kihustle.tech/services/json-schema-repair/jobs,POST,0x1c8b3c34dca2ba2a71598f1f9e0bc2a04a0bea36,True,402,True,True,2,True,True,294,
2026-09-30,agent.kihustle.tech,https://agent.kihustle.tech/services/url-preflight/jobs,POST,0x1c8b3c34dca2ba2a71598f1f9e0bc2a04a0bea36,True,402,True,True,2,True,True,673,
2026-09-30,agent.kihustle.tech,https://agent.kihustle.tech/services/x402-endpoint-probe/jobs,POST,0x1c8b3c34dca2ba2a71598f1f9e0bc2a04a0bea36,True,402,True,True,2,True,True,372,
2026-09-30,agent.massive.com,https://agent.massive.com/stocks/filings/vX/13-F,GET,0x525f6ddce9af7a7179d7696aabfcd5fcd15a21e6,True,402,True,True,2,True,True,253,
2026-09-30,agent.massive.com,https://agent.massive.com/stocks/filings/vX/risk-factors,GET,0x525f6ddce9af7a7179d7696aabfcd5fcd15a21e6,True,402,True,True,2,True,True,252,
2026-09-30,agent.massive.com,https://agent.massive.com/v1/indicators/ema/:stockTicker,GET,0x525f6ddce9af7a7179d7696aabfcd5fcd15a21e6,True,402,True,True,2,True,True,241,
2026-09-30,agent.massive.com,https://agent.massive.com/v1/open-close/:stocksTicker/:date,GET,0x525f6ddce9af7a7179d7696aabfcd5fcd15a21e6,True,402,True,True,2,True,True,280,
2026-09-30,agent.massive.com,https://agent.massive.com/v2/snapshot/locale/us/markets/stocks/:direction,GET,0x525f6ddce9af7a7179d7696aabfcd5fcd15a21e6,True,402,True,True,2,True,True,255,
2026-09-30,agent.memoryapi.org,https://agent.memoryapi.org/x402/erc8004/agent,GET,0x24facafeb49b4e3facf0b3e69604a2f4640c9bf2,True,402,True,True,2,True,True,376,
2026-09-30,agent.memoryapi.org,https://agent.memoryapi.org/x402/erc8004/browse,GET,0x24facafeb49b4e3facf0b3e69604a2f4640c9bf2,True,402,True,True,2,True,True,298,
2026-09-30,agent.pocket.network,https://agent.pocket.network/v1/fund-etf-holdings,POST,0xf732ea490c5766071785a2310523f7fa2cebb829,True,402,True,True,2,True,True,750,
2026-09-30,agent.pocket.network,https://agent.pocket.network/v1/sei,POST,0xf732ea490c5766071785a2310523f7fa2cebb829,True,402,True,True,2,True,True,808,
2026-09-30,agent.pocket.network,https://agent.pocket.network/v1/sentiment-classification,POST,0xf732ea490c5766071785a2310523f7fa2cebb829,True,402,True,True,2,True,True,753,
2026-09-30,agent.pocket.network,https://agent.pocket.network/v1/structured-extraction,POST,0xf732ea490c5766071785a2310523f7fa2cebb829,True,402,True,True,2,True,True,733,
2026-09-30,agent.pocket.network,https://agent.pocket.network/v1/structured-web-extraction,POST,0xf732ea490c5766071785a2310523f7fa2cebb829,True,402,True,True,2,True,True,726,
2026-09-30,agent.prh.news,https://agent.prh.news/v1/check,POST,0xd6dd152a8a9c8d4a77006373253d5b5bb4022b61,True,402,True,True,2,True,True,377,
2026-09-30,agent402.tools,https://agent402.tools/api/cert-transparency,POST,0xabf4fabd7c416fb67202e5f9002389fc75e2a9d0,True,402,True,True,2,True,True,252,
2026-09-30,agent402.tools,https://agent402.tools/api/defi-chains,POST,0xabf4fabd7c416fb67202e5f9002389fc75e2a9d0,True,402,True,True,2,True,True,95,
2026-09-30,agent402.tools,https://agent402.tools/api/perp-open-interest,POST,0xabf4fabd7c416fb67202e5f9002389fc75e2a9d0,True,402,True,True,2,True,True,76,
2026-09-30,agent402.tools,https://agent402.tools/api/route/execute,POST,0x77065d81e18ad403bcd6e9a0616b288e16744121,True,402,True,True,2,True,True,87,
2026-09-30,agent402.tools,https://agent402.tools/api/route/execute-max,POST,0x77065d81e18ad403bcd6e9a0616b288e16744121,True,402,True,True,2,True,True,82,
2026-09-30,agent402.tools,https://agent402.tools/api/route/execute-plus,POST,0x77065d81e18ad403bcd6e9a0616b288e16744121,True,402,True,True,2,True,True,113,
2026-09-30,agent402.tools,https://agent402.tools/api/route/execute-pro,POST,0x77065d81e18ad403bcd6e9a0616b288e16744121,True,402,True,True,2,True,True,83,
2026-09-30,agent402.tools,https://agent402.tools/api/seller-dossier,POST,0xabf4fabd7c416fb67202e5f9002389fc75e2a9d0,True,402,True,True,2,True,True,72,
2026-09-30,agent402.tools,https://agent402.tools/api/x-user,POST,0xabf4fabd7c416fb67202e5f9002389fc75e2a9d0,True,402,True,True,2,True,True,71,
2026-09-30,agentbit.app,https://agentbit.app/v1/content/summarize,POST,0x4395c7e383b7e05665aad7f36ed77c01923dd965,True,402,True,True,2,True,True,816,
2026-09-30,agentbit.app,https://agentbit.app/v1/defi/price,POST,0x4395c7e383b7e05665aad7f36ed77c01923dd965,True,402,True,True,2,True,True,832,
2026-09-30,agentbit.app,https://agentbit.app/v1/hash/sha512,POST,0x4395c7e383b7e05665aad7f36ed77c01923dd965,True,402,True,True,2,True,True,797,
2026-09-30,agentbit.app,https://agentbit.app/v1/memory,POST,0x4395c7e383b7e05665aad7f36ed77c01923dd965,True,402,True,True,2,True,True,1099,
2026-09-30,agentbit.app,https://agentbit.app/v1/onchain/read,POST,0x4395c7e383b7e05665aad7f36ed77c01923dd965,True,402,True,True,2,True,True,810,
2026-09-30,agentcash-fortune-demo-six.vercel.app,https://agentcash-fortune-demo-six.vercel.app/api/fortune,POST,0x0d083590c048a243e24a75e3a7c968145de25b44,True,402,True,True,2,True,True,202,
2026-09-30,agentdata-api.sander-van-aard.workers.dev,https://agentdata-api.sander-van-aard.workers.dev/crypto/scan,POST,0xb0ae6a9bd7a573ddda58db6c28622417e8ca2099,True,402,True,True,2,True,True,105,
2026-09-30,agentdata-api.sander-van-aard.workers.dev,https://agentdata-api.sander-van-aard.workers.dev/crypto/track-record,POST,0xb0ae6a9bd7a573ddda58db6c28622417e8ca2099,True,402,True,True,2,True,True,213,
2026-09-30,agentdata-api.sander-van-aard.workers.dev,https://agentdata-api.sander-van-aard.workers.dev/cz/company,POST,0xb0ae6a9bd7a573ddda58db6c28622417e8ca2099,True,400,True,False,,,,89,
2026-09-30,agentdata-api.sander-van-aard.workers.dev,https://agentdata-api.sander-van-aard.workers.dev/nl/supplier-screen,POST,0xb0ae6a9bd7a573ddda58db6c28622417e8ca2099,True,400,True,False,,,,138,
2026-09-30,agentdata-api.sander-van-aard.workers.dev,https://agentdata-api.sander-van-aard.workers.dev/no/company,POST,0xb0ae6a9bd7a573ddda58db6c28622417e8ca2099,True,400,True,False,,,,172,
2026-09-30,agentdataapi.onrender.com,https://agentdataapi.onrender.com/archive/page,GET,0x506c3995cb7b9bb6ea4d2f95e1e43461b74c9aff,True,402,True,True,2,True,True,175,
2026-09-30,agentdataapi.onrender.com,https://agentdataapi.onrender.com/archive/work,GET,0x506c3995cb7b9bb6ea4d2f95e1e43461b74c9aff,True,402,True,True,2,True,True,137,
2026-09-30,agentdataapi.onrender.com,https://agentdataapi.onrender.com/events,GET,0x506c3995cb7b9bb6ea4d2f95e1e43461b74c9aff,True,402,True,True,2,True,True,117,
2026-09-30,agentdataapi.onrender.com,https://agentdataapi.onrender.com/launches,GET,0x506c3995cb7b9bb6ea4d2f95e1e43461b74c9aff,True,402,True,True,2,True,True,179,
2026-09-30,agente.revenuerecoveryai.app,https://agente.revenuerecoveryai.app/v1/seo/audit/deep,POST,0x464374fb066f08273740e99ad5c07b92d8ac665f,True,402,True,True,2,True,True,296,
2026-09-30,agente.revenuerecoveryai.app,https://agente.revenuerecoveryai.app/v1/web/brief,POST,0x464374fb066f08273740e99ad5c07b92d8ac665f,True,402,True,True,2,True,True,288,
2026-09-30,agente.revenuerecoveryai.app,https://agente.revenuerecoveryai.app/v1/web/brief/deep,POST,0x464374fb066f08273740e99ad5c07b92d8ac665f,True,402,True,True,2,True,True,292,
2026-09-30,agente.revenuerecoveryai.app,https://agente.revenuerecoveryai.app/v1/web/verify,POST,0x464374fb066f08273740e99ad5c07b92d8ac665f,True,402,True,True,2,True,True,360,
2026-09-30,agente.revenuerecoveryai.app,https://agente.revenuerecoveryai.app/v1/x402/diagnose,POST,0x464374fb066f08273740e99ad5c07b92d8ac665f,True,402,True,True,2,True,True,285,
2026-09-30,agentforge-production-0893.up.railway.app,https://agentforge-production-0893.up.railway.app/v1/discover/intel/labels/:address,GET,0x56cfdcc1ab02e027a11ebced1b884351ea6467ca,True,401,True,False,,,,171,
2026-09-30,agentforge-production-0893.up.railway.app,https://agentforge-production-0893.up.railway.app/v1/discover/memory,POST,0x56cfdcc1ab02e027a11ebced1b884351ea6467ca,True,402,True,True,2,True,True,157,
2026-09-30,agentic-reservations.vercel.app,https://agentic-reservations.vercel.app/api/wait-times,GET,0x66717045858d9f598e2ebd046bf42a0b1063c0fa,True,402,True,True,2,True,True,223,
2026-09-30,agentpay.tools,https://agentpay.tools/tools/pre_trade_check/call,POST,0xe8b25a72dd6aef69515452a61ad231c7df2843b7,True,402,True,True,2,True,True,322,
2026-09-30,agentpay.tools,https://agentpay.tools/tools/verified_route/call,POST,0xe8b25a72dd6aef69515452a61ad231c7df2843b7,True,402,True,True,2,True,True,360,
2026-09-30,agentpay.tools,https://agentpay.tools/v1/session/create,POST,0xe8b25a72dd6aef69515452a61ad231c7df2843b7,True,402,True,True,2,True,True,322,
2026-09-30,agentpaystore.com,https://agentpaystore.com/agentic-arena/starship/api/entry,POST,0x367f1b3d8ca90d1e087481a9a40d585bf3451a03,True,402,True,True,2,True,True,217,
2026-09-30,agentpaystore.com,https://agentpaystore.com/frostbyte/api/query,POST,0x367f1b3d8ca90d1e087481a9a40d585bf3451a03,True,402,True,True,2,True,True,222,
2026-09-30,agentpaystore.com,https://agentpaystore.com/trek/api/query,POST,0x367f1b3d8ca90d1e087481a9a40d585bf3451a03,True,402,True,True,2,True,True,218,
2026-09-30,agentpaystore.com,https://agentpaystore.com/weldcore/api/query,POST,0x367f1b3d8ca90d1e087481a9a40d585bf3451a03,True,402,True,True,2,True,True,327,
2026-09-30,agentreader.dev,https://agentreader.dev/extract,POST,0x88096b3da9f45b8f923458e6cef69fc0a5be3cae,True,402,True,True,2,True,True,584,
2026-09-30,agentreader.dev,https://agentreader.dev/feed,GET,0x88096b3da9f45b8f923458e6cef69fc0a5be3cae,True,402,True,True,2,True,True,788,
2026-09-30,agentreader.dev,https://agentreader.dev/pdf,GET,0x88096b3da9f45b8f923458e6cef69fc0a5be3cae,True,402,True,True,2,True,True,847,
2026-09-30,agentreader.dev,https://agentreader.dev/screenshot,GET,0x88096b3da9f45b8f923458e6cef69fc0a5be3cae,True,402,True,True,2,True,True,826,
2026-09-30,agentreader.dev,https://agentreader.dev/trust,GET,0x88096b3da9f45b8f923458e6cef69fc0a5be3cae,True,402,True,True,2,True,True,113,
2026-09-30,agentres.dev,https://agentres.dev/api/book,POST,0x66717045858d9f598e2ebd046bf42a0b1063c0fa,True,402,True,True,2,True,True,217,
2026-09-30,agentres.dev,https://agentres.dev/api/discover/restaurants,GET,0x66717045858d9f598e2ebd046bf42a0b1063c0fa,True,402,True,True,2,True,True,288,
2026-09-30,agentres.dev,https://agentres.dev/api/discover/restaurants/probe,GET,0x66717045858d9f598e2ebd046bf42a0b1063c0fa,True,402,True,True,2,True,True,215,
2026-09-30,agentresolver.vercel.app,https://agentresolver.vercel.app/api/x402-cdp-canary,GET,0x66e19457ffc829e8ed74706f5c1399c6f6466de8,True,402,True,True,2,True,True,808,
2026-09-30,agents.ai-rook.com,https://agents.ai-rook.com/api/classify,POST,0xd5f96558fcb1f127c77c7d95eea067f526d08618,True,400,True,False,,,,321,
2026-09-30,agents.ai-rook.com,https://agents.ai-rook.com/api/email-validate,POST,0xd5f96558fcb1f127c77c7d95eea067f526d08618,True,400,True,False,,,,317,
2026-09-30,agents.ai-rook.com,https://agents.ai-rook.com/api/market-pulse,GET,0xd5f96558fcb1f127c77c7d95eea067f526d08618,True,200,True,False,,,,712,
2026-09-30,agents.ai-rook.com,https://agents.ai-rook.com/api/order-flow,GET,0xd5f96558fcb1f127c77c7d95eea067f526d08618,True,503,True,False,,,,330,
2026-09-30,agents.ai-rook.com,https://agents.ai-rook.com/api/qr-generate,POST,0xd5f96558fcb1f127c77c7d95eea067f526d08618,True,400,True,False,,,,309,
2026-09-30,agents.chain.link,https://agents.chain.link/v1/operations/:operationId/submit,POST,0x158e90dd58fbe897ed8c244f472febee37283d00,True,402,True,True,2,True,True,244,
2026-09-30,agents.chain.link,https://agents.chain.link/v1/operations/:workflowName,POST,0x158e90dd58fbe897ed8c244f472febee37283d00,True,404,True,False,,,,170,
2026-09-30,agents.chain.link,https://agents.chain.link/v1/register,POST,0x158e90dd58fbe897ed8c244f472febee37283d00,True,402,True,True,2,True,True,180,
2026-09-30,agents.daedalusdevelopmentgroup.com,https://agents.daedalusdevelopmentgroup.com/v1/dns-lookup,POST,0x8afbd522f8a16bea184b41c593b8925a66830bc6,True,402,True,True,2,True,True,386,
2026-09-30,agents.daedalusdevelopmentgroup.com,https://agents.daedalusdevelopmentgroup.com/v1/ethereum/rpc,POST,0x8afbd522f8a16bea184b41c593b8925a66830bc6,True,402,True,True,2,True,True,2998,
2026-09-30,agents.daedalusdevelopmentgroup.com,https://agents.daedalusdevelopmentgroup.com/v1/prompt-injection-red-team,POST,0x8afbd522f8a16bea184b41c593b8925a66830bc6,True,402,True,True,2,True,True,404,
2026-09-30,agents.daedalusdevelopmentgroup.com,https://agents.daedalusdevelopmentgroup.com/v1/sla/monitor,POST,0x8afbd522f8a16bea184b41c593b8925a66830bc6,True,402,True,True,2,True,True,758,
2026-09-30,agents.daedalusdevelopmentgroup.com,https://agents.daedalusdevelopmentgroup.com/v1/whois-lookup,POST,0x8afbd522f8a16bea184b41c593b8925a66830bc6,True,402,True,True,2,True,True,752,
2026-09-30,agents.dexl.io,https://agents.dexl.io/v1/marketplace/probe,POST,0x820d61a720963fab63ab6e0aef4d1779eb42f6bb,True,402,True,True,2,True,True,772,
2026-09-30,agents.dexl.io,https://agents.dexl.io/v1/tools/classify-text,POST,0x820d61a720963fab63ab6e0aef4d1779eb42f6bb,True,402,True,True,2,True,True,1687,
2026-09-30,agents.dexl.io,https://agents.dexl.io/v1/tools/grid-fuel-mix,POST,0x820d61a720963fab63ab6e0aef4d1779eb42f6bb,True,402,True,True,2,True,True,1479,
2026-09-30,agents.dexl.io,https://agents.dexl.io/v1/tools/sanctions-screen,POST,0x820d61a720963fab63ab6e0aef4d1779eb42f6bb,True,402,True,True,2,True,True,1133,
2026-09-30,agents.dexl.io,https://agents.dexl.io/v1/tools/web-search,POST,0x820d61a720963fab63ab6e0aef4d1779eb42f6bb,True,402,True,True,2,True,True,1133,
2026-09-30,agents.driftflight.com,https://agents.driftflight.com/v1/images/generate,POST,0x00acee6cd97a308ace9a3fe7da90664bfa9b6d21,True,402,True,True,2,True,True,343,
2026-09-30,agents.dubbleblack.com,https://agents.dubbleblack.com/api/agent/evidence,POST,0x8c69b13769ca7033145cedbf463a7fe1368537d1,True,402,True,True,2,True,True,507,
2026-09-30,agents.forwardlane.com,https://agents.forwardlane.com/api/graph,GET,0x771e9b2cc7013b903d76a7b98bbb16e6ab9199f2,True,402,True,True,2,True,True,395,
2026-09-30,agents.forwardlane.com,https://agents.forwardlane.com/api/search/hybrid,GET,0x771e9b2cc7013b903d76a7b98bbb16e6ab9199f2,True,402,True,True,2,True,True,731,
2026-09-30,agents.machina.gg,https://agents.machina.gg/world-cup/v1/get-event-context,POST,0x348ac9e3b010ba2300ba9a7bcfe5ae592b9fcfaa,True,402,True,True,2,True,True,258,
2026-09-30,agents.machina.gg,https://agents.machina.gg/world-cup/v1/get-player-performance-context,POST,0x348ac9e3b010ba2300ba9a7bcfe5ae592b9fcfaa,True,402,True,True,2,True,True,338,
2026-09-30,agents.machina.gg,https://agents.machina.gg/world-cup/v1/get-standings,POST,0x348ac9e3b010ba2300ba9a7bcfe5ae592b9fcfaa,True,402,True,True,2,True,True,274,
2026-09-30,agents.machina.gg,https://agents.machina.gg/world-cup/v1/skills/player-spotlight,POST,0x348ac9e3b010ba2300ba9a7bcfe5ae592b9fcfaa,True,402,True,True,2,True,True,352,
2026-09-30,agents.nibiashara.biz,https://agents.nibiashara.biz/api/fx/USD-KES,GET,0x403b72e2edbc9db738e09d3064a6a54f8a027055,True,402,True,True,2,True,True,347,
2026-09-30,agents.nibiashara.biz,https://agents.nibiashara.biz/shelf/fx-africa-daily-brief,GET,0x403b72e2edbc9db738e09d3064a6a54f8a027055,True,402,True,True,2,True,True,553,
2026-09-30,agents.nibiashara.biz,https://agents.nibiashara.biz/shelf/fx-official,GET,0x403b72e2edbc9db738e09d3064a6a54f8a027055,True,402,True,True,2,True,True,1010,
2026-09-30,agents.nibiashara.biz,https://agents.nibiashara.biz/shelf/fx-official-all,GET,0x403b72e2edbc9db738e09d3064a6a54f8a027055,True,402,True,True,2,True,True,715,
2026-09-30,agents.rtrvr.ai,https://agents.rtrvr.ai/scrape,POST,0xd4e4192495bea3101309c00c3be523fd19313d87,True,402,True,True,2,True,True,475,
2026-09-30,agents.thirdmade.net,https://agents.thirdmade.net/scrape,GET,0x315708415764b7f2b783714ce82cf9c628e33fcf,True,402,True,True,2,True,True,396,
2026-09-30,agents.withzero.xyz,https://agents.withzero.xyz/api/v1/crustdata/person/search/autocomplete,POST,0x9811c0900fcb719bbc363a3846d2d6db2771dea8,True,402,True,True,2,True,True,344,
2026-09-30,agents.withzero.xyz,https://agents.withzero.xyz/api/v1/image/images/grok-imagine,POST,0x9811c0900fcb719bbc363a3846d2d6db2771dea8,True,402,True,True,2,True,True,345,
2026-09-30,agents.withzero.xyz,https://agents.withzero.xyz/api/v1/pipe0/company/identity,POST,0x9811c0900fcb719bbc363a3846d2d6db2771dea8,True,402,True,True,2,True,True,436,
2026-09-30,agents.withzero.xyz,https://agents.withzero.xyz/api/v1/pixelart/canvas/import,POST,0x9811c0900fcb719bbc363a3846d2d6db2771dea8,True,402,True,True,2,True,True,511,
2026-09-30,agents.x402stock.xyz,https://agents.x402stock.xyz/api/v1/aggregates/:ticker,GET,0xfdb4b511f6ae1f270776e500b3360217d5e7ed03,True,402,True,True,2,True,True,595,
2026-09-30,agents.x402stock.xyz,https://agents.x402stock.xyz/api/v1/archive/:feed,GET,0xfdb4b511f6ae1f270776e500b3360217d5e7ed03,True,402,True,True,2,True,True,414,
2026-09-30,agents.x402stock.xyz,https://agents.x402stock.xyz/api/v1/fda/shortages,GET,0xfdb4b511f6ae1f270776e500b3360217d5e7ed03,True,402,True,True,2,True,True,446,
2026-09-30,agents.x402stock.xyz,https://agents.x402stock.xyz/api/v1/fear-greed/history,GET,0xfdb4b511f6ae1f270776e500b3360217d5e7ed03,True,402,True,True,2,True,True,590,
2026-09-30,agents.x402stock.xyz,https://agents.x402stock.xyz/api/v1/losers,GET,0xfdb4b511f6ae1f270776e500b3360217d5e7ed03,True,402,True,True,2,True,True,426,
2026-09-30,agentservices.to,https://agentservices.to/v1/calls,POST,0x9863ab6242663fcc84c33632741711db78f8fd15,True,402,True,True,2,True,True,162,
2026-09-30,agentservices.to,https://agentservices.to/v1/indicators/eth,GET,0x9863ab6242663fcc84c33632741711db78f8fd15,True,402,True,True,2,True,True,284,
2026-09-30,agentservices.to,https://agentservices.to/v1/indicators/eth/,GET,0x9863ab6242663fcc84c33632741711db78f8fd15,True,402,True,True,2,True,True,188,
2026-09-30,agentservices.to,https://agentservices.to/v1/metadata,GET,0x9863ab6242663fcc84c33632741711db78f8fd15,True,402,True,True,2,True,True,178,
2026-09-30,agenttoll.app,https://agenttoll.app/api/base/radar/history,GET,0xe55359021a6a22d8385b827405991c56075f56f8,True,402,True,True,2,True,True,545,
2026-09-30,agenttoll.app,https://agenttoll.app/api/base/scout,GET,0xe55359021a6a22d8385b827405991c56075f56f8,True,402,True,True,2,True,True,539,
2026-09-30,agenttoll.app,https://agenttoll.app/api/brief,GET,0xe55359021a6a22d8385b827405991c56075f56f8,True,402,True,True,2,True,True,550,
2026-09-30,agenttoll.app,https://agenttoll.app/api/try/spread,GET,0xe55359021a6a22d8385b827405991c56075f56f8,True,402,True,True,2,True,True,744,
2026-09-30,agenttoll.app,https://agenttoll.app/api/watch/radar,GET,0xe55359021a6a22d8385b827405991c56075f56f8,True,402,True,True,2,True,True,543,
2026-09-30,agenttoll.dev,https://agenttoll.dev/paid/finance/token-stock-quote,POST,0x62a0d3d9df0de8804983009949c714eaeafd87f1,True,402,True,True,2,True,True,1933,
2026-09-30,agenttoll.dev,https://agenttoll.dev/paid/polymarket/trending,POST,0x62a0d3d9df0de8804983009949c714eaeafd87f1,True,402,True,True,2,True,True,1405,
2026-09-30,agentum.lat,https://agentum.lat/antt-regularidade-cdp,GET,0xb4f9061e3a6a5533431336506b34e1035029599f,True,402,True,True,2,True,True,263,
2026-09-30,agentum.lat,https://agentum.lat/business-intelligence-cdp,POST,0xb4f9061e3a6a5533431336506b34e1035029599f,True,402,True,True,2,True,True,284,
2026-09-30,agentum.lat,https://agentum.lat/ofac-cdp,GET,0xb4f9061e3a6a5533431336506b34e1035029599f,True,402,True,True,2,True,True,299,
2026-09-30,agentum.lat,https://agentum.lat/taxas-brasil-cdp,GET,0xb4f9061e3a6a5533431336506b34e1035029599f,True,402,True,True,2,True,True,275,
2026-09-30,agentum.lat,https://agentum.lat/verificar-cnpj-cdp,GET,0xb4f9061e3a6a5533431336506b34e1035029599f,True,402,True,True,2,True,True,271,
2026-09-30,agentworld.me,https://agentworld.me/api/data/social-graph,GET,0x367f1b3d8ca90d1e087481a9a40d585bf3451a03,True,402,True,True,2,True,True,225,
2026-09-30,agi.apify.com,https://agi.apify.com/protocols/x402/prepaid-tokens,GET,0x4aabe17c239ef71c3a26ba7c2b3e0aebbfc1df26,True,402,True,True,2,True,True,297,
2026-09-30,ai-data-marketplace-1042299154756.us-central1.run.app,https://ai-data-marketplace-1042299154756.us-central1.run.app/api/v1/evm_block_number,GET,0x8647f7d7a1368a467ad1ff757fbc2e7167973558,True,402,True,True,2,True,True,128,
2026-09-30,ai-data-marketplace-1042299154756.us-central1.run.app,https://ai-data-marketplace-1042299154756.us-central1.run.app/api/v1/stock_quotes,GET,0x8647f7d7a1368a467ad1ff757fbc2e7167973558,True,402,True,True,2,True,True,157,
2026-09-30,ai-data-marketplace-1042299154756.us-central1.run.app,https://ai-data-marketplace-1042299154756.us-central1.run.app/api/v1/url_metadata,GET,0x8647f7d7a1368a467ad1ff757fbc2e7167973558,True,402,True,True,2,True,True,168,
2026-09-30,ai-data-marketplace-1042299154756.us-central1.run.app,https://ai-data-marketplace-1042299154756.us-central1.run.app/api/v1/wallet_portfolio,GET,0x8647f7d7a1368a467ad1ff757fbc2e7167973558,True,402,True,True,2,True,True,125,
2026-09-30,ai-data-marketplace-1042299154756.us-central1.run.app,https://ai-data-marketplace-1042299154756.us-central1.run.app/api/v1/whale_alerts,GET,0x8647f7d7a1368a467ad1ff757fbc2e7167973558,True,402,True,True,2,True,True,1214,
2026-09-30,aiagentoracle.ai,https://aiagentoracle.ai/api/v1/execution/quote,POST,0x2fecabdfc849c76fdc28ca13aa0ab392753ef35c,True,400,True,False,,,,156,
2026-09-30,aiagentoracle.ai,https://aiagentoracle.ai/api/v1/risk/token/:address,GET,0x2fecabdfc849c76fdc28ca13aa0ab392753ef35c,True,400,True,False,,,,161,
2026-09-30,aiagentoracle.ai,https://aiagentoracle.ai/api/v1/settlement/:hash,GET,0x2fecabdfc849c76fdc28ca13aa0ab392753ef35c,True,402,True,True,2,True,True,235,
2026-09-30,aiagentoracle.ai,https://aiagentoracle.ai/api/v1/stablecoin/:symbol,GET,0x2fecabdfc849c76fdc28ca13aa0ab392753ef35c,True,400,True,False,,,,214,
2026-09-30,aiagentoracle.ai,https://aiagentoracle.ai/api/v1/stablecoin/best,GET,0x2fecabdfc849c76fdc28ca13aa0ab392753ef35c,True,402,True,True,2,True,True,269,
2026-09-30,allowance.schemasure.com,https://allowance.schemasure.com/v1/guard/allowance,POST,0x9876af0f6d8ed5155cd02d1ca56d128601612690,True,402,True,True,2,True,True,203,
2026-09-30,amoraw.xyz,https://amoraw.xyz/caip,POST,0x98e83fbcb5f8fb8414acd0aeeb93160046b65666,True,402,True,True,2,True,True,323,
2026-09-30,anansidata.xyz,https://anansidata.xyz/paid/intel/model-advisor,GET,0x6d7a2d65b26a87134c0571fb1baaa248eb0a291b,True,402,True,True,2,True,True,326,
2026-09-30,animica.dev,https://animica.dev/x402/execute,POST,0x5d17c40fd6b119dc6006c4ab3c20a917fcab2acd,True,402,True,True,2,True,True,369,
2026-09-30,animica.dev,https://animica.dev/x402/oracle/price,GET,0x5d17c40fd6b119dc6006c4ab3c20a917fcab2acd,True,402,True,True,2,False,True,223,
2026-09-30,anomaly.forgemesh.io,https://anomaly.forgemesh.io/api/depeg-monitor,GET,0xe295b6641b32998537ae0f8e61babf729eaed6e5,True,402,True,True,2,True,True,319,
2026-09-30,anomaly.forgemesh.io,https://anomaly.forgemesh.io/api/mempool-anomaly,GET,0xe295b6641b32998537ae0f8e61babf729eaed6e5,True,402,True,True,2,True,True,178,
2026-09-30,anomaly.forgemesh.io,https://anomaly.forgemesh.io/api/sequence-anomaly/status,GET,0xe295b6641b32998537ae0f8e61babf729eaed6e5,True,402,True,True,2,True,True,356,
2026-09-30,anomaly.forgemesh.io,https://anomaly.forgemesh.io/api/squawk-alerts,GET,0xe295b6641b32998537ae0f8e61babf729eaed6e5,True,402,True,True,2,True,True,193,
2026-09-30,anywaypossible.com,https://anywaypossible.com/api/base-balance,POST,0xe5690d37805107c56f6195e65a262b234e0e5e75,True,402,True,True,2,True,True,886,
2026-09-30,anywaypossible.com,https://anywaypossible.com/api/batch,POST,0xe5690d37805107c56f6195e65a262b234e0e5e75,True,400,True,False,,,,582,
2026-09-30,anywaypossible.com,https://anywaypossible.com/api/merchant-audit,POST,0xe5690d37805107c56f6195e65a262b234e0e5e75,True,402,True,True,2,True,True,734,
2026-09-30,anywaypossible.com,https://anywaypossible.com/api/merchant-snapshot,POST,0xe5690d37805107c56f6195e65a262b234e0e5e75,True,402,True,True,2,True,True,674,
2026-09-30,anywaypossible.com,https://anywaypossible.com/api/payment-guard,POST,0xe5690d37805107c56f6195e65a262b234e0e5e75,True,402,True,True,2,True,True,890,
2026-09-30,apexfaucet.xyz,https://apexfaucet.xyz/api/x402/arc-agent-market,GET,0xd334ab5151c624cada654854e2879903dc4217ed,True,402,True,True,2,True,True,271,
2026-09-30,apexfaucet.xyz,https://apexfaucet.xyz/api/x402/exit-check/:mint,GET,0xd334ab5151c624cada654854e2879903dc4217ed,True,402,True,True,2,True,True,605,
2026-09-30,apexfaucet.xyz,https://apexfaucet.xyz/api/x402/holders/:mint,GET,0xd334ab5151c624cada654854e2879903dc4217ed,True,402,True,True,2,True,True,260,
2026-09-30,apexfaucet.xyz,https://apexfaucet.xyz/api/x402/trades/:mint,GET,0xd334ab5151c624cada654854e2879903dc4217ed,True,402,True,True,2,True,True,554,
2026-09-30,apexfaucet.xyz,https://apexfaucet.xyz/api/x402/x1-payment,GET,0xd334ab5151c624cada654854e2879903dc4217ed,True,402,True,True,2,True,True,592,
2026-09-30,apexrunner.ai,https://apexrunner.ai/signals/execution-window-optimizer,GET,0x8d0663bbb967ebf1c047405a888ddf865f3e8854,True,402,True,True,2,True,True,351,
2026-09-30,apexrunner.ai,https://apexrunner.ai/signals/liquidation-magnet,GET,0x8d0663bbb967ebf1c047405a888ddf865f3e8854,True,402,True,True,2,True,True,263,
2026-09-30,apexrunner.ai,https://apexrunner.ai/signals/momentum-status,GET,0x8d0663bbb967ebf1c047405a888ddf865f3e8854,True,402,True,True,2,True,True,262,
2026-09-30,apexrunner.ai,https://apexrunner.ai/signals/regime,GET,0x8d0663bbb967ebf1c047405a888ddf865f3e8854,True,402,True,True,2,True,True,267,
2026-09-30,apexrunner.ai,https://apexrunner.ai/signals/regime-transition,GET,0x8d0663bbb967ebf1c047405a888ddf865f3e8854,True,402,True,True,2,True,True,272,
2026-09-30,api-dev-v2.ixs.finance,https://api-dev-v2.ixs.finance/x402/vaults,GET,0xe341add833f9d62082e97ea260baa6546cd09f73,True,402,True,True,2,True,True,746,
2026-09-30,api-macro-br-production.up.railway.app,https://api-macro-br-production.up.railway.app/v1/cdi,GET,0x61195a8af1f72350d85790f6edfd5d11d1fa02db,True,402,True,True,2,True,True,82,
2026-09-30,api-macro-br-production.up.railway.app,https://api-macro-br-production.up.railway.app/v1/ipca,GET,0x61195a8af1f72350d85790f6edfd5d11d1fa02db,True,402,True,True,2,True,True,115,
2026-09-30,api-macro-br-production.up.railway.app,https://api-macro-br-production.up.railway.app/v1/ptax,GET,0x61195a8af1f72350d85790f6edfd5d11d1fa02db,True,402,True,True,2,True,True,80,
2026-09-30,api-macro-br-production.up.railway.app,https://api-macro-br-production.up.railway.app/v1/resumo,GET,0x61195a8af1f72350d85790f6edfd5d11d1fa02db,True,402,True,True,2,True,True,83,
2026-09-30,api-macro-br-production.up.railway.app,https://api-macro-br-production.up.railway.app/v1/selic,GET,0x61195a8af1f72350d85790f6edfd5d11d1fa02db,True,402,True,True,2,True,True,91,
2026-09-30,api-onchain.optimai.network,https://api-onchain.optimai.network/external/v1/x402/search,POST,0x98c67dfad5f7d70e2782521cd09bb80f560ea2c3,True,400,True,False,,,,356,
2026-09-30,api-v2.ixs.finance,https://api-v2.ixs.finance/x402/vaults,GET,0xe341add833f9d62082e97ea260baa6546cd09f73,True,402,True,True,2,True,True,759,
2026-09-30,api.24klabs.ai,https://api.24klabs.ai/api/unit-convert,POST,0xe73d86f185be79a33b0318d881b71f2a24371114,True,402,True,True,2,True,True,264,
2026-09-30,api.24klabs.ai,https://api.24klabs.ai/api/v1/base64-hex-codec,POST,0xe73d86f185be79a33b0318d881b71f2a24371114,True,402,True,True,2,True,True,234,
2026-09-30,api.24klabs.ai,https://api.24klabs.ai/api/v1/uuid-ulid-gen,POST,0xe73d86f185be79a33b0318d881b71f2a24371114,True,402,True,True,2,True,True,230,
2026-09-30,api.24klabs.ai,https://api.24klabs.ai/api/weather-current,POST,0xe73d86f185be79a33b0318d881b71f2a24371114,True,402,True,True,2,True,True,198,
2026-09-30,api.24klabs.ai,https://api.24klabs.ai/api/weather-forecast,POST,0xe73d86f185be79a33b0318d881b71f2a24371114,True,402,True,True,2,True,True,255,
2026-09-30,api.3route.io,https://api.3route.io/v1/:chainId/quote,GET,0x5d89060682fce50ecaa7600af6a5645bd2b107eb,True,404,True,False,,,,592,
2026-09-30,api.3route.io,https://api.3route.io/v1/:chainId/swap,GET,0x5d89060682fce50ecaa7600af6a5645bd2b107eb,True,404,True,False,,,,592,
2026-09-30,api.3route.io,https://api.3route.io/v1/pro/:chainId/quote,GET,0x5d89060682fce50ecaa7600af6a5645bd2b107eb,True,404,True,False,,,,786,
2026-09-30,api.3route.io,https://api.3route.io/v1/pro/:chainId/swap,GET,0x5d89060682fce50ecaa7600af6a5645bd2b107eb,True,404,True,False,,,,594,
2026-09-30,api.402rates.com,https://api.402rates.com/v1/ping,GET,0xf567cfe0fdb87a1d6ca330e3f30f0d3da0f7cb98,True,402,True,True,2,True,True,520,
2026-09-30,api.402rates.com,https://api.402rates.com/v1/rwa/yields,GET,0xf567cfe0fdb87a1d6ca330e3f30f0d3da0f7cb98,True,402,True,True,2,True,True,502,
2026-09-30,api.402rates.com,https://api.402rates.com/v1/settlement/costs,GET,0xf567cfe0fdb87a1d6ca330e3f30f0d3da0f7cb98,True,402,True,True,2,True,True,583,
2026-09-30,api.agentfeeds.jp,https://api.agentfeeds.jp/v1/chain/gas/base,GET,0x67ac1e671e87b2c91847230748ed38a596013ea6,True,402,True,True,2,True,True,472,
2026-09-30,api.agentfeeds.jp,https://api.agentfeeds.jp/v1/dex/wrapped/parity,GET,0x67ac1e671e87b2c91847230748ed38a596013ea6,True,402,True,True,2,True,True,416,
2026-09-30,api.agentfeeds.jp,https://api.agentfeeds.jp/v1/jp/fx/customs_rate,GET,0x67ac1e671e87b2c91847230748ed38a596013ea6,True,402,True,True,2,True,True,453,
2026-09-30,api.agentfeeds.jp,https://api.agentfeeds.jp/v1/reg/events/headlines,GET,0x67ac1e671e87b2c91847230748ed38a596013ea6,True,402,True,True,2,True,True,428,
2026-09-30,api.agentfeeds.jp,https://api.agentfeeds.jp/v1/reg/sanctions/heartbeat,GET,0x67ac1e671e87b2c91847230748ed38a596013ea6,True,402,True,True,2,True,True,203,
2026-09-30,api.agentservices.to,https://api.agentservices.to/v1/fx/,GET,0x9863ab6242663fcc84c33632741711db78f8fd15,True,402,True,True,2,True,True,362,
2026-09-30,api.agentstools.dev,https://api.agentstools.dev/crypto/news,GET,0xf22e558a00d91ee12a1f50c52186fecb8ddff493,True,402,True,True,2,True,True,1129,
2026-09-30,api.agentstools.dev,https://api.agentstools.dev/drug/profile,GET,0xf22e558a00d91ee12a1f50c52186fecb8ddff493,True,402,True,True,2,True,True,624,
2026-09-30,api.agentstools.dev,https://api.agentstools.dev/mining/hashprice,GET,0xf22e558a00d91ee12a1f50c52186fecb8ddff493,True,402,True,True,2,True,True,725,
2026-09-30,api.agentstools.dev,https://api.agentstools.dev/timing/ahr999,GET,0xf22e558a00d91ee12a1f50c52186fecb8ddff493,True,402,True,True,2,True,True,647,
2026-09-30,api.agentstools.dev,https://api.agentstools.dev/wage/prevailing,GET,0xf22e558a00d91ee12a1f50c52186fecb8ddff493,True,402,True,True,2,True,True,601,
2026-09-30,api.aidress.ai,https://api.aidress.ai/pay/agent_agentres_dev,POST,0x66717045858d9f598e2ebd046bf42a0b1063c0fa,True,402,True,True,2,True,True,1096,
2026-09-30,api.aidress.ai,https://api.aidress.ai/pay/agent_api_dev_v2_ixs_finance,GET,0xe341add833f9d62082e97ea260baa6546cd09f73,True,402,True,True,2,True,True,788,
2026-09-30,api.aidress.ai,https://api.aidress.ai/pay/agent_edgar_apitoll_cloud,GET,0x58bdad5e654691ac5ed4631758f3d8da00666b6c,True,402,True,True,2,True,True,1322,
2026-09-30,api.aidress.ai,https://api.aidress.ai/pay/agent_exa_ai,POST,0x6d6e695b09861467c7d462f5aaf31cf3540b9192,True,402,True,True,2,True,True,583,
2026-09-30,api.aidress.ai,https://api.aidress.ai/pay/agent_printmoneylab_com,GET,0xcf9223ece895258dea8d288aebcf846ab8e342fb,True,402,True,True,2,True,True,477,
2026-09-30,api.aidress.ai,https://api.aidress.ai/pay/agent_voidfeed_ai,GET,0x71033ab6ed376a0b53d1826ea632ddfec96b3661,True,402,True,True,2,True,True,1070,
2026-09-30,api.anchor-x402.com,https://api.anchor-x402.com/v1/grade,POST,0x127462e296fac1a7f5cf33ba57bb2f0fff5cd0b6,True,402,True,True,2,True,True,480,
2026-09-30,api.anchor-x402.com,https://api.anchor-x402.com/v1/parse/datetime,POST,0x127462e296fac1a7f5cf33ba57bb2f0fff5cd0b6,True,402,True,True,2,True,True,417,
2026-09-30,api.anchor-x402.com,https://api.anchor-x402.com/v1/roast,POST,0x127462e296fac1a7f5cf33ba57bb2f0fff5cd0b6,True,402,True,True,2,True,True,442,
2026-09-30,api.anchor-x402.com,https://api.anchor-x402.com/v1/screen,POST,0x127462e296fac1a7f5cf33ba57bb2f0fff5cd0b6,True,402,True,True,2,True,True,573,
2026-09-30,api.anchor-x402.com,https://api.anchor-x402.com/v1/tldr,POST,0x127462e296fac1a7f5cf33ba57bb2f0fff5cd0b6,True,402,True,True,2,True,True,492,
2026-09-30,api.apify.com,https://api.apify.com/v2/actors/:actorId/run-sync-get-dataset-items,POST,0x4aabe17c239ef71c3a26ba7c2b3e0aebbfc1df26,True,402,True,True,2,True,True,338,
2026-09-30,api.apify.com,https://api.apify.com/v2/actors/:actorId/runs,POST,0x4aabe17c239ef71c3a26ba7c2b3e0aebbfc1df26,True,402,True,True,2,True,True,283,
2026-09-30,api.apify.com,https://api.apify.com/v2/acts/:actorId/run-sync-get-dataset-items,POST,0x4aabe17c239ef71c3a26ba7c2b3e0aebbfc1df26,True,402,True,True,2,True,True,255,
2026-09-30,api.apify.com,https://api.apify.com/v2/acts/:actorId/runs,POST,0x4aabe17c239ef71c3a26ba7c2b3e0aebbfc1df26,True,402,True,True,2,True,True,261,
2026-09-30,api.aurelianflo.com,https://api.aurelianflo.com/api/ofac-wallet-screen/:address,GET,0x348df429bd49a7506128c74ce1124a81b4b7dc9d,True,402,True,True,2,True,True,259,
2026-09-30,api.aurenic.org,https://api.aurenic.org/dns/:domain,GET,0x594bb80bb2993e5b1b6adf3c94df980d94a54933,True,402,True,True,2,True,True,614,
2026-09-30,api.aurenic.org,https://api.aurenic.org/fx/:from/:to/:amount,GET,0x594bb80bb2993e5b1b6adf3c94df980d94a54933,True,402,True,True,2,True,True,529,
2026-09-30,api.aurenic.org,https://api.aurenic.org/price/:symbol,GET,0x594bb80bb2993e5b1b6adf3c94df980d94a54933,True,402,True,True,2,True,True,558,
2026-09-30,api.aurenic.org,https://api.aurenic.org/summarize/:b64,GET,0x594bb80bb2993e5b1b6adf3c94df980d94a54933,True,402,True,True,2,True,True,531,
2026-09-30,api.aurenic.org,https://api.aurenic.org/treasury/:series,GET,0x594bb80bb2993e5b1b6adf3c94df980d94a54933,True,402,True,True,2,True,True,535,
2026-09-30,api.aventtech.com,https://api.aventtech.com/convert/color,GET,0x5100a134d768415cc4a25d7bdbcfc44394d62282,True,402,True,True,2,True,True,90,
2026-09-30,api.aventtech.com,https://api.aventtech.com/generate/qr,GET,0x5100a134d768415cc4a25d7bdbcfc44394d62282,True,402,True,True,2,True,True,110,
2026-09-30,api.aventtech.com,https://api.aventtech.com/validate/card,GET,0x5100a134d768415cc4a25d7bdbcfc44394d62282,True,402,True,True,2,True,True,259,
2026-09-30,api.aventtech.com,https://api.aventtech.com/validate/gtin,GET,0x5100a134d768415cc4a25d7bdbcfc44394d62282,True,402,True,True,2,True,True,153,
2026-09-30,api.aventtech.com,https://api.aventtech.com/validate/isbn,GET,0x5100a134d768415cc4a25d7bdbcfc44394d62282,True,402,True,True,2,True,True,99,
2026-09-30,api.bitrefill.com,https://api.bitrefill.com/x402/gift-cards/search,GET,0x480cd46e6fade651a0437deadda53d5c8e7d846a,True,402,True,True,2,True,True,630,
2026-09-30,api.bitrefill.com,https://api.bitrefill.com/x402/invoice/create,POST,0x480cd46e6fade651a0437deadda53d5c8e7d846a,True,402,True,True,2,True,True,525,
2026-09-30,api.bitrefill.com,https://api.bitrefill.com/x402/invoice/pay,POST,0x480cd46e6fade651a0437deadda53d5c8e7d846a,True,402,True,True,2,,True,532,
2026-09-30,api.bitrefill.com,https://api.bitrefill.com/x402/invoice/status,GET,0x480cd46e6fade651a0437deadda53d5c8e7d846a,True,402,True,True,2,True,True,265,
2026-09-30,api.bitrefill.com,https://api.bitrefill.com/x402/products/detail,GET,0x480cd46e6fade651a0437deadda53d5c8e7d846a,True,402,True,True,2,True,True,265,
2026-09-30,api.blockscout.com,https://api.blockscout.com/:chain_id/api/v2/addresses/:address_hash_param/logs,GET,0xd441d9f4c59cb26253e2f0a7a62ac9ce7823b4b4,True,402,True,True,2,False,True,232,
2026-09-30,api.blockscout.com,https://api.blockscout.com/:chain_id/api/v2/addresses/:address_hash_param/transactions,GET,0xd441d9f4c59cb26253e2f0a7a62ac9ce7823b4b4,True,402,True,True,2,True,True,229,
2026-09-30,api.blockscout.com,https://api.blockscout.com/:chain_id/api/v2/stats,GET,0xd441d9f4c59cb26253e2f0a7a62ac9ce7823b4b4,True,402,True,True,2,True,True,528,
2026-09-30,api.blockscout.com,https://api.blockscout.com/:chain_id/api/v2/tokens/:address_hash_param/holders,GET,0xd441d9f4c59cb26253e2f0a7a62ac9ce7823b4b4,True,402,True,True,2,True,True,242,
2026-09-30,api.botpay.network,https://api.botpay.network/nft,POST,0x159be9e316bc5fac8ce05aec4eaae46e8f8a4908,True,402,True,True,2,True,True,555,
2026-09-30,api.brazilayer.com,https://api.brazilayer.com/v1/cadeias/cafe_kc,GET,0x3cc1d8ee1dfdfd326c19b0884b8df4b24b623f0c,True,402,True,True,2,True,True,537,
2026-09-30,api.brazilayer.com,https://api.brazilayer.com/v1/cnpj/empresa/:cnpj,GET,0x3cc1d8ee1dfdfd326c19b0884b8df4b24b623f0c,True,402,True,True,2,True,True,757,
2026-09-30,api.brazilayer.com,https://api.brazilayer.com/v1/empresa/enriquecer/:cnpj,GET,0x3cc1d8ee1dfdfd326c19b0884b8df4b24b623f0c,True,402,True,True,2,True,True,566,
2026-09-30,api.brazilayer.com,https://api.brazilayer.com/v1/mercado/cambio,GET,0x3cc1d8ee1dfdfd326c19b0884b8df4b24b623f0c,True,402,True,True,2,True,True,552,
2026-09-30,api.brazilayer.com,https://api.brazilayer.com/v1/mercado/noticias,GET,0x3cc1d8ee1dfdfd326c19b0884b8df4b24b623f0c,True,402,True,True,2,True,True,532,
2026-09-30,api.carbon-cashmere.de,https://api.carbon-cashmere.de/v1/bittensor-derivatives/registration-cost-history,GET,0xf8b2dd46542175ad46e14e6133340e652665f2ee,True,402,True,True,2,True,True,690,
2026-09-30,api.carbon-cashmere.de,https://api.carbon-cashmere.de/v1/btc-derivatives/ordinals-flow,GET,0xf8b2dd46542175ad46e14e6133340e652665f2ee,True,402,True,True,2,True,True,698,
2026-09-30,api.carbon-cashmere.de,https://api.carbon-cashmere.de/v1/kaspa-derivatives/dag-state,GET,0xf8b2dd46542175ad46e14e6133340e652665f2ee,True,402,True,True,2,True,True,699,
2026-09-30,api.carbon-cashmere.de,https://api.carbon-cashmere.de/v1/kaspa-derivatives/fee-estimate,GET,0xf8b2dd46542175ad46e14e6133340e652665f2ee,True,402,True,True,2,True,True,707,
2026-09-30,api.carbon-cashmere.de,https://api.carbon-cashmere.de/v1/kaspa-derivatives/mining-economics,GET,0xf8b2dd46542175ad46e14e6133340e652665f2ee,True,402,True,True,2,True,True,860,
2026-09-30,api.chit402.com,https://api.chit402.com/v1/chat/completions,POST,0x23f713411c30bbd9a989c9cbc22eb0b55f7f7334,True,402,True,True,2,True,True,532,
2026-09-30,api.clawfetch.ai,https://api.clawfetch.ai/domains/check,POST,0xc2afb91833f4de19542a025872c6085cc29185eb,True,402,True,True,2,True,True,546,
2026-09-30,api.clawfetch.ai,https://api.clawfetch.ai/domains/suggest,POST,0xc2afb91833f4de19542a025872c6085cc29185eb,True,402,True,True,2,True,True,596,
2026-09-30,api.clawfetch.ai,https://api.clawfetch.ai/extractors,GET,0xc2afb91833f4de19542a025872c6085cc29185eb,True,402,True,True,2,True,True,598,
2026-09-30,api.clawfetch.ai,https://api.clawfetch.ai/fetch,POST,0xc2afb91833f4de19542a025872c6085cc29185eb,True,402,True,True,2,True,True,517,
2026-09-30,api.clawfetch.ai,https://api.clawfetch.ai/research,POST,0xc2afb91833f4de19542a025872c6085cc29185eb,True,402,True,True,2,True,True,529,
2026-09-30,api.clinkforge.com,https://api.clinkforge.com/v1/p/auto-lyme-disease-public-use-aggregated-data-with-geography-2022-2023-lookup,GET,0xf3d62244749ea344aa5408e7bc50b5287f2b32cc,True,402,True,True,2,False,True,268,
2026-09-30,api.clinkforge.com,https://api.clinkforge.com/v1/p/auto-nchs-births-and-general-fertility-rates-united-states-lookup,GET,0xf3d62244749ea344aa5408e7bc50b5287f2b32cc,True,402,True,True,2,False,True,108,
2026-09-30,api.clinkforge.com,https://api.clinkforge.com/v1/p/kev-status-by-cve,GET,0xf3d62244749ea344aa5408e7bc50b5287f2b32cc,True,402,True,True,2,True,True,121,
2026-09-30,api.commodities.sh,https://api.commodities.sh/v1/price/CL,GET,0x0d4ee4e945601865e3a5bc5a188e4a9cf23c00d5,True,402,True,True,2,True,True,278,
2026-09-30,api.commodities.sh,https://api.commodities.sh/v1/prices,GET,0x0d4ee4e945601865e3a5bc5a188e4a9cf23c00d5,True,402,True,True,2,True,True,327,
2026-09-30,api.craigmbrown.com,https://api.craigmbrown.com/v1/services/attestation.single-use-seal,POST,0x5e709929a4ab69ec3a8811d03417869059bc4eb9,True,402,True,True,2,True,True,146,
2026-09-30,api.craigmbrown.com,https://api.craigmbrown.com/v1/services/ops.link-integrity,POST,0x5e709929a4ab69ec3a8811d03417869059bc4eb9,True,402,True,True,2,True,True,248,
2026-09-30,api.craigmbrown.com,https://api.craigmbrown.com/v1/services/oracle.volatility-monitor,POST,0x5e709929a4ab69ec3a8811d03417869059bc4eb9,True,402,True,True,2,True,True,141,
2026-09-30,api.craigmbrown.com,https://api.craigmbrown.com/v1/services/research.topic-deep-researcher,POST,0x5e709929a4ab69ec3a8811d03417869059bc4eb9,True,402,True,True,2,True,True,210,
2026-09-30,api.craigmbrown.com,https://api.craigmbrown.com/v1/services/security.process-attestation,POST,0x5e709929a4ab69ec3a8811d03417869059bc4eb9,True,402,True,True,2,True,True,140,
2026-09-30,api.cryptoetfsentinel.com,https://api.cryptoetfsentinel.com/v1/events,GET,0x169bf49c6ee5a179190121ab8d180b50e31683d1,True,402,True,True,2,True,True,608,
2026-09-30,api.cryptoetfsentinel.com,https://api.cryptoetfsentinel.com/v1/pipeline/deltas,GET,0x169bf49c6ee5a179190121ab8d180b50e31683d1,True,402,True,True,2,True,True,543,
2026-09-30,api.cryptoetfsentinel.com,https://api.cryptoetfsentinel.com/v1/pipeline/stalled,GET,0x169bf49c6ee5a179190121ab8d180b50e31683d1,True,402,True,True,2,True,True,535,
2026-09-30,api.cryptoetfsentinel.com,https://api.cryptoetfsentinel.com/v1/xbrl/leaderboard,GET,0x169bf49c6ee5a179190121ab8d180b50e31683d1,True,402,True,True,2,True,True,530,
2026-09-30,api.cryptoetfsentinel.com,https://api.cryptoetfsentinel.com/v1/xbrl/series,GET,0x169bf49c6ee5a179190121ab8d180b50e31683d1,True,402,True,True,2,True,True,545,
2026-09-30,api.datasieve.xyz,https://api.datasieve.xyz/coord/workspace,POST,0xfe31fd52a89461b8d54895cfcf86187aa3c95f21,True,402,True,True,2,True,True,224,
2026-09-30,api.datasieve.xyz,https://api.datasieve.xyz/watch/standard,POST,0xfe31fd52a89461b8d54895cfcf86187aa3c95f21,True,402,True,True,2,True,True,186,
2026-09-30,api.delx.ai,https://api.delx.ai/api/v1/x402/arr-uniq,POST,0x9f8bd9875b3e0b632a24a3a7c73f7787175e73a2,True,402,True,True,2,True,True,607,
2026-09-30,api.delx.ai,https://api.delx.ai/api/v1/x402/authorization-scheme-identify,POST,0x9f8bd9875b3e0b632a24a3a7c73f7787175e73a2,True,402,True,True,2,True,True,587,
2026-09-30,api.delx.ai,https://api.delx.ai/api/v1/x402/demand/feed,POST,0x9f8bd9875b3e0b632a24a3a7c73f7787175e73a2,True,402,True,True,2,True,True,659,
2026-09-30,api.delx.ai,https://api.delx.ai/api/v1/x402/evm-finality-depth-check,POST,0x9f8bd9875b3e0b632a24a3a7c73f7787175e73a2,True,402,True,True,2,True,True,766,
2026-09-30,api.delx.ai,https://api.delx.ai/api/v1/x402/x402-settlement-network-check,POST,0x9f8bd9875b3e0b632a24a3a7c73f7787175e73a2,True,402,True,True,2,True,True,770,
2026-09-30,api.demandex.dev,https://api.demandex.dev/v1/opportunities/trending,GET,0xf444abc53f5e1e73caec7df64d147ddb119514a0,True,402,True,True,2,True,True,419,
2026-09-30,api.discoverdmc.cloud,https://api.discoverdmc.cloud/arena/trade,POST,0x74d68013530407300dc0e9f99f99eefec202a6c7,True,402,True,True,2,True,True,126,
2026-09-30,api.discoverdmc.cloud,https://api.discoverdmc.cloud/md,GET,0x74d68013530407300dc0e9f99f99eefec202a6c7,True,402,True,True,2,True,True,131,
2026-09-30,api.discoverdmc.cloud,https://api.discoverdmc.cloud/risk/perp,GET,0x74d68013530407300dc0e9f99f99eefec202a6c7,True,402,True,True,2,True,True,138,
2026-09-30,api.discoverdmc.cloud,https://api.discoverdmc.cloud/validate/domain,GET,0x74d68013530407300dc0e9f99f99eefec202a6c7,True,402,True,True,2,True,True,157,
2026-09-30,api.discoverdmc.cloud,https://api.discoverdmc.cloud/validate/email,GET,0x74d68013530407300dc0e9f99f99eefec202a6c7,True,402,True,True,2,True,True,663,
2026-09-30,api.doseplot.com,https://api.doseplot.com/v1/pk/curve,POST,0x9e3df8006b1917ecced9591beccb893d0de9ebd9,True,402,True,True,2,True,True,973,
2026-09-30,api.doseplot.com,https://api.doseplot.com/v1/recon/options,POST,0x9e3df8006b1917ecced9591beccb893d0de9ebd9,True,402,True,True,2,True,True,381,
2026-09-30,api.doseplot.com,https://api.doseplot.com/v1/recon/plan,POST,0x9e3df8006b1917ecced9591beccb893d0de9ebd9,True,402,True,True,2,True,True,475,
2026-09-30,api.doseplot.com,https://api.doseplot.com/v1/simulate,POST,0x9e3df8006b1917ecced9591beccb893d0de9ebd9,True,402,True,True,2,True,True,434,
2026-09-30,api.dripmetrics.ai,https://api.dripmetrics.ai/metrics/buy-sell-volume-imbalance,GET,0xc9b70d8d342609437bc87ec3c877911a306d3e6a,True,402,True,True,2,True,True,708,
2026-09-30,api.dripmetrics.ai,https://api.dripmetrics.ai/metrics/order-flow-hhi,GET,0xc9b70d8d342609437bc87ec3c877911a306d3e6a,True,402,True,True,2,True,True,1789,
2026-09-30,api.dripmetrics.ai,https://api.dripmetrics.ai/metrics/signed-dollar-volume,GET,0xc9b70d8d342609437bc87ec3c877911a306d3e6a,True,402,True,True,2,True,True,1575,
2026-09-30,api.dripmetrics.ai,https://api.dripmetrics.ai/metrics/vol-of-vol,GET,0xc9b70d8d342609437bc87ec3c877911a306d3e6a,True,402,True,True,2,True,True,1657,
2026-09-30,api.dripmetrics.ai,https://api.dripmetrics.ai/metrics/vwap-deviation,GET,0xc9b70d8d342609437bc87ec3c877911a306d3e6a,True,402,True,True,2,True,True,1535,
2026-09-30,api.eckari.com,https://api.eckari.com/v1/companies/uk/search,GET,0x9d6b6fdb04040a55d58b24ff4c90c08cf6083c8f,True,402,True,True,2,True,True,78,
2026-09-30,api.eckari.com,https://api.eckari.com/v1/companies/us/resolve,GET,0x9d6b6fdb04040a55d58b24ff4c90c08cf6083c8f,True,402,True,True,2,True,True,95,
2026-09-30,api.eckari.com,https://api.eckari.com/v1/entities/lei/search,GET,0x9d6b6fdb04040a55d58b24ff4c90c08cf6083c8f,True,402,True,True,2,True,True,649,
2026-09-30,api.eckari.com,https://api.eckari.com/v1/parcels/detect-carrier,GET,0x9d6b6fdb04040a55d58b24ff4c90c08cf6083c8f,True,402,True,True,2,True,True,720,
2026-09-30,api.eckari.com,https://api.eckari.com/v1/weather/us/alerts,GET,0x9d6b6fdb04040a55d58b24ff4c90c08cf6083c8f,True,402,True,True,2,True,True,547,
2026-09-30,api.eucompliance.tools,https://api.eucompliance.tools/x402/ai-disclosure,POST,0x478bcdea94b9cb5ea14c33e6f0d7e920743d39f2,True,402,True,True,2,True,True,566,
2026-09-30,api.eucompliance.tools,https://api.eucompliance.tools/x402/company,GET,0x478bcdea94b9cb5ea14c33e6f0d7e920743d39f2,True,402,True,True,2,True,True,568,
2026-09-30,api.eucompliance.tools,https://api.eucompliance.tools/x402/funding-qr,GET,0x478bcdea94b9cb5ea14c33e6f0d7e920743d39f2,True,402,True,True,2,True,True,573,
2026-09-30,api.eucompliance.tools,https://api.eucompliance.tools/x402/perps,GET,0x478bcdea94b9cb5ea14c33e6f0d7e920743d39f2,True,402,True,True,2,True,True,799,
2026-09-30,api.eucompliance.tools,https://api.eucompliance.tools/x402/social,GET,0x478bcdea94b9cb5ea14c33e6f0d7e920743d39f2,True,402,True,True,2,True,True,534,
2026-09-30,api.exa.ai,https://api.exa.ai/contents,POST,0x6d6e695b09861467c7d462f5aaf31cf3540b9192,True,402,True,True,2,False,True,507,
2026-09-30,api.exa.ai,https://api.exa.ai/search,POST,0x6d6e695b09861467c7d462f5aaf31cf3540b9192,True,402,True,True,2,True,True,300,
2026-09-30,api.flipvo.com,https://api.flipvo.com/v1/entity/lookup,POST,0x849610c11c1e9b309235932faab6368cee7f7c57,True,402,True,True,2,True,True,421,
2026-09-30,api.flipvo.com,https://api.flipvo.com/v1/license/verify,POST,0x849610c11c1e9b309235932faab6368cee7f7c57,True,402,True,True,2,False,True,230,
2026-09-30,api.flipvo.com,https://api.flipvo.com/v1/matrix,POST,0x849610c11c1e9b309235932faab6368cee7f7c57,True,402,True,True,2,True,True,227,
2026-09-30,api.flipvo.com,https://api.flipvo.com/v1/nonprofit/verify,POST,0x849610c11c1e9b309235932faab6368cee7f7c57,True,402,True,True,2,True,True,276,
2026-09-30,api.flipvo.com,https://api.flipvo.com/v1/ping,POST,0x849610c11c1e9b309235932faab6368cee7f7c57,True,402,True,True,2,True,True,235,
2026-09-30,api.ftso-yggdrassil.com,https://api.ftso-yggdrassil.com/v1/all-tickers,GET,0xf0f285a471c69907d8d536348daf0df3fbf1a1d4,True,402,True,True,2,True,True,450,
2026-09-30,api.ftso-yggdrassil.com,https://api.ftso-yggdrassil.com/v1/price/:symbol,GET,0xf0f285a471c69907d8d536348daf0df3fbf1a1d4,True,404,True,False,,,,456,
2026-09-30,api.ftso-yggdrassil.com,https://api.ftso-yggdrassil.com/v1/ticker/:symbol,GET,0xf0f285a471c69907d8d536348daf0df3fbf1a1d4,True,404,True,False,,,,452,
2026-09-30,api.ftso-yggdrassil.com,https://api.ftso-yggdrassil.com/v1/tickers/:symbols,GET,0xf0f285a471c69907d8d536348daf0df3fbf1a1d4,True,404,True,False,,,,532,
2026-09-30,api.geoprimitives.dev,https://api.geoprimitives.dev/v1/marine/depth,GET,0x76a51b5dd3729950b3b60c17f19252d221968fce,True,402,True,True,2,True,True,587,
2026-09-30,api.geoprimitives.dev,https://api.geoprimitives.dev/v1/timezone,GET,0x76a51b5dd3729950b3b60c17f19252d221968fce,True,402,True,True,2,True,True,688,
2026-09-30,api.geoprimitives.dev,https://api.geoprimitives.dev/v1/us/geographies,GET,0x76a51b5dd3729950b3b60c17f19252d221968fce,True,402,True,True,2,True,True,1046,
2026-09-30,api.getanyapi.com,https://api.getanyapi.com/v1/run/email.find,POST,0x754bd2a6799e766b1e2b9f1ae7fbdc0ced96ef13,True,402,True,True,2,True,True,281,
2026-09-30,api.getplexa.com,https://api.getplexa.com/v1/pretrade/check,POST,0xd993eafba87cffa2ca2cff5a56ef89034575a7ef,True,402,True,True,2,True,True,577,
2026-09-30,api.getplexa.com,https://api.getplexa.com/v1/quote,POST,0xd993eafba87cffa2ca2cff5a56ef89034575a7ef,True,402,True,True,2,True,True,753,
2026-09-30,api.getplexa.com,https://api.getplexa.com/v1/rug-check,POST,0xd993eafba87cffa2ca2cff5a56ef89034575a7ef,True,402,True,True,2,True,True,244,
2026-09-30,api.getplexa.com,https://api.getplexa.com/v1/token-safety,POST,0xd993eafba87cffa2ca2cff5a56ef89034575a7ef,True,402,True,True,2,True,True,580,
2026-09-30,api.gitbeacon.dev,https://api.gitbeacon.dev/v1/repos,GET,0xf444abc53f5e1e73caec7df64d147ddb119514a0,True,402,True,True,2,True,True,444,
2026-09-30,api.govparse.io,https://api.govparse.io/v1/carriers/search,GET,0x3873d15cf3209c32aaa8d9aa542164e658567129,True,0,False,,,,,,TimeoutError: The read operation timed out
2026-09-30,api.govparse.io,https://api.govparse.io/v1/feeds/distress-signals,GET,0x3873d15cf3209c32aaa8d9aa542164e658567129,True,0,False,,,,,,TimeoutError: The read operation timed out
2026-09-30,api.govparse.io,https://api.govparse.io/v1/fsis/recalls/search,GET,0x3873d15cf3209c32aaa8d9aa542164e658567129,True,0,False,,,,,,TimeoutError: The read operation timed out
2026-09-30,api.govparse.io,https://api.govparse.io/v1/phmsa/incidents/search,GET,0x3873d15cf3209c32aaa8d9aa542164e658567129,True,0,False,,,,,,TimeoutError: The read operation timed out
2026-09-30,api.govparse.io,https://api.govparse.io/v1/sba/loans/search,GET,0x3873d15cf3209c32aaa8d9aa542164e658567129,True,0,False,,,,,,TimeoutError: The read operation timed out
2026-09-30,api.healthparse.io,https://api.healthparse.io/v1/covered-entities-340b/search,GET,0x177ea123a35253ba8869a7e21e717978e482351d,True,402,True,True,2,True,True,172,
2026-09-30,api.healthparse.io,https://api.healthparse.io/v1/health-centers/search,GET,0x177ea123a35253ba8869a7e21e717978e482351d,True,402,True,True,2,True,True,175,
2026-09-30,api.healthparse.io,https://api.healthparse.io/v1/manufacturers/search,GET,0x177ea123a35253ba8869a7e21e717978e482351d,True,402,True,True,2,True,True,343,
2026-09-30,api.healthparse.io,https://api.healthparse.io/v1/nonprofits/search,GET,0x177ea123a35253ba8869a7e21e717978e482351d,True,402,True,True,2,True,True,166,
2026-09-30,api.healthparse.io,https://api.healthparse.io/v1/prices/stats/:code,GET,0x177ea123a35253ba8869a7e21e717978e482351d,True,402,True,True,2,True,True,170,
2026-09-30,api.hergertsynthora.com,https://api.hergertsynthora.com/v1/ecb-forex-fixing-vs-market,POST,0xef879bfd6c4accb8f795136de90246e1ec245e06,True,402,True,True,2,True,True,578,
2026-09-30,api.hergertsynthora.com,https://api.hergertsynthora.com/v1/exchange-rates-verified,POST,0xef879bfd6c4accb8f795136de90246e1ec245e06,True,402,True,True,2,True,True,596,
2026-09-30,api.hergertsynthora.com,https://api.hergertsynthora.com/v1/gdelt-tension,POST,0xef879bfd6c4accb8f795136de90246e1ec245e06,True,402,True,True,2,True,True,534,
2026-09-30,api.hergertsynthora.com,https://api.hergertsynthora.com/v1/market-sentiment,POST,0x6d9f318463168ff637b50e5b9a21392e97c7c167,True,402,True,True,2,True,False,587,
2026-09-30,api.hergertsynthora.com,https://api.hergertsynthora.com/v1/port-watch,POST,0xef879bfd6c4accb8f795136de90246e1ec245e06,True,402,True,True,2,True,True,582,
2026-09-30,api.hergertsynthora.com,https://api.hergertsynthora.com/v1/registry-watch,POST,0x6d9f318463168ff637b50e5b9a21392e97c7c167,True,402,True,True,2,True,False,626,
2026-09-30,api.hergertsynthora.com,https://api.hergertsynthora.com/v1/space-weather,POST,0x6d9f318463168ff637b50e5b9a21392e97c7c167,True,402,True,True,2,False,False,585,
2026-09-30,api.hergertsynthora.com,https://api.hergertsynthora.com/v1/top-crypto,POST,0xef879bfd6c4accb8f795136de90246e1ec245e06,True,402,True,True,2,True,True,526,
2026-09-30,api.hivemindos.app,https://api.hivemindos.app/v1/x402/accounts,POST,0xbd62f8dcb52e21ca5bdf20ba173488da101ebcf0,True,402,True,True,2,True,True,822,
2026-09-30,api.hivemindos.app,https://api.hivemindos.app/v1/x402/media-studio/generations.create,POST,0xbd62f8dcb52e21ca5bdf20ba173488da101ebcf0,True,402,True,True,2,True,True,3700,
2026-09-30,api.hivemindos.app,https://api.hivemindos.app/v1/x402/reddit-voc/runs.create,POST,0xbd62f8dcb52e21ca5bdf20ba173488da101ebcf0,True,402,True,True,2,True,True,835,
2026-09-30,api.hyperextend.xyz,https://api.hyperextend.xyz/v1/asset_ctx/BTC/latest,GET,0x548fc289526ab2f0391d562a723cda64bbf1abc4,True,402,True,True,2,False,True,670,
2026-09-30,api.hyperextend.xyz,https://api.hyperextend.xyz/v1/candles/BTC/1m/latest,GET,0x548fc289526ab2f0391d562a723cda64bbf1abc4,True,402,True,True,2,True,True,467,
2026-09-30,api.hyperextend.xyz,https://api.hyperextend.xyz/v1/liquidations/BTC,GET,0x548fc289526ab2f0391d562a723cda64bbf1abc4,True,402,True,True,2,False,True,469,
2026-09-30,api.hyperextend.xyz,https://api.hyperextend.xyz/v1/outcome_ctx/%231000/latest,GET,0x548fc289526ab2f0391d562a723cda64bbf1abc4,True,402,True,True,2,True,True,456,
2026-09-30,api.hyperextend.xyz,https://api.hyperextend.xyz/v1/trades/BTC,GET,0x548fc289526ab2f0391d562a723cda64bbf1abc4,True,402,True,True,2,True,True,474,
2026-09-30,api.interzoid.com,https://api.interzoid.com/getcompanymatchadvanced,GET,0xdceca23ff8a7145e1b5b35427c9886cf21a67566,True,402,True,True,2,True,True,330,
2026-09-30,api.interzoid.com,https://api.interzoid.com/getfullnamematch,GET,0xdceca23ff8a7145e1b5b35427c9886cf21a67566,True,402,True,True,2,True,True,378,
2026-09-30,api.interzoid.com,https://api.interzoid.com/getipprofile,GET,0xdceca23ff8a7145e1b5b35427c9886cf21a67566,True,402,True,True,2,True,True,335,
2026-09-30,api.interzoid.com,https://api.interzoid.com/getprivatecompanydealintel,GET,0xdceca23ff8a7145e1b5b35427c9886cf21a67566,True,402,True,True,2,True,True,339,
2026-09-30,api.interzoid.com,https://api.interzoid.com/globallatency,GET,0xdceca23ff8a7145e1b5b35427c9886cf21a67566,True,402,True,True,2,True,True,315,
2026-09-30,api.isocast.dev,https://api.isocast.dev/v1/spot,GET,0x44b16952484b6dbea40ede12927ee03a5ea6cdd3,True,402,True,True,2,True,True,441,
2026-09-30,api.itsgloria.ai,https://api.itsgloria.ai/news,GET,0xca1271e777c209e171826a681855351f4989cd0c,True,402,True,True,1,True,True,205,
2026-09-30,api.itsgloria.ai,https://api.itsgloria.ai/news-by-keyword,GET,0xca1271e777c209e171826a681855351f4989cd0c,True,402,True,True,1,True,True,166,
2026-09-30,api.itsgloria.ai,https://api.itsgloria.ai/news-ticker-summary,GET,0xca1271e777c209e171826a681855351f4989cd0c,True,402,True,True,1,True,True,243,
2026-09-30,api.itsgloria.ai,https://api.itsgloria.ai/pm-scorings,GET,0xca1271e777c209e171826a681855351f4989cd0c,True,402,True,True,1,True,True,171,
2026-09-30,api.itsgloria.ai,https://api.itsgloria.ai/recaps,GET,0xca1271e777c209e171826a681855351f4989cd0c,True,402,True,True,1,True,True,298,
2026-09-30,api.jarvisclaw.ai,https://api.jarvisclaw.ai/v1/chat/completions,POST,0xdc59fa7b64988b846e76ec9849bb68f889071506,True,402,True,True,2,True,True,169,
2026-09-30,api.jarvisclaw.ai,https://api.jarvisclaw.ai/v1/intent/execute,GET,0xdc59fa7b64988b846e76ec9849bb68f889071506,True,402,True,True,2,True,True,449,
2026-09-30,api.jarvisclaw.ai,https://api.jarvisclaw.ai/v1/marketplace/api/3759,GET,0xdc59fa7b64988b846e76ec9849bb68f889071506,True,402,True,True,2,True,True,156,
2026-09-30,api.jarvisclaw.ai,https://api.jarvisclaw.ai/v1/marketplace/api/crypto-news-135,POST,0xdc59fa7b64988b846e76ec9849bb68f889071506,True,402,True,True,2,True,True,333,
2026-09-30,api.jarvisclaw.ai,https://api.jarvisclaw.ai/v1/marketplace/api/papers-search,GET,0xdc59fa7b64988b846e76ec9849bb68f889071506,True,402,True,True,2,True,True,163,
2026-09-30,api.k8s-dev.blockscout.com,https://api.k8s-dev.blockscout.com/services/bens/api/v1/protocols,GET,0xd441d9f4c59cb26253e2f0a7a62ac9ce7823b4b4,True,402,True,True,2,False,False,526,
2026-09-30,api.kadec0.xyz,https://api.kadec0.xyz/v1/author-search,GET,0x4df66b6c140778fe0717880a7c6dde5ea53acdea,True,402,True,True,2,True,True,145,
2026-09-30,api.kadec0.xyz,https://api.kadec0.xyz/v1/domain-info,GET,0x4df66b6c140778fe0717880a7c6dde5ea53acdea,True,402,True,True,2,True,True,205,
2026-09-30,api.kadec0.xyz,https://api.kadec0.xyz/v1/github,GET,0x4df66b6c140778fe0717880a7c6dde5ea53acdea,True,402,True,True,2,True,True,198,
2026-09-30,api.kadec0.xyz,https://api.kadec0.xyz/v1/smart-search,GET,0x4df66b6c140778fe0717880a7c6dde5ea53acdea,True,402,True,True,2,True,True,168,
2026-09-30,api.kadec0.xyz,https://api.kadec0.xyz/v1/token-price,GET,0x4df66b6c140778fe0717880a7c6dde5ea53acdea,True,402,True,True,2,True,True,185,
2026-09-30,api.kakerapetit.dev,https://api.kakerapetit.dev/v1/calendar/ics,POST,0x3a43fdf92b1596b22ddf719d5b528c537da4237d,True,402,True,True,2,True,True,673,
2026-09-30,api.kakerapetit.dev,https://api.kakerapetit.dev/v1/check-duplicate-image,POST,0x3a43fdf92b1596b22ddf719d5b528c537da4237d,True,402,True,True,2,True,True,761,
2026-09-30,api.kakerapetit.dev,https://api.kakerapetit.dev/v1/jp-company/snapshot,POST,0x3a43fdf92b1596b22ddf719d5b528c537da4237d,True,402,True,True,2,True,True,415,
2026-09-30,api.kakerapetit.dev,https://api.kakerapetit.dev/v1/text/similarity,POST,0x3a43fdf92b1596b22ddf719d5b528c537da4237d,True,402,True,True,2,True,True,599,
2026-09-30,api.kakerapetit.dev,https://api.kakerapetit.dev/v2/calendar,GET,0x3a43fdf92b1596b22ddf719d5b528c537da4237d,True,402,True,True,2,True,True,210,
2026-09-30,api.kgninja.dev,https://api.kgninja.dev/fix-error,POST,0x4d7d842536de9eb491ae2300126b3cdde7b0ade3,True,402,True,True,2,True,True,538,
2026-09-30,api.kgninja.dev,https://api.kgninja.dev/summarize-url,POST,0x4d7d842536de9eb491ae2300126b3cdde7b0ade3,True,402,True,True,2,True,True,621,
2026-09-30,api.linkedpanda.com,https://api.linkedpanda.com/agent/v1/ads/search,POST,0xe740d5701749d262da5e4fcb9f814c5b6d91cf46,True,402,True,True,2,True,True,678,
2026-09-30,api.linkedpanda.com,https://api.linkedpanda.com/agent/v1/companies/enrich,POST,0xe740d5701749d262da5e4fcb9f814c5b6d91cf46,True,402,True,True,2,True,True,274,
2026-09-30,api.linkedpanda.com,https://api.linkedpanda.com/agent/v1/companies/search,POST,0xe740d5701749d262da5e4fcb9f814c5b6d91cf46,True,402,True,True,2,True,True,606,
2026-09-30,api.linkedpanda.com,https://api.linkedpanda.com/agent/v1/profiles/enrich,GET,0xe740d5701749d262da5e4fcb9f814c5b6d91cf46,True,402,True,True,2,True,True,258,
2026-09-30,api.linkedpanda.com,https://api.linkedpanda.com/agent/v1/profiles/posts,POST,0xe740d5701749d262da5e4fcb9f814c5b6d91cf46,True,402,True,True,2,True,True,262,
2026-09-30,api.locus.report,https://api.locus.report/api/locus-fair-market-rents,POST,0xf121fbecec43e1b616d47285851c20d5fc64431b,True,200,True,False,,,,2108,
2026-09-30,api.locus.report,https://api.locus.report/api/locus-flood-zone,POST,0xf121fbecec43e1b616d47285851c20d5fc64431b,True,200,True,False,,,,106,
2026-09-30,api.locus.report,https://api.locus.report/api/locus-place-facts,POST,0xf121fbecec43e1b616d47285851c20d5fc64431b,True,402,True,True,2,True,True,101,
2026-09-30,api.locus.report,https://api.locus.report/api/locus-place-report-batch,POST,0xf121fbecec43e1b616d47285851c20d5fc64431b,True,402,True,True,2,True,True,331,
2026-09-30,api.locus.report,https://api.locus.report/api/locus-property-tax,POST,0xf121fbecec43e1b616d47285851c20d5fc64431b,True,402,True,True,2,True,True,1849,
2026-09-30,api.loopholetape.com,https://api.loopholetape.com/v1/base/launches/screened,GET,0x25d408ef54e60f3006bd13d5a040d525e2f359c2,True,402,True,True,2,True,True,356,
2026-09-30,api.loopholetape.com,https://api.loopholetape.com/v1/base/launches/since,GET,0x25d408ef54e60f3006bd13d5a040d525e2f359c2,True,402,True,True,2,True,True,479,
2026-09-30,api.loopholetape.com,https://api.loopholetape.com/v1/check/batch,GET,0x25d408ef54e60f3006bd13d5a040d525e2f359c2,True,402,True,True,2,True,True,450,
2026-09-30,api.loopholetape.com,https://api.loopholetape.com/v1/outcome/:mint,GET,0x25d408ef54e60f3006bd13d5a040d525e2f359c2,True,402,True,True,2,True,True,378,
2026-09-30,api.loopholetape.com,https://api.loopholetape.com/v1/verdict/:mint,GET,0x25d408ef54e60f3006bd13d5a040d525e2f359c2,True,402,True,True,2,True,True,367,
2026-09-30,api.losbeto.xyz,https://api.losbeto.xyz/buy-credits-micro,GET,0xd5ba9711a3d052846a3695c70e7fcb8b3168fe7d,True,402,True,True,2,True,True,75,
2026-09-30,api.losbeto.xyz,https://api.losbeto.xyz/holder-concentration,GET,0xd5ba9711a3d052846a3695c70e7fcb8b3168fe7d,True,402,True,True,2,True,True,135,
2026-09-30,api.losbeto.xyz,https://api.losbeto.xyz/insider-track,GET,0xd5ba9711a3d052846a3695c70e7fcb8b3168fe7d,True,402,True,True,2,True,True,85,
2026-09-30,api.losbeto.xyz,https://api.losbeto.xyz/research-brief,GET,0xd5ba9711a3d052846a3695c70e7fcb8b3168fe7d,True,402,True,True,2,True,True,80,
2026-09-30,api.losbeto.xyz,https://api.losbeto.xyz/x402-audit,GET,0xd5ba9711a3d052846a3695c70e7fcb8b3168fe7d,True,402,True,True,2,True,True,83,
2026-09-30,api.loyalspark.online,https://api.loyalspark.online/x402-gateway/offers,GET,0x40a8cdd6a10ec1a8cb3dfb2834675e7a2cf4ad8b,True,402,True,True,2,True,True,225,
2026-09-30,api.loyalspark.online,https://api.loyalspark.online/x402-gateway/recipient-api/balance,GET,0x40a8cdd6a10ec1a8cb3dfb2834675e7a2cf4ad8b,True,402,True,True,2,True,True,295,
2026-09-30,api.loyalspark.online,https://api.loyalspark.online/x402-gateway/recipient-api/vouchers,GET,0x40a8cdd6a10ec1a8cb3dfb2834675e7a2cf4ad8b,True,402,True,True,2,True,True,198,
2026-09-30,api.loyalspark.online,https://api.loyalspark.online/x402-gateway/update-program-config,POST,0x40a8cdd6a10ec1a8cb3dfb2834675e7a2cf4ad8b,True,402,True,True,2,True,True,282,
2026-09-30,api.loyalspark.online,https://api.loyalspark.online/x402-gateway/vouchers,GET,0x40a8cdd6a10ec1a8cb3dfb2834675e7a2cf4ad8b,True,402,True,True,2,True,True,193,
2026-09-30,api.m2msentinel.com,https://api.m2msentinel.com/v1/audit/:address,GET,0x6d6c398390cfb88f1cd42715b84906a0bd6652aa,True,400,True,False,,,,222,
2026-09-30,api.m2msentinel.com,https://api.m2msentinel.com/v1/gas/fees,GET,0x6d6c398390cfb88f1cd42715b84906a0bd6652aa,True,402,True,True,2,True,True,175,
2026-09-30,api.m2msentinel.com,https://api.m2msentinel.com/v1/security/score/:address,GET,0x6d6c398390cfb88f1cd42715b84906a0bd6652aa,True,400,True,False,,,,160,
2026-09-30,api.m2msentinel.com,https://api.m2msentinel.com/v1/token/price/:symbol,GET,0x6d6c398390cfb88f1cd42715b84906a0bd6652aa,True,400,True,False,,,,160,
2026-09-30,api.m2msentinel.com,https://api.m2msentinel.com/v1/whales/signals,GET,0x6d6c398390cfb88f1cd42715b84906a0bd6652aa,True,402,True,True,2,True,True,196,
2026-09-30,api.macaroonnetwork.com,https://api.macaroonnetwork.com/execute/christian-salvation-guide-v1,POST,0x33cc8de6e86761d217044a8a6b394ad23b579596,True,402,True,True,2,True,True,535,
2026-09-30,api.macaroonnetwork.com,https://api.macaroonnetwork.com/execute/christian-scripture-lookup-v1,POST,0x33cc8de6e86761d217044a8a6b394ad23b579596,True,402,True,True,2,True,True,543,
2026-09-30,api.macaroonnetwork.com,https://api.macaroonnetwork.com/execute/christian-topic-scripture-guide-v1,POST,0x33cc8de6e86761d217044a8a6b394ad23b579596,True,402,True,True,2,True,True,611,
2026-09-30,api.macaroonnetwork.com,https://api.macaroonnetwork.com/execute/polymathica-archive-record-v1,POST,0x33cc8de6e86761d217044a8a6b394ad23b579596,True,402,True,True,2,True,True,238,
2026-09-30,api.macaroonnetwork.com,https://api.macaroonnetwork.com/execute/us-weather-forecast-alerts-v1,POST,0x33cc8de6e86761d217044a8a6b394ad23b579596,True,402,True,True,2,True,True,256,
2026-09-30,api.marketintelligenceapi.com,https://api.marketintelligenceapi.com/api/v1/eu/fx,GET,0x48d5a78d480b4c32de319c2aef69e682dc304615,True,502,True,False,,,,321,
2026-09-30,api.marketintelligenceapi.com,https://api.marketintelligenceapi.com/api/v1/fundamentals/AAPL,GET,0x48d5a78d480b4c32de319c2aef69e682dc304615,True,502,True,False,,,,759,
2026-09-30,api.marketintelligenceapi.com,https://api.marketintelligenceapi.com/api/v1/fundamentals/BTCUSD,GET,0x48d5a78d480b4c32de319c2aef69e682dc304615,True,502,True,False,,,,740,
2026-09-30,api.marketintelligenceapi.com,https://api.marketintelligenceapi.com/api/v1/intelligence/ETHUSD,GET,0x48d5a78d480b4c32de319c2aef69e682dc304615,True,502,True,False,,,,745,
2026-09-30,api.marketintelligenceapi.com,https://api.marketintelligenceapi.com/api/v1/intelligence/opportunities,GET,0x48d5a78d480b4c32de319c2aef69e682dc304615,True,502,True,False,,,,3062,
2026-09-30,api.messari.io,https://api.messari.io/metrics/v2/assets/ath,GET,0x75ddd3c42eace13c59ea0cd1141b886a1c70d2a5,True,402,True,True,2,True,True,245,
2026-09-30,api.messari.io,https://api.messari.io/metrics/v2/assets/roi,GET,0x75ddd3c42eace13c59ea0cd1141b886a1c70d2a5,True,402,True,True,2,True,True,204,
2026-09-30,api.messari.io,https://api.messari.io/token-unlocks/v1/allocations,GET,0x75ddd3c42eace13c59ea0cd1141b886a1c70d2a5,True,402,True,True,2,True,True,158,
2026-09-30,api.moltalyzer.xyz,https://api.moltalyzer.xyz/api/moltbook/digests,GET,0xf444abc53f5e1e73caec7df64d147ddb119514a0,True,402,True,True,2,True,True,412,
2026-09-30,api.monpham.work,https://api.monpham.work/v1/eia/grid,GET,0x7eebd75b116a553e02cbaca28cfbd47bc411e6b1,True,402,True,True,2,True,True,648,
2026-09-30,api.monpham.work,https://api.monpham.work/v1/luna/chat/completions,GET,0x7eebd75b116a553e02cbaca28cfbd47bc411e6b1,True,402,True,True,2,True,True,683,
2026-09-30,api.monpham.work,https://api.monpham.work/v1/twitter/search,GET,0x7eebd75b116a553e02cbaca28cfbd47bc411e6b1,True,402,True,True,2,True,True,685,
2026-09-30,api.munition.io,https://api.munition.io/v1/airports/search,POST,0x54d6c2c08e10f1a1d3da88df513bbe9bcf1a4afa,True,402,True,True,2,True,True,302,
2026-09-30,api.munition.io,https://api.munition.io/v1/exa/answer,POST,0x54d6c2c08e10f1a1d3da88df513bbe9bcf1a4afa,True,400,True,False,,,,268,
2026-09-30,api.munition.io,https://api.munition.io/v1/render/pdf,POST,0x54d6c2c08e10f1a1d3da88df513bbe9bcf1a4afa,True,402,True,True,2,True,True,382,
2026-09-30,api.munition.io,https://api.munition.io/v1/serper/news,POST,0x54d6c2c08e10f1a1d3da88df513bbe9bcf1a4afa,True,400,True,False,,,,288,
2026-09-30,api.munition.io,https://api.munition.io/v1/serper/search,POST,0x54d6c2c08e10f1a1d3da88df513bbe9bcf1a4afa,True,400,True,False,,,,285,
2026-09-30,api.myceliasignal.com,https://api.myceliasignal.com/oracle/basis/btc/usd,GET,0xd593832ce9c2b13b192ba50b55dd9af44e96700d,True,402,True,True,2,True,True,254,
2026-09-30,api.myceliasignal.com,https://api.myceliasignal.com/oracle/oi/eth/usd,GET,0xd593832ce9c2b13b192ba50b55dd9af44e96700d,True,402,True,True,2,True,True,145,
2026-09-30,api.myceliasignal.com,https://api.myceliasignal.com/oracle/oi/sol/usd,GET,0xd593832ce9c2b13b192ba50b55dd9af44e96700d,True,402,True,True,2,True,True,150,
2026-09-30,api.myceliasignal.com,https://api.myceliasignal.com/oracle/price/ada/usd,GET,0xd593832ce9c2b13b192ba50b55dd9af44e96700d,True,402,True,True,2,True,True,152,
2026-09-30,api.myceliasignal.com,https://api.myceliasignal.com/oracle/price/xau/jpy,GET,0xd593832ce9c2b13b192ba50b55dd9af44e96700d,True,402,True,True,2,True,True,330,
2026-09-30,api.nansen.ai,https://api.nansen.ai/api/v1/perp-leaderboard,POST,0x93053f1e7a5efeda532fe69cbbe43cbec3a0f13f,True,402,True,True,2,True,True,153,
2026-09-30,api.nansen.ai,https://api.nansen.ai/api/v1/prediction-market/market-screener,POST,0x93053f1e7a5efeda532fe69cbbe43cbec3a0f13f,True,402,True,True,2,True,True,176,
2026-09-30,api.nansen.ai,https://api.nansen.ai/api/v1/profiler/address/pnl,POST,0x93053f1e7a5efeda532fe69cbbe43cbec3a0f13f,True,402,True,True,2,True,True,249,
2026-09-30,api.nansen.ai,https://api.nansen.ai/api/v1/profiler/dex-trades,POST,0x93053f1e7a5efeda532fe69cbbe43cbec3a0f13f,True,402,True,True,2,True,True,235,
2026-09-30,api.nansen.ai,https://api.nansen.ai/api/v1/tgm/flow-intelligence,POST,0x93053f1e7a5efeda532fe69cbbe43cbec3a0f13f,True,402,True,True,2,True,True,165,
2026-09-30,api.neurodynamic.tech,https://api.neurodynamic.tech/v1/audio/cloning/result,POST,0xa369ac3412360206db63507b190e691c0c5b9f3e,True,402,True,True,2,True,True,229,
2026-09-30,api.neurodynamic.tech,https://api.neurodynamic.tech/v1/audio/speech,POST,0xa369ac3412360206db63507b190e691c0c5b9f3e,True,402,True,True,2,True,True,550,
2026-09-30,api.neurodynamic.tech,https://api.neurodynamic.tech/v1/audio/transcriptions,POST,0xa369ac3412360206db63507b190e691c0c5b9f3e,True,402,True,True,2,True,True,561,
2026-09-30,api.neurodynamic.tech,https://api.neurodynamic.tech/v1/llm/abliterated-large/completions,POST,0xa369ac3412360206db63507b190e691c0c5b9f3e,True,402,True,True,2,True,True,285,
2026-09-30,api.neurodynamic.tech,https://api.neurodynamic.tech/v1/llm/abliterated/completions,POST,0xa369ac3412360206db63507b190e691c0c5b9f3e,True,402,True,True,2,True,True,576,
2026-09-30,api.newsgurus.ai,https://api.newsgurus.ai/x402/congress/trades,GET,0xa9a38639ed4aebc04092e21f3399c56545450713,True,402,True,True,2,True,True,382,
2026-09-30,api.newsgurus.ai,https://api.newsgurus.ai/x402/futures/NVDA,GET,0xa9a38639ed4aebc04092e21f3399c56545450713,True,402,True,True,2,True,True,311,
2026-09-30,api.newsgurus.ai,https://api.newsgurus.ai/x402/options/flow,GET,0xa9a38639ed4aebc04092e21f3399c56545450713,True,402,True,True,2,True,True,305,
2026-09-30,api.newsgurus.ai,https://api.newsgurus.ai/x402/prediction/market-stats/:hash,GET,0xa9a38639ed4aebc04092e21f3399c56545450713,True,402,True,True,2,True,True,313,
2026-09-30,api.newsgurus.ai,https://api.newsgurus.ai/x402/stocks/rankings,GET,0xa9a38639ed4aebc04092e21f3399c56545450713,True,402,True,True,2,True,True,290,
2026-09-30,api.nohumans.directory,https://api.nohumans.directory/v1/demand/clusters,GET,0xa733875f2f7e8a2817040b5c60b63ae07d58a1d6,True,402,True,True,2,True,True,282,
2026-09-30,api.nohumans.directory,https://api.nohumans.directory/v1/listings/:id/purchases,GET,0xa733875f2f7e8a2817040b5c60b63ae07d58a1d6,True,402,True,True,2,True,True,102,
2026-09-30,api.nohumans.directory,https://api.nohumans.directory/v1/listings/:id/verdict,GET,0xa733875f2f7e8a2817040b5c60b63ae07d58a1d6,True,402,True,True,2,True,True,139,
2026-09-30,api.nohumans.directory,https://api.nohumans.directory/v1/listings/:id/verify-now,POST,0xa733875f2f7e8a2817040b5c60b63ae07d58a1d6,True,402,True,True,2,True,True,273,
2026-09-30,api.northeastdealintel.com,https://api.northeastdealintel.com/v1/agent/market-benchmarks,GET,0x24facafeb49b4e3facf0b3e69604a2f4640c9bf2,True,402,True,True,2,True,True,172,
2026-09-30,api.oblique.markets,https://api.oblique.markets/api/v1/paid/agent-preflight-bundle,POST,0x970007590acc5c938cd51345b17af51b1b40d3ab,True,402,True,True,2,True,True,105,
2026-09-30,api.oblique.markets,https://api.oblique.markets/api/v1/paid/bazaar-category-heat-feed,POST,0x970007590acc5c938cd51345b17af51b1b40d3ab,True,402,True,True,2,True,True,109,
2026-09-30,api.oblique.markets,https://api.oblique.markets/api/v1/paid/bazaar-trending,GET,0x970007590acc5c938cd51345b17af51b1b40d3ab,True,402,True,True,2,True,True,397,
2026-09-30,api.oblique.markets,https://api.oblique.markets/api/v1/paid/seats-aero-search,POST,0x970007590acc5c938cd51345b17af51b1b40d3ab,True,402,True,True,2,True,True,100,
2026-09-30,api.oblique.markets,https://api.oblique.markets/api/v1/paid/wallet-spy,GET,0x970007590acc5c938cd51345b17af51b1b40d3ab,True,402,True,True,2,True,True,347,
2026-09-30,api.onesource.io,https://api.onesource.io/standard/v1/charters,GET,0x52e29e0d2aa49bfbfc548c0a9f2196f4aa51f3ea,True,402,True,True,2,True,True,285,
2026-09-30,api.onesource.io,https://api.onesource.io/standard/v1/decisions/exit,GET,0x52e29e0d2aa49bfbfc548c0a9f2196f4aa51f3ea,True,402,True,True,2,True,True,301,
2026-09-30,api.onesource.io,https://api.onesource.io/standard/v1/events,GET,0x52e29e0d2aa49bfbfc548c0a9f2196f4aa51f3ea,True,402,True,True,2,True,True,290,
2026-09-30,api.onesource.io,https://api.onesource.io/standard/v1/supply/history,GET,0x52e29e0d2aa49bfbfc548c0a9f2196f4aa51f3ea,True,402,True,True,2,True,True,293,
2026-09-30,api.onesource.io,https://api.onesource.io/standard/v1/vaults/current,GET,0x52e29e0d2aa49bfbfc548c0a9f2196f4aa51f3ea,True,402,True,True,2,True,True,372,
2026-09-30,api.onhub.ai,https://api.onhub.ai/v1/chat/completions,POST,0x53884ef9a486b805bfa5e4f55290ff66dca7c457,True,402,True,True,2,True,True,477,
2026-09-30,api.onhub.ai,https://api.onhub.ai/v1/code,POST,0x53884ef9a486b805bfa5e4f55290ff66dca7c457,True,402,True,True,2,True,True,454,
2026-09-30,api.onhub.ai,https://api.onhub.ai/v1/search,POST,0x53884ef9a486b805bfa5e4f55290ff66dca7c457,True,402,True,True,2,True,True,175,
2026-09-30,api.orcatrace.dev,https://api.orcatrace.dev/v1/latest,GET,0xf444abc53f5e1e73caec7df64d147ddb119514a0,True,402,True,True,2,True,True,405,
2026-09-30,api.ozdreamtools.de,https://api.ozdreamtools.de/api/agent-ready/assess,POST,0x4dd5e59475a55f1c2c0816469600663cb74cc1dc,True,402,True,True,2,True,True,125,
2026-09-30,api.ozdreamtools.de,https://api.ozdreamtools.de/api/bfsg/check,POST,0x4dd5e59475a55f1c2c0816469600663cb74cc1dc,True,402,True,True,2,True,True,438,
2026-09-30,api.ozdreamtools.de,https://api.ozdreamtools.de/api/iban/check,POST,0x4dd5e59475a55f1c2c0816469600663cb74cc1dc,True,402,True,True,2,True,True,117,
2026-09-30,api.ozdreamtools.de,https://api.ozdreamtools.de/api/llmstxt/generate,POST,0x4dd5e59475a55f1c2c0816469600663cb74cc1dc,True,402,True,True,2,True,True,853,
2026-09-30,api.ozdreamtools.de,https://api.ozdreamtools.de/api/robots/lint,POST,0x4dd5e59475a55f1c2c0816469600663cb74cc1dc,True,402,True,True,2,True,True,411,
2026-09-30,api.particle.pro,https://api.particle.pro/v1/podcasts/:id/rankings/summary,GET,0x59f3a6dcb6f482c53872dd8f8f9e1f9161a1c5f7,True,402,True,True,2,False,True,122,
2026-09-30,api.particle.pro,https://api.particle.pro/v1/podcasts/:id/ratings,GET,0x59f3a6dcb6f482c53872dd8f8f9e1f9161a1c5f7,True,402,True,True,2,True,True,123,
2026-09-30,api.particle.pro,https://api.particle.pro/v1/podcasts/advertising/sponsors,GET,0x59f3a6dcb6f482c53872dd8f8f9e1f9161a1c5f7,True,402,True,True,2,False,True,124,
2026-09-30,api.particle.pro,https://api.particle.pro/v1/podcasts/guests/:id,GET,0x59f3a6dcb6f482c53872dd8f8f9e1f9161a1c5f7,True,402,True,True,2,False,True,118,
2026-09-30,api.particle.pro,https://api.particle.pro/v1/podcasts/rankings/history,GET,0x59f3a6dcb6f482c53872dd8f8f9e1f9161a1c5f7,True,402,True,True,2,False,True,398,
2026-09-30,api.pennyforge.org,https://api.pennyforge.org/check,POST,0x9504a5939ab5be2b2b1f8bea7d7ebeccd96c485d,True,402,True,True,2,True,True,321,
2026-09-30,api.pennyforge.org,https://api.pennyforge.org/deep,POST,0x9504a5939ab5be2b2b1f8bea7d7ebeccd96c485d,True,402,True,True,2,True,True,192,
2026-09-30,api.powahub.ai,https://api.powahub.ai/CertainData/country-lookup/:input,GET,0x9a4fb84633c690e422c33491d1fcc319849e6bb0,True,402,True,True,2,True,True,2460,
2026-09-30,api.powahub.ai,https://api.powahub.ai/CertainData/fx-rates/:base,GET,0x9a4fb84633c690e422c33491d1fcc319849e6bb0,True,402,True,True,2,True,True,1229,
2026-09-30,api.powahub.ai,https://api.powahub.ai/CertainData/holidays/:iso2/:year,GET,0x9a4fb84633c690e422c33491d1fcc319849e6bb0,True,402,True,True,2,True,True,1057,
2026-09-30,api.powahub.ai,https://api.powahub.ai/CertainData/ip-geolocation/:address,GET,0x9a4fb84633c690e422c33491d1fcc319849e6bb0,True,402,True,True,2,True,True,1055,
2026-09-30,api.powahub.ai,https://api.powahub.ai/c8a77739168e44a4af26cc954c437460-cd/daily-stock-screen/v1/picks/today,GET,0x9a4fb84633c690e422c33491d1fcc319849e6bb0,True,402,True,True,2,True,True,1024,
2026-09-30,api.predictionmarketdata.io,https://api.predictionmarketdata.io/exchanges,GET,0x995c0abdcd2ad76548e5f7deb54d32549b2b781f,True,402,True,True,2,True,True,85,
2026-09-30,api.predictionmarketdata.io,https://api.predictionmarketdata.io/market-news,GET,0x995c0abdcd2ad76548e5f7deb54d32549b2b781f,True,402,True,True,2,True,True,97,
2026-09-30,api.predictionmarketdata.io,https://api.predictionmarketdata.io/market-recap,GET,0x995c0abdcd2ad76548e5f7deb54d32549b2b781f,True,402,True,True,2,True,True,156,
2026-09-30,api.predictionmarketdata.io,https://api.predictionmarketdata.io/prediction-markets,GET,0x995c0abdcd2ad76548e5f7deb54d32549b2b781f,True,402,True,True,2,True,True,132,
2026-09-30,api.predictionmarketdata.io,https://api.predictionmarketdata.io/prediction-markets/taxonomy,GET,0x995c0abdcd2ad76548e5f7deb54d32549b2b781f,True,402,True,True,2,True,True,96,
2026-09-30,api.prereason.com,https://api.prereason.com/api/btc,GET,0xa499f6f6ab97ba87db2e1fd7a1e3534125b60018,True,402,True,True,2,True,True,306,
2026-09-30,api.prereason.com,https://api.prereason.com/api/btc/grid,GET,0xa499f6f6ab97ba87db2e1fd7a1e3534125b60018,True,402,True,True,2,True,True,164,
2026-09-30,api.prereason.com,https://api.prereason.com/api/cross/breadth,GET,0xa499f6f6ab97ba87db2e1fd7a1e3534125b60018,True,402,True,True,2,True,True,151,
2026-09-30,api.prereason.com,https://api.prereason.com/api/cross/correlations,GET,0xa499f6f6ab97ba87db2e1fd7a1e3534125b60018,True,402,True,True,2,True,True,181,
2026-09-30,api.prereason.com,https://api.prereason.com/api/macro,GET,0xa499f6f6ab97ba87db2e1fd7a1e3534125b60018,True,402,True,True,2,True,True,175,
2026-09-30,api.printmoneylab.com,https://api.printmoneylab.com/api/v1/kimchi-premium,GET,0xcf9223ece895258dea8d288aebcf846ab8e342fb,True,402,True,True,2,True,True,193,
2026-09-30,api.printmoneylab.com,https://api.printmoneylab.com/api/v1/kr-prices,GET,0xcf9223ece895258dea8d288aebcf846ab8e342fb,True,402,True,True,2,True,True,389,
2026-09-30,api.printmoneylab.com,https://api.printmoneylab.com/api/v1/market-movers,GET,0xcf9223ece895258dea8d288aebcf846ab8e342fb,True,402,True,True,2,True,True,312,
2026-09-30,api.printmoneylab.com,https://api.printmoneylab.com/api/v1/stablecoin-premium,GET,0xcf9223ece895258dea8d288aebcf846ab8e342fb,True,402,True,True,2,True,True,223,
2026-09-30,api.qist.info,https://api.qist.info/api/hijri,GET,0x21353452e547b306a6007d834c433a118638d3b3,True,402,True,True,2,True,True,161,
2026-09-30,api.qist.info,https://api.qist.info/api/prayer-times,GET,0x21353452e547b306a6007d834c433a118638d3b3,True,402,True,True,2,True,True,246,
2026-09-30,api.qonoro.ai,https://api.qonoro.ai/v1/address/normalize,POST,0x40b62aa49f4a929760fb2dd0fcb0642f0aa872eb,True,402,True,True,2,True,True,1174,
2026-09-30,api.qonoro.ai,https://api.qonoro.ai/v1/email/validate,POST,0x40b62aa49f4a929760fb2dd0fcb0642f0aa872eb,True,402,True,True,2,True,True,170,
2026-09-30,api.qonoro.ai,https://api.qonoro.ai/v1/person/search,POST,0x40b62aa49f4a929760fb2dd0fcb0642f0aa872eb,True,402,True,True,2,True,True,277,
2026-09-30,api.qonoro.ai,https://api.qonoro.ai/v1/phone/validate,POST,0x40b62aa49f4a929760fb2dd0fcb0642f0aa872eb,True,402,True,True,2,True,True,1261,
2026-09-30,api.relaystation.ai,https://api.relaystation.ai/v1/image/exif-strip,POST,0x5f7254f252ef9b9f92b6b4f2cf91205ed7a96c7a,True,402,True,True,2,True,True,275,
2026-09-30,api.relaystation.ai,https://api.relaystation.ai/v1/location/reverse-geocode,POST,0x5f7254f252ef9b9f92b6b4f2cf91205ed7a96c7a,True,402,True,True,2,True,True,271,
2026-09-30,api.relaystation.ai,https://api.relaystation.ai/v1/pdf/extract-text,POST,0x5f7254f252ef9b9f92b6b4f2cf91205ed7a96c7a,True,402,True,True,2,True,True,346,
2026-09-30,api.relaystation.ai,https://api.relaystation.ai/v1/utils/jwt-decode,POST,0x5f7254f252ef9b9f92b6b4f2cf91205ed7a96c7a,True,402,True,True,2,True,True,279,
2026-09-30,api.relaystation.ai,https://api.relaystation.ai/v1/vision/detect-labels,POST,0x5f7254f252ef9b9f92b6b4f2cf91205ed7a96c7a,True,402,True,True,2,True,True,281,
2026-09-30,api.reloadpi.com,https://api.reloadpi.com/api/catalog/topups/offers,GET,0x8a598a28a435fe44d31854251b1c88d0781ea822,True,402,True,True,2,True,True,609,
2026-09-30,api.reloadpi.com,https://api.reloadpi.com/api/catalog/topups/purchase/info,GET,0x8a598a28a435fe44d31854251b1c88d0781ea822,True,402,True,True,2,True,True,475,
2026-09-30,api.reloadpi.com,https://api.reloadpi.com/api/catalog/vouchers/brands,GET,0x8a598a28a435fe44d31854251b1c88d0781ea822,True,402,True,True,2,True,True,1281,
2026-09-30,api.reloadpi.com,https://api.reloadpi.com/api/catalog/vouchers/countries,GET,0x8a598a28a435fe44d31854251b1c88d0781ea822,True,402,True,True,2,True,True,483,
2026-09-30,api.reloadpi.com,https://api.reloadpi.com/api/catalog/vouchers/purchase/info,GET,0x8a598a28a435fe44d31854251b1c88d0781ea822,True,402,True,True,2,True,True,572,
2026-09-30,api.robinx.io,https://api.robinx.io/callers,GET,0xa13d363aecccf878ec64f6eb687eb4a771fb0599,True,402,True,True,2,True,True,211,
2026-09-30,api.robinx.io,https://api.robinx.io/deployer/:address,GET,0xa13d363aecccf878ec64f6eb687eb4a771fb0599,True,402,True,True,2,True,True,249,
2026-09-30,api.robinx.io,https://api.robinx.io/report/:token,GET,0xa13d363aecccf878ec64f6eb687eb4a771fb0599,True,402,True,True,2,True,True,168,
2026-09-30,api.robinx.io,https://api.robinx.io/signals/calls,GET,0xa13d363aecccf878ec64f6eb687eb4a771fb0599,True,402,True,True,2,True,True,293,
2026-09-30,api.robinx.io,https://api.robinx.io/social/momentum,GET,0xa13d363aecccf878ec64f6eb687eb4a771fb0599,True,402,True,True,2,True,True,222,
2026-09-30,api.seerium.xyz,https://api.seerium.xyz/v1/prediction/arb/same-outcome-spread,GET,0x81832eede3a4ad96cb3d7ca09977636d912fd3d5,True,402,True,True,2,False,True,158,
2026-09-30,api.seerium.xyz,https://api.seerium.xyz/v1/prediction/builders,GET,0x81832eede3a4ad96cb3d7ca09977636d912fd3d5,True,402,True,True,2,False,True,157,
2026-09-30,api.seerium.xyz,https://api.seerium.xyz/v1/prediction/builders/detail,GET,0x81832eede3a4ad96cb3d7ca09977636d912fd3d5,True,402,True,True,2,False,True,338,
2026-09-30,api.seerium.xyz,https://api.seerium.xyz/v1/prediction/scan,GET,0x81832eede3a4ad96cb3d7ca09977636d912fd3d5,True,402,True,True,2,False,True,167,
2026-09-30,api.seerium.xyz,https://api.seerium.xyz/v1/prediction/whale-radar/by-wallet,GET,0x81832eede3a4ad96cb3d7ca09977636d912fd3d5,True,402,True,True,2,False,True,219,
2026-09-30,api.signalfuse.co,https://api.signalfuse.co/v1/arena/rsi_7_extremes/BTC,GET,0x9173fc7aca730ae34838f08dfe85d4a608f38c38,True,402,True,True,2,True,True,161,
2026-09-30,api.signalfuse.co,https://api.signalfuse.co/v1/arena/vwap_reversion/BTC,GET,0xca87adbcffdf6539a387783fef17a91dbabeef52,True,402,True,True,2,True,True,69,
2026-09-30,api.signalfuse.co,https://api.signalfuse.co/v1/sentiment/GOOGL,GET,0xf080a1aab08650946acda41410a7edc14f7be035,True,402,True,True,2,True,True,95,
2026-09-30,api.signalfuse.co,https://api.signalfuse.co/v1/sentiment/HOOD,GET,0xf080a1aab08650946acda41410a7edc14f7be035,True,402,True,True,2,True,True,70,
2026-09-30,api.signalfuse.co,https://api.signalfuse.co/v1/sentiment/TSLA,GET,0xf080a1aab08650946acda41410a7edc14f7be035,True,402,True,True,2,True,True,76,
2026-09-30,api.signalfuse.co,https://api.signalfuse.co/v1/signal/ARB,GET,0xf080a1aab08650946acda41410a7edc14f7be035,True,402,True,True,2,True,True,61,
2026-09-30,api.signalfuse.co,https://api.signalfuse.co/v1/signal/ETH,GET,0xf080a1aab08650946acda41410a7edc14f7be035,True,402,True,True,2,True,True,72,
2026-09-30,api.sirenic.eu,https://api.sirenic.eu/v1/associations/recherche,GET,0x76a672eee56d29d475b0715cc03b8c99d70ec8a2,True,402,True,True,2,True,True,524,
2026-09-30,api.sirenic.eu,https://api.sirenic.eu/v1/documents/:type/:id,GET,0x76a672eee56d29d475b0715cc03b8c99d70ec8a2,True,402,True,True,2,True,True,513,
2026-09-30,api.sirenic.eu,https://api.sirenic.eu/v1/entreprise/:siren/etablissements,GET,0x76a672eee56d29d475b0715cc03b8c99d70ec8a2,True,402,True,True,2,True,True,512,
2026-09-30,api.sirenic.eu,https://api.sirenic.eu/v1/eu/entreprise/CZ/:ico/insolvabilite,GET,0x76a672eee56d29d475b0715cc03b8c99d70ec8a2,True,402,True,True,2,True,True,874,
2026-09-30,api.sirenic.eu,https://api.sirenic.eu/v1/eu/entreprise/DK/:id/comptes/:date_cloture,GET,0x76a672eee56d29d475b0715cc03b8c99d70ec8a2,True,402,True,True,2,True,True,529,
2026-09-30,api.socialfetch.dev,https://api.socialfetch.dev/v1/instagram/profiles/:handle/reels,GET,0x02c2fcafce36b4aadb39625866bc6b1699d83043,True,402,True,True,2,True,True,155,
2026-09-30,api.socialfetch.dev,https://api.socialfetch.dev/v1/linkedin/profiles,GET,0x02c2fcafce36b4aadb39625866bc6b1699d83043,True,402,True,True,2,False,True,281,
2026-09-30,api.socialfetch.dev,https://api.socialfetch.dev/v1/tiktok/profiles/:handle,GET,0x02c2fcafce36b4aadb39625866bc6b1699d83043,True,402,True,True,2,True,True,249,
2026-09-30,api.socialfetch.dev,https://api.socialfetch.dev/v1/tiktok/videos/comments,GET,0x02c2fcafce36b4aadb39625866bc6b1699d83043,True,402,True,True,2,True,True,152,
2026-09-30,api.socialfetch.dev,https://api.socialfetch.dev/v1/web/ask,GET,0x02c2fcafce36b4aadb39625866bc6b1699d83043,True,402,True,True,2,True,True,159,
2026-09-30,api.sourcey.com,https://api.sourcey.com/v1/startup-credits/reviews,POST,0x26572ff23c6c52bfb1a69cb0c9114a8be443b422,True,402,True,True,2,False,True,1168,
2026-09-30,api.stacktr.ee,https://api.stacktr.ee/provision,POST,0xcc985ba6934d134feec4824ba40258608f3a4333,True,402,True,True,2,True,True,82,
2026-09-30,api.stacktr.ee,https://api.stacktr.ee/publish,POST,0xcc985ba6934d134feec4824ba40258608f3a4333,True,402,True,True,2,True,True,136,
2026-09-30,api.stelardigital.com,https://api.stelardigital.com/pricecheck,GET,0x32d711c66dd1ad0c42d0cfe48e58ee5f2de7c243,True,402,True,True,2,True,True,113,
2026-09-30,api.stelardigital.com,https://api.stelardigital.com/sentiment,GET,0x32d711c66dd1ad0c42d0cfe48e58ee5f2de7c243,True,402,True,True,2,True,True,85,
2026-09-30,api.stelardigital.com,https://api.stelardigital.com/telemetry,GET,0x32d711c66dd1ad0c42d0cfe48e58ee5f2de7c243,True,402,True,True,2,True,True,251,
2026-09-30,api.stocktrends.com,https://api.stocktrends.com/v1/agent/screener/top,GET,0xaeeb8eabdc05532a26123045f99d208eb1cc00ab,True,402,True,True,2,True,True,435,
2026-09-30,api.stocktrends.com,https://api.stocktrends.com/v1/breadth/sector/history,GET,0xaeeb8eabdc05532a26123045f99d208eb1cc00ab,True,402,True,True,2,True,True,435,
2026-09-30,api.stocktrends.com,https://api.stocktrends.com/v1/indicators/history,GET,0xaeeb8eabdc05532a26123045f99d208eb1cc00ab,True,402,True,True,2,True,True,469,
2026-09-30,api.stocktrends.com,https://api.stocktrends.com/v1/leadership/rotation/history,GET,0xaeeb8eabdc05532a26123045f99d208eb1cc00ab,True,402,True,True,2,True,True,514,
2026-09-30,api.stocktrends.com,https://api.stocktrends.com/v1/selections/published/latest,GET,0xaeeb8eabdc05532a26123045f99d208eb1cc00ab,True,402,True,True,2,True,True,457,
2026-09-30,api.strale.io,https://api.strale.io/x402/page-speed-test,GET,0x66d7c2f952362bfb24fd7f02a9bec9c754ea83bc,True,402,True,True,1,True,True,162,
2026-09-30,api.strale.io,https://api.strale.io/x402/phone-validate,GET,0x66d7c2f952362bfb24fd7f02a9bec9c754ea83bc,True,402,True,True,1,True,True,218,
2026-09-30,api.strale.io,https://api.strale.io/x402/token-count,GET,0x66d7c2f952362bfb24fd7f02a9bec9c754ea83bc,True,402,True,True,1,True,True,162,
2026-09-30,api.strale.io,https://api.strale.io/x402/url-to-text,GET,0x66d7c2f952362bfb24fd7f02a9bec9c754ea83bc,True,402,True,True,1,True,True,144,
2026-09-30,api.strale.io,https://api.strale.io/x402/v2/agent-trace-analyze,GET,0x66d7c2f952362bfb24fd7f02a9bec9c754ea83bc,True,402,True,True,2,True,True,148,
2026-09-30,api.suverse.io,https://api.suverse.io/v1/gov,POST,0x260fbe1ec46968ee02e5b972507d7bb7f09f82b0,True,402,True,True,2,True,True,695,
2026-09-30,api.tcgapi.dev,https://api.tcgapi.dev/v1/sets/100001/prices,GET,0x908b2cc89a2387f754ba3c80aedb06f3457436aa,True,402,True,True,1,True,True,186,
2026-09-30,api.telemost.io,https://api.telemost.io/v1/ads/networks,GET,0xf99b281010c5e6cbcf486d7ef108b315be7ce0e9,True,402,True,True,2,True,True,561,
2026-09-30,api.telemost.io,https://api.telemost.io/v1/data/messages,GET,0xf99b281010c5e6cbcf486d7ef108b315be7ce0e9,True,402,True,True,2,True,True,302,
2026-09-30,api.telemost.io,https://api.telemost.io/v1/data/sentiment/llm,GET,0xf99b281010c5e6cbcf486d7ef108b315be7ce0e9,True,402,True,True,2,True,True,592,
2026-09-30,api.telemost.io,https://api.telemost.io/v1/meta/dictionaries,GET,0xf99b281010c5e6cbcf486d7ef108b315be7ce0e9,True,402,True,True,2,True,True,273,
2026-09-30,api.telemost.io,https://api.telemost.io/v1/stats/subscribers,GET,0xf99b281010c5e6cbcf486d7ef108b315be7ce0e9,True,402,True,True,2,True,True,572,
2026-09-30,api.terradeed.co.uk,https://api.terradeed.co.uk/extract,POST,0x4e024e356bd01853654b7b5196f2b85f67cc39ec,True,402,True,True,2,True,True,224,
2026-09-30,api.terradeed.co.uk,https://api.terradeed.co.uk/scrape,POST,0x4e024e356bd01853654b7b5196f2b85f67cc39ec,True,402,True,True,2,True,True,145,
2026-09-30,api.tickersfeed.net,https://api.tickersfeed.net/chain/:chain/stats,GET,0xe82ebef57fa5af958b8ecb6843d4327d314f59e3,True,404,True,False,,,,269,
2026-09-30,api.tickersfeed.net,https://api.tickersfeed.net/defi/yields,GET,0xe82ebef57fa5af958b8ecb6843d4327d314f59e3,True,402,True,True,2,True,True,282,
2026-09-30,api.tickersfeed.net,https://api.tickersfeed.net/econ/inflation,GET,0xe82ebef57fa5af958b8ecb6843d4327d314f59e3,True,402,True,True,2,True,True,356,
2026-09-30,api.tickersfeed.net,https://api.tickersfeed.net/econ/snapshot,GET,0xe82ebef57fa5af958b8ecb6843d4327d314f59e3,True,402,True,True,2,True,True,294,
2026-09-30,api.tickersfeed.net,https://api.tickersfeed.net/sec/:symbol/insiders,GET,0xe82ebef57fa5af958b8ecb6843d4327d314f59e3,True,404,True,False,,,,262,
2026-09-30,api.ukintel.uk,https://api.ukintel.uk/v1/company/:number/fca,GET,0x8aa6a85a2723e2816204f3cf48d76b84bafdaab4,True,403,True,False,,,,173,
2026-09-30,api.ukintel.uk,https://api.ukintel.uk/v1/funders/:name,GET,0x8aa6a85a2723e2816204f3cf48d76b84bafdaab4,True,402,True,True,2,True,True,140,
2026-09-30,api.ukintel.uk,https://api.ukintel.uk/v1/grants/:id/eligibility,GET,0x8aa6a85a2723e2816204f3cf48d76b84bafdaab4,True,403,True,False,,,,237,
2026-09-30,api.ukintel.uk,https://api.ukintel.uk/v1/grants/match,POST,0x8aa6a85a2723e2816204f3cf48d76b84bafdaab4,True,402,True,True,2,True,True,316,
2026-09-30,api.ukintel.uk,https://api.ukintel.uk/v1/tenders/fit-score,POST,0x8aa6a85a2723e2816204f3cf48d76b84bafdaab4,True,402,True,True,2,True,True,164,
2026-09-30,api.usenami.io,https://api.usenami.io/v1/funding/historical,GET,0x1538726707212f4db3eb67cec0910422a310475c,True,402,True,True,2,True,True,785,
2026-09-30,api.usenami.io,https://api.usenami.io/v1/orderbook/depth/:venue/:symbol,GET,0x1538726707212f4db3eb67cec0910422a310475c,True,410,True,False,,,,781,
2026-09-30,api.usenami.io,https://api.usenami.io/v1/perp/oi-history,GET,0x1538726707212f4db3eb67cec0910422a310475c,True,402,True,True,2,True,True,782,
2026-09-30,api.usenami.io,https://api.usenami.io/v1/perp/open-interest,GET,0x1538726707212f4db3eb67cec0910422a310475c,True,402,True,True,2,True,True,819,
2026-09-30,api.usenami.io,https://api.usenami.io/v1/perp/volume-anomalies,GET,0x1538726707212f4db3eb67cec0910422a310475c,True,402,True,True,2,True,True,784,
2026-09-30,api.vaults.fyi,https://api.vaults.fyi/v2/assets,GET,0x108bcd8a07c3fdfca3aa500784a8573123a1029f,True,402,True,True,2,True,True,145,
2026-09-30,api.vaults.fyi,https://api.vaults.fyi/v2/detailed-vaults,GET,0x108bcd8a07c3fdfca3aa500784a8573123a1029f,True,402,True,True,2,True,True,374,
2026-09-30,api.vaults.fyi,https://api.vaults.fyi/v2/networks,GET,0x108bcd8a07c3fdfca3aa500784a8573123a1029f,True,402,True,True,2,True,True,140,
2026-09-30,api.vaults.fyi,https://api.vaults.fyi/v2/tags,GET,0x108bcd8a07c3fdfca3aa500784a8573123a1029f,True,402,True,True,2,True,True,143,
2026-09-30,api.vaults.fyi,https://api.vaults.fyi/v2/vaults,GET,0x108bcd8a07c3fdfca3aa500784a8573123a1029f,True,402,True,True,2,True,True,191,
2026-09-30,api.verigrace.com,https://api.verigrace.com:4445/api/kyc-scan,GET,0xd29d93f0a5e161f1f286f5cd5afeb718837c15e1,True,402,True,True,1,True,True,79,
2026-09-30,api.verigrace.com,https://api.verigrace.com:4449/api/defi-risk,GET,0xd29d93f0a5e161f1f286f5cd5afeb718837c15e1,True,402,True,True,1,True,True,81,
2026-09-30,api.verigrace.com,https://api.verigrace.com:4450/api/tax-report,GET,0xd29d93f0a5e161f1f286f5cd5afeb718837c15e1,True,402,True,True,1,True,True,129,
2026-09-30,api.verigrace.com,https://api.verigrace.com:4451/api/contract-gate,GET,0xd29d93f0a5e161f1f286f5cd5afeb718837c15e1,True,402,True,True,1,True,True,70,
2026-09-30,api.vindexapi.dev,https://api.vindexapi.dev/v1/decode,GET,0x444731dac7c9cde478147f41e621a064fcbe70f2,True,402,True,True,2,True,True,447,
2026-09-30,api.webbersites.com,https://api.webbersites.com/api/calc,GET,0xdd5fcea81ca6f1eb39fed5b973de794293b81ba6,True,402,True,True,2,True,True,163,
2026-09-30,api.webbersites.com,https://api.webbersites.com/api/geo,GET,0xdd5fcea81ca6f1eb39fed5b973de794293b81ba6,True,402,True,True,2,True,True,161,
2026-09-30,api.webbersites.com,https://api.webbersites.com/api/scrape,GET,0xdd5fcea81ca6f1eb39fed5b973de794293b81ba6,True,402,True,True,2,True,True,163,
2026-09-30,api.webbersites.com,https://api.webbersites.com/api/store,GET,0xdd5fcea81ca6f1eb39fed5b973de794293b81ba6,True,402,True,True,2,True,True,161,
2026-09-30,api.webbersites.com,https://api.webbersites.com/api/timezone,GET,0xdd5fcea81ca6f1eb39fed5b973de794293b81ba6,True,402,True,True,2,True,True,226,
2026-09-30,api.x-402.online,https://api.x-402.online/v1/extract,POST,0x2c871c2b8876dc35e9e19646fda5abf1cd27735f,True,402,True,True,2,True,True,161,
2026-09-30,api.x-402.online,https://api.x-402.online/v1/extract/verified,POST,0x2c871c2b8876dc35e9e19646fda5abf1cd27735f,True,402,True,True,2,True,True,158,
2026-09-30,api.x-402.online,https://api.x-402.online/v1/render,POST,0x2c871c2b8876dc35e9e19646fda5abf1cd27735f,True,402,True,True,2,True,True,156,
2026-09-30,api.x-402.online,https://api.x-402.online/v1/us/brief,POST,0x2c871c2b8876dc35e9e19646fda5abf1cd27735f,True,402,True,True,2,True,True,186,
2026-09-30,api.x-402.online,https://api.x-402.online/v1/web/prices,POST,0x2c871c2b8876dc35e9e19646fda5abf1cd27735f,True,402,True,True,2,True,True,158,
2026-09-30,api.x402-engine.com,https://api.x402-engine.com/v1/intelligence,POST,0xc3b8ddada48c034541f8e7bffc7da93df17d3aed,True,402,True,True,2,True,True,674,
2026-09-30,api.x402lint.dev,https://api.x402lint.dev/v1/scan,POST,0xf444abc53f5e1e73caec7df64d147ddb119514a0,True,402,True,True,2,True,True,378,
2026-09-30,api.x402node.dev,https://api.x402node.dev/commodity/price/gold/usd/xau-usd,GET,0x4466d4a84b7c49a6a094ec6eef4a0712d6dd125e,True,402,True,True,2,True,True,127,
2026-09-30,api.x402node.dev,https://api.x402node.dev/market/funding-rates,GET,0x4466d4a84b7c49a6a094ec6eef4a0712d6dd125e,True,402,True,True,2,True,True,201,
2026-09-30,api.x402node.dev,https://api.x402node.dev/market/overview,GET,0x4466d4a84b7c49a6a094ec6eef4a0712d6dd125e,True,402,True,True,2,True,True,126,
2026-09-30,api.x402node.dev,https://api.x402node.dev/nft/transfers,GET,0x4466d4a84b7c49a6a094ec6eef4a0712d6dd125e,True,402,True,True,2,True,True,130,
2026-09-30,api.x402node.dev,https://api.x402node.dev/text/stats,GET,0x4466d4a84b7c49a6a094ec6eef4a0712d6dd125e,True,402,True,True,2,True,True,125,
2026-09-30,api.xfuel.app,https://api.xfuel.app/v1/chat/completions,POST,0x23f713411c30bbd9a989c9cbc22eb0b55f7f7334,True,402,True,True,2,True,True,573,
2026-09-30,api.xona-agent.com,https://api.xona-agent.com/base-main/audio/elevenlabs-music,POST,0x515e7bce44baa5f6e42d16d4b5f27768e7f2f8cc,True,402,True,True,2,True,True,286,
2026-09-30,api.xona-agent.com,https://api.xona-agent.com/base-main/audio/x-text-to-speech,POST,0x515e7bce44baa5f6e42d16d4b5f27768e7f2f8cc,True,402,True,True,2,True,True,331,
2026-09-30,api.xona-agent.com,https://api.xona-agent.com/base-main/image/flux-2-pro,POST,0x515e7bce44baa5f6e42d16d4b5f27768e7f2f8cc,True,402,True,True,2,True,True,649,
2026-09-30,api.xynaptic.io,https://api.xynaptic.io/v1/artisan-electricien,GET,0x4ff893df9ab8603d5460fbbaee0d9b8c0fa4d5e9,True,402,True,True,2,True,True,181,
2026-09-30,api.xynaptic.io,https://api.xynaptic.io/v1/commodity-price,GET,0x4ff893df9ab8603d5460fbbaee0d9b8c0fa4d5e9,True,402,True,True,2,True,True,85,
2026-09-30,api.xynaptic.io,https://api.xynaptic.io/v1/gas-tariff-zone,GET,0x4ff893df9ab8603d5460fbbaee0d9b8c0fa4d5e9,True,402,True,True,2,True,True,168,
2026-09-30,api.xynaptic.io,https://api.xynaptic.io/v1/security-analysis,GET,0x4ff893df9ab8603d5460fbbaee0d9b8c0fa4d5e9,True,402,True,True,2,True,True,94,
2026-09-30,api.xynaptic.io,https://api.xynaptic.io/v1/security-price,GET,0x4ff893df9ab8603d5460fbbaee0d9b8c0fa4d5e9,True,402,True,True,2,True,True,123,
2026-09-30,api.you.com,https://api.you.com/v1/finance_research,POST,0xc327d0aeb5f65b514b193b5e5a95cc6f4060815f,True,402,True,True,2,True,True,979,
2026-09-30,api.you.com,https://api.you.com/v1/search,GET,0xc327d0aeb5f65b514b193b5e5a95cc6f4060815f,True,402,True,True,2,True,True,880,
2026-09-30,api.zerion.io,https://api.zerion.io/v1/fungibles/,GET,0xd07c06a650a88bbcf4f0c4fbf2c6c08c9a60acc6,True,402,True,True,2,True,True,203,
2026-09-30,api.zerion.io,https://api.zerion.io/v1/wallets/:address/portfolio,GET,0xd07c06a650a88bbcf4f0c4fbf2c6c08c9a60acc6,True,402,True,True,2,True,True,159,
2026-09-30,api.zerion.io,https://api.zerion.io/v1/wallets/:address/positions,GET,0xd07c06a650a88bbcf4f0c4fbf2c6c08c9a60acc6,True,402,True,True,2,True,True,326,
2026-09-30,api.zerion.io,https://api.zerion.io/v1/wallets/:address/transactions,GET,0xd07c06a650a88bbcf4f0c4fbf2c6c08c9a60acc6,True,402,True,True,2,True,True,329,
2026-09-30,apiacre.com,https://apiacre.com/v1/data/place-geocode,POST,0xa0bfa4f07281c9b248dc3aed2217836bca24869b,True,402,True,True,2,True,True,236,
2026-09-30,apiacre.com,https://apiacre.com/v1/data/timezone-convert,POST,0xa0bfa4f07281c9b248dc3aed2217836bca24869b,True,402,True,True,2,True,True,596,
2026-09-30,apiacre.com,https://apiacre.com/v1/developer/code-change-review,POST,0xa0bfa4f07281c9b248dc3aed2217836bca24869b,True,402,True,True,2,True,True,600,
2026-09-30,apiacre.com,https://apiacre.com/v1/document/redact,POST,0xa0bfa4f07281c9b248dc3aed2217836bca24869b,True,402,True,True,2,True,True,256,
2026-09-30,apiacre.com,https://apiacre.com/v1/research/ofac-entity-search,POST,0xa0bfa4f07281c9b248dc3aed2217836bca24869b,True,402,True,True,2,True,True,543,
2026-09-30,apify-api-git-br-better-actor-pay-merit-systems.vercel.app,https://apify-api-git-br-better-actor-pay-merit-systems.vercel.app/api/actors/apify/instagram-scraper/call,POST,0x23d931f95831cee50b5f5edf4d0e88270f6c8411,True,402,True,True,2,True,True,268,
2026-09-30,apollo.x402.paywithlocus.com,https://apollo.x402.paywithlocus.com/apollo/people-enrichment,POST,0x3c5cbe28eca3b96023c45d3f877da834f1c7d5fa,True,402,True,True,2,True,True,108,
2026-09-30,app.fortiblox.com,https://app.fortiblox.com/api/quote,POST,0x581ab190df2b2932175d987e787acd28a85eaa1c,True,402,True,True,2,True,True,180,
2026-09-30,app.fortiblox.com,https://app.fortiblox.com/api/router/volume,GET,0x581ab190df2b2932175d987e787acd28a85eaa1c,True,402,True,True,2,True,True,343,
2026-09-30,app.fortiblox.com,https://app.fortiblox.com/api/token/:mint,GET,0x581ab190df2b2932175d987e787acd28a85eaa1c,True,402,True,True,2,True,True,183,
2026-09-30,app.fortiblox.com,https://app.fortiblox.com/api/tokens,GET,0x581ab190df2b2932175d987e787acd28a85eaa1c,True,402,True,True,2,True,True,392,
2026-09-30,app.metalift.ai,https://app.metalift.ai/v1/map,POST,0x77761c2ae9545dfcd117afd9029ff141215c2e34,True,402,True,True,2,True,True,285,
2026-09-30,app.metalift.ai,https://app.metalift.ai/v1/scrape,POST,0x77761c2ae9545dfcd117afd9029ff141215c2e34,True,402,True,True,2,False,True,692,
2026-09-30,app.metalift.ai,https://app.metalift.ai/v1/search,POST,0x77761c2ae9545dfcd117afd9029ff141215c2e34,True,402,True,True,2,True,True,713,
2026-09-30,app.metalift.ai,https://app.metalift.ai/v1/sitemap,POST,0x77761c2ae9545dfcd117afd9029ff141215c2e34,True,402,True,True,2,True,True,767,
2026-09-30,app.ravn.exchange,https://app.ravn.exchange/api/v1/x402/execute,POST,0x12d2425fd88c693edb4de004e0c747879b7d6933,True,402,True,True,2,True,True,1451,
2026-09-30,app.ravn.exchange,https://app.ravn.exchange/api/v1/x402/quote,POST,0x12d2425fd88c693edb4de004e0c747879b7d6933,True,402,True,True,2,True,True,195,
2026-09-30,app.suedeai.ai,https://app.suedeai.ai/agent/image,POST,0x10ff767043a1723e0bb5b9207bc37d3442cc9e4f,True,402,True,True,2,True,True,322,
2026-09-30,app.suedeai.ai,https://app.suedeai.ai/agent/video,POST,0x10ff767043a1723e0bb5b9207bc37d3442cc9e4f,True,402,True,True,2,True,True,430,
2026-09-30,app.suedeai.ai,https://app.suedeai.ai/create-music,POST,0x10ff767043a1723e0bb5b9207bc37d3442cc9e4f,True,402,True,True,2,True,True,306,
2026-09-30,appstore.use.x402atlas.com,https://appstore.use.x402atlas.com/product,GET,0x59ea036c64f0f54cdd14a3be8a1a6586b58da71c,True,402,True,True,2,True,True,261,
2026-09-30,appstore.use.x402atlas.com,https://appstore.use.x402atlas.com/reviews,GET,0x59ea036c64f0f54cdd14a3be8a1a6586b58da71c,True,402,True,True,2,True,True,305,
2026-09-30,arbipulse.theaslangroupllc.com,https://arbipulse.theaslangroupllc.com/api/crypto,GET,0x50ab2018c06c6e4eaa9ba52057eb55ed284912fc,True,402,True,True,2,True,True,206,
2026-09-30,archtools.dev,https://archtools.dev/v1/tools/ip-lookup,POST,0x2583aac89f58a63d9ccbedaa5e3baf2196aa967e,True,402,True,True,2,True,True,137,
2026-09-30,archtools.dev,https://archtools.dev/v1/tools/regex-generate,POST,0x2583aac89f58a63d9ccbedaa5e3baf2196aa967e,True,402,True,True,2,True,True,218,
2026-09-30,archtools.dev,https://archtools.dev/v1/tools/rss-parse,POST,0x2583aac89f58a63d9ccbedaa5e3baf2196aa967e,True,402,True,True,2,True,True,281,
2026-09-30,archtools.dev,https://archtools.dev/v1/tools/transcribe-audio,POST,0x2583aac89f58a63d9ccbedaa5e3baf2196aa967e,True,402,True,True,2,True,True,144,
2026-09-30,archtools.dev,https://archtools.dev/v1/tools/transform-text,POST,0x2583aac89f58a63d9ccbedaa5e3baf2196aa967e,True,402,True,True,2,True,True,136,
2026-09-30,ari001.tailb4ac3a.ts.net,https://ari001.tailb4ac3a.ts.net/v1/ventures/ethereum_contract_abi_service/erc20_balance_allowance_bundle,GET,0xb799d3be2f79021bd698f770bd809c296ee754a2,True,402,True,True,2,True,True,418,
2026-09-30,ari001.tailb4ac3a.ts.net,https://ari001.tailb4ac3a.ts.net/v1/ventures/ethereum_contract_abi_service/erc20_total_supply,GET,0xb799d3be2f79021bd698f770bd809c296ee754a2,True,402,True,True,2,True,True,1148,
2026-09-30,ari001.tailb4ac3a.ts.net,https://ari001.tailb4ac3a.ts.net/v1/ventures/ethereum_contract_abi_service/eth_blocknumber,GET,0xb799d3be2f79021bd698f770bd809c296ee754a2,True,402,True,True,2,True,True,5085,
2026-09-30,ari001.tailb4ac3a.ts.net,https://ari001.tailb4ac3a.ts.net/v1/ventures/ethereum_contract_abi_service/eth_getlogs,GET,0xb799d3be2f79021bd698f770bd809c296ee754a2,True,402,True,True,2,True,True,471,
2026-09-30,ari001.tailb4ac3a.ts.net,https://ari001.tailb4ac3a.ts.net/v1/ventures/ethereum_contract_abi_service/rpc_read_eth_gettransactionreceipt,GET,0xb799d3be2f79021bd698f770bd809c296ee754a2,True,402,True,True,2,True,True,506,
2026-09-30,arn-x402-payguard-payment-security.rajdeep-dutta-in.workers.dev,https://arn-x402-payguard-payment-security.rajdeep-dutta-in.workers.dev/preflight,POST,0xa7e1fe3744e3b6d55237d95ce575cafe3b8abecd,True,402,True,True,2,True,True,595,
2026-09-30,asiaref.dev,https://asiaref.dev/v1/certified/:country/:series,GET,0x1f0409ccd20a2fb497d4decef4e17e9d0688fea6,True,402,True,True,2,True,True,1401,
2026-09-30,attest.tollkit.dev,https://attest.tollkit.dev/attest,POST,0xbbfce2d320de6ab328ba93a771c531ebfc9ce704,True,402,True,True,2,True,True,317,
2026-09-30,audit-tools.ai,https://audit-tools.ai/api/evaluations,POST,0x95de884e9eb3f90e496200693d94a636942a130d,True,402,True,True,2,True,True,226,
2026-09-30,audit-tools.ai,https://audit-tools.ai/api/preflight,POST,0x95de884e9eb3f90e496200693d94a636942a130d,True,402,True,True,2,True,True,373,
2026-09-30,audit.152-53-82-29.sslip.io,https://audit.152-53-82-29.sslip.io/v1/audit,POST,0x9ea52806db0b25a8130d2b210d5336ec1dcfba0e,True,402,True,True,2,True,True,261,
2026-09-30,audit.152-53-82-29.sslip.io,https://audit.152-53-82-29.sslip.io/v1/bestsellers,POST,0x9ea52806db0b25a8130d2b210d5336ec1dcfba0e,True,402,True,True,2,True,True,250,
2026-09-30,audit.152-53-82-29.sslip.io,https://audit.152-53-82-29.sslip.io/v1/niche,POST,0x9ea52806db0b25a8130d2b210d5336ec1dcfba0e,True,402,True,True,2,True,True,256,
2026-09-30,audit.152-53-82-29.sslip.io,https://audit.152-53-82-29.sslip.io/v1/pypi,POST,0x9ea52806db0b25a8130d2b210d5336ec1dcfba0e,True,402,True,True,2,True,True,291,
2026-09-30,audit.152-53-82-29.sslip.io,https://audit.152-53-82-29.sslip.io/v1/vulns,POST,0x9ea52806db0b25a8130d2b210d5336ec1dcfba0e,True,402,True,True,2,True,True,257,
2026-09-30,aurelius-node-01.onrender.com,https://aurelius-node-01.onrender.com/api/v1/supply,GET,0x239de97929b20f27aa503b236d33420670bf5ad1,True,402,True,True,2,True,True,217,
2026-09-30,aurelius-node-02-socal.onrender.com,https://aurelius-node-02-socal.onrender.com/api/v1/supply,GET,0x239de97929b20f27aa503b236d33420670bf5ad1,True,402,True,True,2,True,True,201,
2026-09-30,ausca.com,https://ausca.com/v1/extend-inbox,POST,0x26572ff23c6c52bfb1a69cb0c9114a8be443b422,True,402,True,True,2,True,True,169,
2026-09-30,ausca.com,https://ausca.com/v1/lease-browser,POST,0x26572ff23c6c52bfb1a69cb0c9114a8be443b422,True,402,True,True,2,True,True,169,
2026-09-30,ausca.com,https://ausca.com/v1/open-inbox,POST,0x26572ff23c6c52bfb1a69cb0c9114a8be443b422,True,402,True,True,2,True,True,180,
2026-09-30,ausca.com,https://ausca.com/v1/transcribe-media,POST,0x26572ff23c6c52bfb1a69cb0c9114a8be443b422,True,402,True,True,2,True,True,273,
2026-09-30,ausref.dev,https://ausref.dev/v1/certified/:country/:series,GET,0x1f0409ccd20a2fb497d4decef4e17e9d0688fea6,True,402,True,True,2,True,True,1367,
2026-09-30,ax1-new.vercel.app,https://ax1-new.vercel.app/api/dashboard/q-verdict/resource,POST,0x7284d41b5b852f2bd4c99bdf95043d84452d299c,True,402,True,True,2,True,True,160,
2026-09-30,base-gas-x402-production.up.railway.app,https://base-gas-x402-production.up.railway.app/gas,GET,0x0d083590c048a243e24a75e3a7c968145de25b44,True,402,True,True,2,True,True,114,
2026-09-30,base-gas-x402-production.up.railway.app,https://base-gas-x402-production.up.railway.app/gas/cheapest-window,GET,0x0d083590c048a243e24a75e3a7c968145de25b44,True,402,True,True,2,True,True,89,
2026-09-30,base-gas-x402-production.up.railway.app,https://base-gas-x402-production.up.railway.app/gas/compare,GET,0x0d083590c048a243e24a75e3a7c968145de25b44,True,402,True,True,2,True,True,114,
2026-09-30,bazaar-catalog.vercel.app,https://bazaar-catalog.vercel.app/api/hijri,GET,0x21353452e547b306a6007d834c433a118638d3b3,True,402,True,True,2,True,True,190,
2026-09-30,blockchain-api.x402-chain-tools.workers.dev,https://blockchain-api.x402-chain-tools.workers.dev/chain/block,POST,0xa7e1fe3744e3b6d55237d95ce575cafe3b8abecd,True,402,True,True,2,True,True,320,
2026-09-30,blockchain-api.x402-chain-tools.workers.dev,https://blockchain-api.x402-chain-tools.workers.dev/chain/receipt,POST,0xa7e1fe3744e3b6d55237d95ce575cafe3b8abecd,True,402,True,True,2,True,True,393,
2026-09-30,blockchain-api.x402-chain-tools.workers.dev,https://blockchain-api.x402-chain-tools.workers.dev/chain/token-balance,POST,0xa7e1fe3744e3b6d55237d95ce575cafe3b8abecd,True,402,True,True,2,True,True,330,
2026-09-30,blockchain-api.x402-chain-tools.workers.dev,https://blockchain-api.x402-chain-tools.workers.dev/chain/transaction-receipt-status,POST,0xa7e1fe3744e3b6d55237d95ce575cafe3b8abecd,True,402,True,True,2,True,True,421,
2026-09-30,blockrun-staging-f3f7aec-115340-vbsbhh7lea-uc.a.run.app,https://blockrun-staging-f3f7aec-115340-vbsbhh7lea-uc.a.run.app/api/v1/chat/completions,POST,0xe9030014f5dae217d0a152f02a043567b16c1abf,True,404,True,False,,,,144,
2026-09-30,blockrun.ai,https://blockrun.ai/api/v1/chat/completions,POST,0xe9030014f5dae217d0a152f02a043567b16c1abf,True,402,True,True,2,True,True,1435,
2026-09-30,blockrun.ai,"https://blockrun.ai/api/v1/defillama/prices/coingecko:ethena,coingecko:usual",GET,0xe9030014f5dae217d0a152f02a043567b16c1abf,True,402,True,True,2,True,True,159,
2026-09-30,blockrun.ai,"https://blockrun.ai/api/v1/defillama/prices/coingecko:ronin,coingecko:axie-infinity",GET,0xe9030014f5dae217d0a152f02a043567b16c1abf,True,402,True,True,2,True,True,146,
2026-09-30,blockrun.ai,https://blockrun.ai/api/v1/pm/opinion/markets,GET,0x6e007731870ede419cfb31889cd5c4493cecb04c,True,402,True,True,2,True,True,206,
2026-09-30,blockrun.ai,https://blockrun.ai/api/v1/pm/polymarket/cohorts/stats,GET,0x6e007731870ede419cfb31889cd5c4493cecb04c,True,402,True,True,2,True,True,371,
2026-09-30,blockrun.ai,https://blockrun.ai/api/v1/pm/polymarket/market-price/21742633143463906290569050155826241533067272736897614950488156847949938836455,GET,0x6e007731870ede419cfb31889cd5c4493cecb04c,True,402,True,True,2,True,True,146,
2026-09-30,blockrun.ai,https://blockrun.ai/api/v1/pm/polymarket/markets/:hash/open_interest,GET,0x6e007731870ede419cfb31889cd5c4493cecb04c,True,402,True,True,2,True,True,167,
2026-09-30,blockrun.ai,https://blockrun.ai/api/v1/pm/polymarket/positions,GET,0x6e007731870ede419cfb31889cd5c4493cecb04c,True,402,True,True,2,True,True,156,
2026-09-30,blockrun.ai,https://blockrun.ai/api/v1/videos/generations,POST,0xe9030014f5dae217d0a152f02a043567b16c1abf,True,402,True,True,2,True,True,288,
2026-09-30,booaip.vercel.app,https://booaip.vercel.app/api/feargreed,GET,0xcd6b6d99b7751ff30b68fa1365488eb73fa7cefa,True,402,True,True,2,True,True,159,
2026-09-30,booaip.vercel.app,https://booaip.vercel.app/api/gas,GET,0xcd6b6d99b7751ff30b68fa1365488eb73fa7cefa,True,402,True,True,2,True,True,166,
2026-09-30,booaip.vercel.app,https://booaip.vercel.app/api/stablecoins,GET,0xcd6b6d99b7751ff30b68fa1365488eb73fa7cefa,True,402,True,True,2,True,True,144,
2026-09-30,booaip.vercel.app,https://booaip.vercel.app/api/yields,GET,0xcd6b6d99b7751ff30b68fa1365488eb73fa7cefa,True,402,True,True,2,True,True,186,
2026-09-30,btcnode.uk,https://btcnode.uk/api/blocks/recent,GET,0x6a667a72d3d36d95421474019aa46f0308d643fc,True,402,True,True,2,True,True,436,
2026-09-30,btcnode.uk,https://btcnode.uk/api/chain/info,GET,0x6a667a72d3d36d95421474019aa46f0308d643fc,True,402,True,True,2,True,True,437,
2026-09-30,btcnode.uk,https://btcnode.uk/api/fees,GET,0x6a667a72d3d36d95421474019aa46f0308d643fc,True,402,True,True,2,True,True,217,
2026-09-30,btcnode.uk,https://btcnode.uk/api/mempool,GET,0x6a667a72d3d36d95421474019aa46f0308d643fc,True,402,True,True,2,True,True,479,
2026-09-30,btcnode.uk,https://btcnode.uk/api/whales,GET,0x6a667a72d3d36d95421474019aa46f0308d643fc,True,402,True,True,2,True,True,372,
2026-09-30,buildscottsbluff.com,https://buildscottsbluff.com/v1/census,GET,0x53a05c0eed6cbf065f31aedbae7b0d8ce1a0f4db,True,402,True,True,2,True,True,299,
2026-09-30,burn-once-secret-vault.jannioura.workers.dev,https://burn-once-secret-vault.jannioura.workers.dev/,POST,0x86256e25d4e5511eb6dcc474a4e779970267e903,True,402,True,True,2,True,True,156,
2026-09-30,bykaranteli.com,https://bykaranteli.com/api/x402/cot-history,GET,0x0db4c96d8b14f431f3bb8ce1a33f07d2c696a62c,True,402,True,True,2,False,False,361,
2026-09-30,bykaranteli.com,https://bykaranteli.com/api/x402/flow-vpin,GET,0x0db4c96d8b14f431f3bb8ce1a33f07d2c696a62c,True,402,True,True,2,False,False,585,
2026-09-30,bykaranteli.com,https://bykaranteli.com/api/x402/hl-whale-events,GET,0x0db4c96d8b14f431f3bb8ce1a33f07d2c696a62c,True,402,True,True,2,False,False,271,
2026-09-30,bykaranteli.com,https://bykaranteli.com/api/x402/liquidations-raw,GET,0x0db4c96d8b14f431f3bb8ce1a33f07d2c696a62c,True,402,True,True,2,False,False,687,
2026-09-30,bykaranteli.com,https://bykaranteli.com/api/x402/rsi-history,GET,0x0db4c96d8b14f431f3bb8ce1a33f07d2c696a62c,True,402,True,True,2,False,False,259,
2026-09-30,canary.countersignpay.com,https://canary.countersignpay.com/v1/base/head,GET,0xa0f3c29f25778ddf46fce2cab5f7e7c25e6a1451,True,402,True,True,2,True,True,179,
2026-09-30,capitol.lonestaroracle.xyz,https://capitol.lonestaroracle.xyz/trades,GET,0x52ab53912d37759b2ad364f22dd06b16714b6c06,True,402,True,True,2,True,True,306,
2026-09-30,cars2026.vercel.app,https://cars2026.vercel.app/api/cars,GET,0x1e21dba6eeb902343e4128a1957eafb8cdf36f39,True,402,True,True,2,True,True,197,
2026-09-30,chain-analyzer.com,https://chain-analyzer.com/api/v1/x402/address/:address/counterparties,GET,0xe8e26183736d796d401df30810207465fa708959,True,402,True,True,2,True,True,382,
2026-09-30,chain-analyzer.com,https://chain-analyzer.com/api/v1/x402/issuer/supply,GET,0xe8e26183736d796d401df30810207465fa708959,True,402,True,True,2,True,True,382,
2026-09-30,chain-analyzer.com,https://chain-analyzer.com/api/v1/x402/ping,GET,0xe8e26183736d796d401df30810207465fa708959,True,402,True,True,2,True,True,546,
2026-09-30,chain-analyzer.com,https://chain-analyzer.com/api/v1/x402/presign/check,GET,0xe8e26183736d796d401df30810207465fa708959,True,402,True,True,2,True,True,393,
2026-09-30,chain-analyzer.com,https://chain-analyzer.com/api/v1/x402/token/ethereum/:address/peg-status,GET,0xe8e26183736d796d401df30810207465fa708959,True,404,True,False,,,,391,
2026-09-30,chain.cyberwarex.com,https://chain.cyberwarex.com/block,GET,0x058d0cc5cc97e61e8a9f38d6d6365bce525921b2,True,402,True,True,2,True,True,712,
2026-09-30,chain.cyberwarex.com,https://chain.cyberwarex.com/derivatives,GET,0x058d0cc5cc97e61e8a9f38d6d6365bce525921b2,True,402,True,True,2,True,True,678,
2026-09-30,chainsscope.duckdns.org,https://chainsscope.duckdns.org/tools/fee-estimate,POST,0x1f5f8474fa0dc1fde79187abd68ef8ea15adae34,True,402,True,True,2,True,True,594,
2026-09-30,chainverdict.xyz,https://chainverdict.xyz/v1/data/portfolio/:addr,GET,0xae2634e709c454f2720c65a0b2f9ba168e431842,True,402,True,True,2,True,True,253,
2026-09-30,chainverdict.xyz,https://chainverdict.xyz/v1/verify/token/:q,GET,0xae2634e709c454f2720c65a0b2f9ba168e431842,True,402,True,True,2,True,True,634,
2026-09-30,cheaptokens.ai,https://cheaptokens.ai/api/buy,POST,0x213c8d7434e2ae7aa1c392767c5120778d413215,True,400,True,False,,,,294,
2026-09-30,checksum.openverbs.com,https://checksum.openverbs.com/v1/crc32,POST,0xb3f4de103f34b99f0da19b4f16d6b53a14c2194a,True,402,True,True,2,True,True,170,
2026-09-30,chrono.schemasure.com,https://chrono.schemasure.com/v1/business-time,POST,0x9876af0f6d8ed5155cd02d1ca56d128601612690,True,402,True,True,2,True,True,233,
2026-09-30,clearcut-production-bcc0.up.railway.app,https://clearcut-production-bcc0.up.railway.app/api/remove-background,POST,0x9acfdc5a3d6bfbb127615751e0f0e44014e32abf,True,402,True,True,2,False,True,265,
2026-09-30,clinkagent.com,https://clinkagent.com/market/service,GET,0xb1ef5415e9d3695e16977b8be422ab7512f788c0,True,402,True,True,2,True,True,82,
2026-09-30,clinkagent.com,https://clinkagent.com/pm/odds,GET,0xb1ef5415e9d3695e16977b8be422ab7512f788c0,True,402,True,True,2,True,True,80,
2026-09-30,clinkagent.com,https://clinkagent.com/pm/sentiment,GET,0xb1ef5415e9d3695e16977b8be422ab7512f788c0,True,402,True,True,2,True,True,142,
2026-09-30,clinkagent.com,https://clinkagent.com/pm/ticker-events,GET,0xb1ef5415e9d3695e16977b8be422ab7512f788c0,True,402,True,True,2,True,True,87,
2026-09-30,clinkagent.com,https://clinkagent.com/x/profile,GET,0xb1ef5415e9d3695e16977b8be422ab7512f788c0,True,402,True,True,2,True,True,82,
2026-09-30,coil.trade,https://coil.trade/api/board/crypto,GET,0x7b53524d5c5d29efb8c1d128c56f62fe38cd9476,True,402,True,True,2,True,True,122,
2026-09-30,coil.trade,https://coil.trade/api/board/rotation,GET,0x7b53524d5c5d29efb8c1d128c56f62fe38cd9476,True,402,True,True,2,True,True,107,
2026-09-30,coil.trade,https://coil.trade/api/crypto/day,GET,0x7b53524d5c5d29efb8c1d128c56f62fe38cd9476,True,402,True,True,2,True,True,230,
2026-09-30,coil.trade,https://coil.trade/api/crypto/night,GET,0x7b53524d5c5d29efb8c1d128c56f62fe38cd9476,True,402,True,True,2,True,True,233,
2026-09-30,coil.trade,https://coil.trade/api/tradfi-risk,GET,0x7b53524d5c5d29efb8c1d128c56f62fe38cd9476,True,402,True,True,2,True,True,174,
2026-09-30,coinflip402.vercel.app,https://coinflip402.vercel.app/api/coinflip,GET,0xb8c578e039aa2c44dd3dec48e6875ba5763cd67f,True,402,True,True,2,True,True,196,
2026-09-30,coingecko.use.x402atlas.com,https://coingecko.use.x402atlas.com/coin,GET,0x32793f68dc2ea26bbc75eb900da120069e8b6d02,True,402,True,True,2,True,True,255,
2026-09-30,coingecko.use.x402atlas.com,https://coingecko.use.x402atlas.com/history,GET,0x32793f68dc2ea26bbc75eb900da120069e8b6d02,True,402,True,True,2,True,True,260,
2026-09-30,coingecko.use.x402atlas.com,https://coingecko.use.x402atlas.com/markets,GET,0x32793f68dc2ea26bbc75eb900da120069e8b6d02,True,402,True,True,2,True,True,254,
2026-09-30,coingecko.use.x402atlas.com,https://coingecko.use.x402atlas.com/ohlc,GET,0x32793f68dc2ea26bbc75eb900da120069e8b6d02,True,402,True,True,2,True,True,305,
2026-09-30,coingecko.use.x402atlas.com,https://coingecko.use.x402atlas.com/trending,GET,0x32793f68dc2ea26bbc75eb900da120069e8b6d02,True,402,True,True,2,True,True,247,
2026-09-30,coingecko.x402.paywithlocus.com,https://coingecko.x402.paywithlocus.com/coingecko/simple-price,POST,0x3c5cbe28eca3b96023c45d3f877da834f1c7d5fa,True,402,True,True,2,True,True,153,
2026-09-30,concordancehq.duckdns.org,https://concordancehq.duckdns.org/tools/corroboration,POST,0x1f5f8474fa0dc1fde79187abd68ef8ea15adae34,True,402,True,True,2,True,True,493,
2026-09-30,concordancehq.duckdns.org,https://concordancehq.duckdns.org/tools/digest,POST,0x1f5f8474fa0dc1fde79187abd68ef8ea15adae34,True,402,True,True,2,True,True,623,
2026-09-30,concordancehq.duckdns.org,https://concordancehq.duckdns.org/tools/search,POST,0x1f5f8474fa0dc1fde79187abd68ef8ea15adae34,True,402,True,True,2,True,True,498,
2026-09-30,concordancehq.duckdns.org,https://concordancehq.duckdns.org/tools/series,POST,0x1f5f8474fa0dc1fde79187abd68ef8ea15adae34,True,402,True,True,2,True,True,478,
2026-09-30,contextslim.friczero.com,https://contextslim.friczero.com/fetch,GET,0xa18e34607479b706123ca5e1831f24d2ecece4c6,True,402,True,True,2,True,True,236,
2026-09-30,contextslim.friczero.com,https://contextslim.friczero.com/message,GET,0xa18e34607479b706123ca5e1831f24d2ecece4c6,True,402,True,True,2,True,True,286,
2026-09-30,cors-header-checker.underscoredone.com,https://cors-header-checker.underscoredone.com/check,POST,0xe9740820225b3918b4ddd1292c7ca4ca0e2c2f08,True,402,True,True,2,True,True,263,
2026-09-30,cot.lonestaroracle.xyz,https://cot.lonestaroracle.xyz/cot,GET,0x52ab53912d37759b2ad364f22dd06b16714b6c06,True,402,True,True,2,True,True,302,
2026-09-30,council.cyberwarex.com,https://council.cyberwarex.com/council-deep,GET,0x058d0cc5cc97e61e8a9f38d6d6365bce525921b2,True,402,True,True,2,True,True,715,
2026-09-30,crier.vimabrosta.com,https://crier.vimabrosta.com/v1/email,POST,0x835323c73dd9cf4d0d23054d1ee7c11cfea34d4a,True,402,True,True,2,True,True,352,
2026-09-30,crier.vimabrosta.com,https://crier.vimabrosta.com/v1/sms,POST,0x835323c73dd9cf4d0d23054d1ee7c11cfea34d4a,True,402,True,True,2,True,True,172,
2026-09-30,crypto-sentiment-x402.onrender.com,https://crypto-sentiment-x402.onrender.com/sentiment/:symbol,GET,0xa6e10884a70d00de8b8c5dff0a2a9b1a821ce074,True,402,True,True,2,True,True,152,
2026-09-30,crypto.apitoll.cloud,https://crypto.apitoll.cloud/v1/crypto/chart,GET,0x3da40a9ad36640a2c0f533bac368490095574664,True,402,True,True,2,True,True,534,
2026-09-30,crypto.apitoll.cloud,https://crypto.apitoll.cloud/v1/crypto/dex,GET,0x3da40a9ad36640a2c0f533bac368490095574664,True,402,True,True,2,True,True,540,
2026-09-30,crypto.apitoll.cloud,https://crypto.apitoll.cloud/v1/crypto/global,GET,0x3da40a9ad36640a2c0f533bac368490095574664,True,402,True,True,2,True,True,535,
2026-09-30,crypto.apitoll.cloud,https://crypto.apitoll.cloud/v1/crypto/price,GET,0x3da40a9ad36640a2c0f533bac368490095574664,True,402,True,True,2,True,True,636,
2026-09-30,crypto.apitoll.cloud,https://crypto.apitoll.cloud/v1/crypto/tvl,GET,0x3da40a9ad36640a2c0f533bac368490095574664,True,402,True,True,2,True,True,536,
2026-09-30,crypto.forgemesh.io,https://crypto.forgemesh.io/api/kronos/audit,GET,0x93a1f57d2e0dbe4cc882b5dbaebe7f0f16443338,True,402,True,True,2,True,True,306,
2026-09-30,crypto.forgemesh.io,https://crypto.forgemesh.io/api/kronos/futures/risk,GET,0x93a1f57d2e0dbe4cc882b5dbaebe7f0f16443338,True,402,True,True,2,True,True,182,
2026-09-30,crypto.forgemesh.io,https://crypto.forgemesh.io/api/kronos/risk,GET,0x93a1f57d2e0dbe4cc882b5dbaebe7f0f16443338,True,402,True,True,2,True,True,409,
2026-09-30,crypto.forgemesh.io,https://crypto.forgemesh.io/api/kronos/signals,GET,0x93a1f57d2e0dbe4cc882b5dbaebe7f0f16443338,True,402,True,True,2,True,True,181,
2026-09-30,crypto.forgemesh.io,https://crypto.forgemesh.io/signal/:symbol,GET,0x93a1f57d2e0dbe4cc882b5dbaebe7f0f16443338,True,402,True,True,2,True,True,325,
2026-09-30,cryptodataapi.com,https://cryptodataapi.com/api/v1/event/calendar,GET,0xb48699946ce35fdab44b5cd99ad41eb8d977ba8b,True,402,True,True,2,True,True,265,
2026-09-30,cryptodataapi.com,https://cryptodataapi.com/api/v1/market-intelligence/etf/btc/flows,GET,0xb48699946ce35fdab44b5cd99ad41eb8d977ba8b,True,402,True,True,2,True,True,255,
2026-09-30,cryptodataapi.com,https://cryptodataapi.com/api/v1/market-intelligence/liquidations,GET,0xb48699946ce35fdab44b5cd99ad41eb8d977ba8b,True,402,True,True,2,True,True,555,
2026-09-30,cryptodataapi.com,https://cryptodataapi.com/api/v1/quant/whales,GET,0xb48699946ce35fdab44b5cd99ad41eb8d977ba8b,True,402,True,True,2,True,True,244,
2026-09-30,cryptodataapi.com,https://cryptodataapi.com/api/v1/regimes/current,GET,0xb48699946ce35fdab44b5cd99ad41eb8d977ba8b,True,402,True,True,2,True,True,683,
2026-09-30,cryptoops.friczero.com,https://cryptoops.friczero.com/mcp,POST,0xa18e34607479b706123ca5e1831f24d2ecece4c6,True,402,True,True,2,True,True,772,
2026-09-30,cryptyx.ai,https://cryptyx.ai/api/asset-factors,GET,0x0cd2c9724f185a029101b4aeacf3f114415c394f,True,402,True,True,2,True,True,210,
2026-09-30,cryptyx.ai,https://cryptyx.ai/api/asset/regime,GET,0x0cd2c9724f185a029101b4aeacf3f114415c394f,True,402,True,True,2,True,True,170,
2026-09-30,cryptyx.ai,https://cryptyx.ai/api/metrics/slicer/composite,POST,0x0cd2c9724f185a029101b4aeacf3f114415c394f,True,402,True,True,2,True,True,296,
2026-09-30,cryptyx.ai,https://cryptyx.ai/api/triggers/custom,POST,0x0cd2c9724f185a029101b4aeacf3f114415c394f,True,402,True,True,2,True,True,201,
2026-09-30,cryptyx.ai,https://cryptyx.ai/api/v1/harness/evaluations,GET,0x0cd2c9724f185a029101b4aeacf3f114415c394f,True,402,True,True,2,True,True,298,
2026-09-30,data.greeneris.io,https://data.greeneris.io/v1/domain/rdap,GET,0x6ab8efe305cce67daa48c97bde29c04402822dff,True,402,True,True,2,True,True,77,
2026-09-30,data.greeneris.io,https://data.greeneris.io/v1/fr/dpe,GET,0x6ab8efe305cce67daa48c97bde29c04402822dff,True,402,True,True,2,True,True,159,
2026-09-30,data.greeneris.io,https://data.greeneris.io/v1/fr/tenders,GET,0x6ab8efe305cce67daa48c97bde29c04402822dff,True,402,True,True,2,True,True,80,
2026-09-30,data.greeneris.io,https://data.greeneris.io/v1/geo/quakes,GET,0x6ab8efe305cce67daa48c97bde29c04402822dff,True,402,True,True,2,True,True,68,
2026-09-30,data.greeneris.io,https://data.greeneris.io/v1/npm/cdn-rank,GET,0x6ab8efe305cce67daa48c97bde29c04402822dff,True,402,True,True,2,True,True,71,
2026-09-30,data.rcqsignals.com,https://data.rcqsignals.com/v1/fetch/btc-funding-regime,GET,0x510d1c21788166b0a39f83796bf624e006849690,True,402,True,True,2,True,True,489,
2026-09-30,dataforagents.net,https://dataforagents.net/v1/news/pulse/alpha,GET,0x5d4ecba4458c49b6f92fd5384686f0caf0c3080b,True,402,True,True,2,True,True,260,
2026-09-30,dataforagents.net,https://dataforagents.net/v1/steam/search,GET,0x5d4ecba4458c49b6f92fd5384686f0caf0c3080b,True,402,True,True,2,True,True,306,
2026-09-30,datasourcepulse.com,https://datasourcepulse.com/api/x402/check,POST,0x7ccb91a3ad4c45097bda4c3c29d2cc89fa93ab36,True,402,True,True,2,True,True,281,
2026-09-30,datastand.dev,https://datastand.dev/api/bazaar/cheapest,GET,0x470a1b647d668d3820add26d70c8371557ff4c6b,True,402,True,True,2,True,True,110,
2026-09-30,datastand.dev,https://datastand.dev/api/bazaar/provider,GET,0x470a1b647d668d3820add26d70c8371557ff4c6b,True,402,True,True,2,True,True,109,
2026-09-30,datastand.dev,https://datastand.dev/api/data/npm-vuln-digest,GET,0x470a1b647d668d3820add26d70c8371557ff4c6b,True,402,True,True,2,True,True,197,
2026-09-30,datastand.dev,https://datastand.dev/api/llm/route,GET,0x470a1b647d668d3820add26d70c8371557ff4c6b,True,402,True,True,2,False,True,122,
2026-09-30,datastand.dev,https://datastand.dev/api/search/bazaar,GET,0x470a1b647d668d3820add26d70c8371557ff4c6b,True,402,True,True,2,True,True,175,
2026-09-30,deepai.pay.zeroclick.io,https://deepai.pay.zeroclick.io/api/creative-upscale,POST,0x2a90d68071b16ba7ab236709d4e37a54f56fea3b,True,402,True,True,2,True,True,331,
2026-09-30,deepai.pay.zeroclick.io,https://deepai.pay.zeroclick.io/api/image-editor,POST,0x2a90d68071b16ba7ab236709d4e37a54f56fea3b,True,400,True,False,,,,250,
2026-09-30,deepai.pay.zeroclick.io,https://deepai.pay.zeroclick.io/api/text2img,POST,0x2a90d68071b16ba7ab236709d4e37a54f56fea3b,True,400,True,False,,,,164,
2026-09-30,deepai.pay.zeroclick.io,https://deepai.pay.zeroclick.io/api/torch-srgan,POST,0x2a90d68071b16ba7ab236709d4e37a54f56fea3b,True,402,True,True,2,True,True,363,
2026-09-30,deepai.pay.zeroclick.io,https://deepai.pay.zeroclick.io/video-api/text2video,POST,0x2a90d68071b16ba7ab236709d4e37a54f56fea3b,True,400,True,False,,,,125,
2026-09-30,defi-api.agenticfi.wtf,https://defi-api.agenticfi.wtf/api/chain/block-height/base,GET,0xb3e9391f04f791462ed2a1ebafabe254d7afe3a5,True,402,True,True,2,True,True,197,
2026-09-30,defi-api.agenticfi.wtf,https://defi-api.agenticfi.wtf/api/defi/dex-volume,GET,0xb3e9391f04f791462ed2a1ebafabe254d7afe3a5,True,402,True,True,2,True,True,206,
2026-09-30,defi-api.agenticfi.wtf,https://defi-api.agenticfi.wtf/api/defi/stablecoin-stats,GET,0xb3e9391f04f791462ed2a1ebafabe254d7afe3a5,True,402,True,True,2,True,True,246,
2026-09-30,defi-api.agenticfi.wtf,https://defi-api.agenticfi.wtf/api/token/supply/ethereum,GET,0xb3e9391f04f791462ed2a1ebafabe254d7afe3a5,True,402,True,True,2,True,True,198,
2026-09-30,defi-api.agenticfi.wtf,https://defi-api.agenticfi.wtf/api/token/trending,GET,0xb3e9391f04f791462ed2a1ebafabe254d7afe3a5,True,402,True,True,2,True,True,202,
2026-09-30,defi-signals.org,https://defi-signals.org/defi/funding-rates,GET,0xe72b85a97a6e19413d8b80633787eda6d6237a77,True,402,True,True,2,True,True,196,
2026-09-30,defi-signals.org,https://defi-signals.org/market/snapshot,GET,0xe72b85a97a6e19413d8b80633787eda6d6237a77,True,402,True,True,2,True,True,399,
2026-09-30,defi.hugen.tokyo,https://defi.hugen.tokyo/defi/token/solana,GET,0x29322ea7ecb34aa6164cb2ddeb9ce650902e4f60,True,402,True,True,2,True,True,507,
2026-09-30,defillama.use.x402atlas.com,https://defillama.use.x402atlas.com/dexs-chain,GET,0xcb8025d951e5e45be7d288b658eeee6f05713006,True,402,True,True,2,True,True,245,
2026-09-30,defillama.use.x402atlas.com,https://defillama.use.x402atlas.com/fees-chain,GET,0xcb8025d951e5e45be7d288b658eeee6f05713006,True,402,True,True,2,True,True,253,
2026-09-30,defillama.use.x402atlas.com,https://defillama.use.x402atlas.com/prices-historical,GET,0xcb8025d951e5e45be7d288b658eeee6f05713006,True,402,True,True,2,True,True,280,
2026-09-30,defillama.use.x402atlas.com,https://defillama.use.x402atlas.com/protocols,GET,0xcb8025d951e5e45be7d288b658eeee6f05713006,True,402,True,True,2,True,True,266,
2026-09-30,defillama.use.x402atlas.com,https://defillama.use.x402atlas.com/stablecoin-prices,GET,0xcb8025d951e5e45be7d288b658eeee6f05713006,True,402,True,True,2,True,True,253,
2026-09-30,dependency-risk.use.x402atlas.com,https://dependency-risk.use.x402atlas.com/sbom,POST,0x8c128f1ee62bb5e47867cfbae2ad89be325df1b2,True,400,True,False,,,,296,
2026-09-30,dev.gavedu.com,https://dev.gavedu.com/x402/candles,GET,0x01b34d04b658990fd1f22cc4dddeaba10349b1c4,True,402,True,True,2,True,True,937,
2026-09-30,dev.gavedu.com,https://dev.gavedu.com/x402/regime,GET,0x01b34d04b658990fd1f22cc4dddeaba10349b1c4,True,402,True,True,2,True,True,914,
2026-09-30,devpkg-intel.bowling-anthony.workers.dev,https://devpkg-intel.bowling-anthony.workers.dev/package,GET,0x1831f336585a6c67b6a954d28f3e07f44c4eebbd,True,402,True,True,2,True,True,176,
2026-09-30,dicex402.vercel.app,https://dicex402.vercel.app/api/dice,GET,0xbf0df63a4a47e5a72a976ece1d78aefeccc773a0,True,402,True,True,2,True,True,181,
2026-09-30,digital-myto.onrender.com,https://digital-myto.onrender.com/api/base-block,GET,0x5533c0e8ef9f833b0bac10d74e582da9767309b7,True,402,True,True,2,True,True,206,
2026-09-30,digital-myto.onrender.com,https://digital-myto.onrender.com/api/whales/latest,GET,0x5533c0e8ef9f833b0bac10d74e582da9767309b7,True,402,True,True,2,False,True,142,
2026-09-30,disruption.forgemesh.io,https://disruption.forgemesh.io/events/:id/severity,GET,0xa8774facfd3da2ea11f240c977b9973d78adfcfe,True,402,True,True,2,True,True,320,
2026-09-30,disruption.forgemesh.io,https://disruption.forgemesh.io/events/:id/timeline,GET,0xa8774facfd3da2ea11f240c977b9973d78adfcfe,True,402,True,True,2,True,True,169,
2026-09-30,disruption.forgemesh.io,https://disruption.forgemesh.io/gold/brief,GET,0xa8774facfd3da2ea11f240c977b9973d78adfcfe,True,402,True,True,2,True,True,334,
2026-09-30,disruption.forgemesh.io,https://disruption.forgemesh.io/jurisdictions/:state,GET,0xa8774facfd3da2ea11f240c977b9973d78adfcfe,True,402,True,True,2,True,True,347,
2026-09-30,disruption.forgemesh.io,https://disruption.forgemesh.io/ripple/index,GET,0xa8774facfd3da2ea11f240c977b9973d78adfcfe,True,402,True,True,2,True,True,351,
2026-09-30,dns.use.x402atlas.com,https://dns.use.x402atlas.com/a,GET,0x446e51deab3ae656c99e65369e8ef1148d23d7f7,True,402,True,True,2,True,True,301,
2026-09-30,dns.use.x402atlas.com,https://dns.use.x402atlas.com/dnssec,GET,0x446e51deab3ae656c99e65369e8ef1148d23d7f7,True,402,True,True,2,True,True,246,
2026-09-30,dns.use.x402atlas.com,https://dns.use.x402atlas.com/rdap,GET,0x446e51deab3ae656c99e65369e8ef1148d23d7f7,True,402,True,True,2,True,True,252,
2026-09-30,dns.use.x402atlas.com,https://dns.use.x402atlas.com/txt,GET,0x446e51deab3ae656c99e65369e8ef1148d23d7f7,True,402,True,True,2,True,True,243,
2026-09-30,dns.use.x402atlas.com,https://dns.use.x402atlas.com/whois,GET,0x446e51deab3ae656c99e65369e8ef1148d23d7f7,True,402,True,True,2,True,True,259,
2026-09-30,dnsdomain.hergertsynthora.com,https://dnsdomain.hergertsynthora.com/service,POST,0x6d9f318463168ff637b50e5b9a21392e97c7c167,True,402,True,True,2,True,True,660,
2026-09-30,dokimo.augaster.com,https://dokimo.augaster.com/paid/verify,GET,0xb3cc1566b213dc97f6aac5984e849df2f2391772,True,402,True,True,2,True,True,170,
2026-09-30,domain.hugen.tokyo,https://domain.hugen.tokyo/domain/full,GET,0x29322ea7ecb34aa6164cb2ddeb9ce650902e4f60,True,402,True,True,2,True,True,489,
2026-09-30,driftflight.pay.zeroclick.io,https://driftflight.pay.zeroclick.io/v1/images/generate,POST,0x00acee6cd97a308ace9a3fe7da90664bfa9b6d21,True,402,True,True,2,True,True,363,
2026-09-30,dripstack.com,https://dripstack.com/api/v1/publications/:publicationSlug/:postSlug,GET,0xbf22b6ddb5a08c823856a779f1004eea60c5ab92,True,404,True,False,,,,181,
2026-09-30,dripstack.com,https://dripstack.com/api/v1/stock-picks,GET,0xbf22b6ddb5a08c823856a779f1004eea60c5ab92,True,402,True,True,2,False,True,208,
2026-09-30,dripstack.com,https://dripstack.com/api/v2/stock-picks,GET,0xbf22b6ddb5a08c823856a779f1004eea60c5ab92,True,402,True,True,2,False,True,387,
2026-09-30,dripstack.xyz,https://dripstack.xyz/api/v1/publications/:publicationSlug/:postSlug,GET,0xbf22b6ddb5a08c823856a779f1004eea60c5ab92,True,404,True,False,,,,427,
2026-09-30,dt0ur.online,https://dt0ur.online/api/audio/stems,POST,0x7f520c845d5dc5e51a27699a1f098dc13aa789b7,True,402,True,True,2,True,True,218,
2026-09-30,dt0ur.online,https://dt0ur.online/api/content/trivia,POST,0x7f520c845d5dc5e51a27699a1f098dc13aa789b7,True,402,True,True,2,True,True,190,
2026-09-30,dt0ur.online,https://dt0ur.online/api/escrow/release,POST,0x7f520c845d5dc5e51a27699a1f098dc13aa789b7,True,402,True,True,2,True,True,392,
2026-09-30,dt0ur.online,https://dt0ur.online/api/music/search,POST,0x7f520c845d5dc5e51a27699a1f098dc13aa789b7,True,402,True,True,2,True,True,250,
2026-09-30,dt0ur.online,https://dt0ur.online/api/utility/case-convert,POST,0x7f520c845d5dc5e51a27699a1f098dc13aa789b7,True,402,True,True,2,True,True,265,
2026-09-30,dwelldata.io,https://dwelldata.io/api/deals/basic,GET,0xaab91727a29827783bc42135fc56bff5bfb8911d,True,402,True,True,2,True,True,179,
2026-09-30,dwelldata.io,https://dwelldata.io/api/signals,GET,0xaab91727a29827783bc42135fc56bff5bfb8911d,True,402,True,True,2,True,True,210,
2026-09-30,earthquakes.use.x402atlas.com,https://earthquakes.use.x402atlas.com/significant,GET,0x8c128f1ee62bb5e47867cfbae2ad89be325df1b2,True,402,True,True,2,True,True,349,
2026-09-30,econdash.org,https://econdash.org/api/v1/m2m/countries/DEU,GET,0x39e10e5f431b26cae3d7d0a39aef86055d015d8c,True,402,True,True,2,True,True,580,
2026-09-30,econdash.org,https://econdash.org/api/v1/m2m/indicators/NY.GDP.MKTP.CD,GET,0x39e10e5f431b26cae3d7d0a39aef86055d015d8c,True,402,True,True,2,True,True,562,
2026-09-30,econdash.org,https://econdash.org/api/v1/m2m/stats,GET,0x39e10e5f431b26cae3d7d0a39aef86055d015d8c,True,402,True,True,2,True,True,830,
2026-09-30,edgar.apitoll.cloud,https://edgar.apitoll.cloud/v1/edgar/filings,GET,0x58bdad5e654691ac5ed4631758f3d8da00666b6c,True,402,True,True,2,True,True,537,
2026-09-30,edgar.apitoll.cloud,https://edgar.apitoll.cloud/v1/edgar/insider,GET,0x58bdad5e654691ac5ed4631758f3d8da00666b6c,True,402,True,True,2,True,True,520,
2026-09-30,edgar.apitoll.cloud,https://edgar.apitoll.cloud/v1/edgar/smart-money,GET,0x58bdad5e654691ac5ed4631758f3d8da00666b6c,True,402,True,True,2,True,True,645,
2026-09-30,eltociear-skill-audit.hf.space,https://eltociear-skill-audit.hf.space/headers,POST,0x5bcda55247b238a573a968b234f788a2d35664dd,True,402,True,True,2,True,True,284,
2026-09-30,eltociear-tokenguard.hf.space,https://eltociear-tokenguard.hf.space/brief/market,POST,0x5bcda55247b238a573a968b234f788a2d35664dd,True,402,True,True,2,True,True,259,
2026-09-30,eltociear-tokenguard.hf.space,https://eltociear-tokenguard.hf.space/dex_agg,POST,0x5bcda55247b238a573a968b234f788a2d35664dd,True,402,True,True,2,True,True,254,
2026-09-30,eltociear-tokenguard.hf.space,https://eltociear-tokenguard.hf.space/global_defi,POST,0x5bcda55247b238a573a968b234f788a2d35664dd,True,402,True,True,2,True,True,254,
2026-09-30,eltociear-tokenguard.hf.space,https://eltociear-tokenguard.hf.space/web/search,POST,0x5bcda55247b238a573a968b234f788a2d35664dd,True,402,True,True,2,True,True,268,
2026-09-30,email-verify-api-production-d262.up.railway.app,https://email-verify-api-production-d262.up.railway.app/domain-check,POST,0xffc458db291b4abce020fe3de4f91f2770e537b1,True,402,True,True,2,True,True,97,
2026-09-30,embed.gedx402.com,https://embed.gedx402.com/v1/rerank,POST,0xb3c2776ce3f99cb3366520c27b4ac5d436942ab6,True,402,True,True,2,True,True,757,
2026-09-30,enclave402.com,https://enclave402.com/api/census/export,GET,0xbef3e7cfd486c14dd8c3aa5911134bf361b973c5,True,402,True,True,2,True,True,209,
2026-09-30,enclave402.com,https://enclave402.com/api/compute/hash,POST,0xbef3e7cfd486c14dd8c3aa5911134bf361b973c5,True,402,True,True,2,True,True,218,
2026-09-30,enclave402.com,https://enclave402.com/api/market/signal,GET,0xbef3e7cfd486c14dd8c3aa5911134bf361b973c5,True,402,True,True,2,True,True,260,
2026-09-30,enclave402.com,https://enclave402.com/api/market/verdict,GET,0xbef3e7cfd486c14dd8c3aa5911134bf361b973c5,True,402,True,True,2,True,True,477,
2026-09-30,enclave402.com,https://enclave402.com/api/seller/vet,GET,0xbef3e7cfd486c14dd8c3aa5911134bf361b973c5,True,402,True,True,2,True,True,478,
2026-09-30,equity.lonestaroracle.xyz,https://equity.lonestaroracle.xyz/equity,GET,0x52ab53912d37759b2ad364f22dd06b16714b6c06,True,402,True,True,2,True,True,304,
2026-09-30,evm-gas.apitoll.cloud,https://evm-gas.apitoll.cloud/v1/evm/gas,GET,0xcc69d619e6053f88a4845066518f465bd06fc96c,True,402,True,True,2,True,True,592,
2026-09-30,execbox.xyz,https://execbox.xyz/execute,POST,0x21ba2c2f9cb292cf72360776389099dd0e9a3ae0,True,402,True,True,2,True,True,685,
2026-09-30,extract.tollkit.dev,https://extract.tollkit.dev/extract,POST,0xbbfce2d320de6ab328ba93a771c531ebfc9ce704,True,402,True,True,2,True,True,307,
2026-09-30,extract.tollkit.dev,https://extract.tollkit.dev/extract/batch,POST,0xbbfce2d320de6ab328ba93a771c531ebfc9ce704,True,402,True,True,2,True,True,243,
2026-09-30,fachada.chelsea-hermes.workers.dev,https://fachada.chelsea-hermes.workers.dev/feed/ohlcv,GET,0x734dd50abb63ea5af3d92b8016825475694bd883,True,402,True,True,2,True,True,468,
2026-09-30,fachada.chelsea-hermes.workers.dev,https://fachada.chelsea-hermes.workers.dev/scan/v1/code/scan,POST,0x734dd50abb63ea5af3d92b8016825475694bd883,True,402,True,True,2,True,True,520,
2026-09-30,fachada.chelsea-hermes.workers.dev,https://fachada.chelsea-hermes.workers.dev/trip/v1/plan,GET,0x734dd50abb63ea5af3d92b8016825475694bd883,True,402,True,True,2,True,True,551,
2026-09-30,fal.x402.paywithlocus.com,https://fal.x402.paywithlocus.com/fal/generate,POST,0x3c5cbe28eca3b96023c45d3f877da834f1c7d5fa,True,402,True,True,2,False,True,178,
2026-09-30,fanfare.run,https://fanfare.run/mlb/standings,GET,0x41adee1eba2c276be5e8cabe0ce523e4dd792170,True,402,True,True,2,True,True,267,
2026-09-30,fanfare.run,https://fanfare.run/nba/schedule,GET,0x41adee1eba2c276be5e8cabe0ce523e4dd792170,True,402,True,True,2,True,True,181,
2026-09-30,fanfare.run,https://fanfare.run/nfl/schedule,GET,0x41adee1eba2c276be5e8cabe0ce523e4dd792170,True,402,True,True,2,True,True,220,
2026-09-30,fanfare.run,https://fanfare.run/v1/fantasy/mlb/lineups,GET,0x41adee1eba2c276be5e8cabe0ce523e4dd792170,True,402,True,True,2,True,True,249,
2026-09-30,fanfare.run,https://fanfare.run/v1/us-grand-prix-bundle,GET,0x41adee1eba2c276be5e8cabe0ce523e4dd792170,True,402,True,True,2,True,True,170,
2026-09-30,farouter.tech,https://farouter.tech/v1/messages,POST,0x8e3c3e9c91cc0161b5e1cf138180ef3641d2371e,True,402,True,True,2,True,True,2346,
2026-09-30,farouter.tech,https://farouter.tech/v1/models/glm-5.3-flash/chat/completions,POST,0x8e3c3e9c91cc0161b5e1cf138180ef3641d2371e,True,402,True,True,2,True,True,288,
2026-09-30,farouter.tech,https://farouter.tech/v1/models/gpt-5.6-luna/chat/completions,POST,0x8e3c3e9c91cc0161b5e1cf138180ef3641d2371e,True,402,True,True,2,True,True,567,
2026-09-30,farouter.tech,https://farouter.tech/v1/models/gpt-5.6-sol/chat/completions,POST,0x8e3c3e9c91cc0161b5e1cf138180ef3641d2371e,True,402,True,True,2,False,True,468,
2026-09-30,farouter.tech,https://farouter.tech/v1/models/kimi-k3/chat/completions,POST,0x8e3c3e9c91cc0161b5e1cf138180ef3641d2371e,True,402,True,True,2,True,True,491,
2026-09-30,fastapi-service-5ag4.onrender.com,https://fastapi-service-5ag4.onrender.com/verify/schema,POST,0x42a3c399f83bccc3b9eef81e65954a715d54855e,True,402,True,True,2,True,True,213,
2026-09-30,fiatdock.com,https://fiatdock.com/s/svc_2785c5c6-f38c-40c6-bb58-c4a3bcf39b6a,POST,0xf16f0882de08315b438e9f3a2abfb2d2e5d94eca,True,402,True,True,2,True,True,503,
2026-09-30,fiatdock.com,https://fiatdock.com/s/svc_5817e1dc-9739-47f5-989c-77f0d8bab515,POST,0xf16f0882de08315b438e9f3a2abfb2d2e5d94eca,True,402,True,True,2,True,True,508,
2026-09-30,fiatdock.com,https://fiatdock.com/s/svc_78d0f57e-c03d-4fee-b443-4d7529cfcfcb,POST,0xf16f0882de08315b438e9f3a2abfb2d2e5d94eca,True,402,True,True,2,True,True,503,
2026-09-30,fiatdock.com,https://fiatdock.com/s/svc_9805fe0d-2b72-4dd7-8ba9-a06649e4ff73,GET,0xf16f0882de08315b438e9f3a2abfb2d2e5d94eca,True,402,True,True,2,True,True,488,
2026-09-30,fiatdock.com,https://fiatdock.com/v1/chain/block,POST,0xeb12bb2f52eed33dba6a00774e48324032fd87c6,True,402,True,True,2,True,True,506,
2026-09-30,fiatdock.com,https://fiatdock.com/v1/chain/token-metadata,POST,0xeb12bb2f52eed33dba6a00774e48324032fd87c6,True,402,True,True,2,True,True,507,
2026-09-30,fiatdock.com,https://fiatdock.com/v1/chain/token-report,POST,0xeb12bb2f52eed33dba6a00774e48324032fd87c6,True,402,True,True,2,True,True,506,
2026-09-30,fiatdock.com,https://fiatdock.com/v1/chain/tx-status,POST,0xeb12bb2f52eed33dba6a00774e48324032fd87c6,True,402,True,True,2,True,True,520,
2026-09-30,fiatdock.com,https://fiatdock.com/v1/web/read,POST,0xeb12bb2f52eed33dba6a00774e48324032fd87c6,True,402,True,True,2,True,True,835,
2026-09-30,files.camelai.io,https://files.camelai.io/,POST,0x34d3ed2c5fc6d6a0f25d1aad77193a8aa88a52b5,True,402,True,True,2,True,True,394,
2026-09-30,finance-api.kdlcfa.workers.dev,https://finance-api.kdlcfa.workers.dev/btc-hashrate,GET,0xe3738580ede5384bb8b8d1c8786b391c59d2668d,True,402,True,True,2,True,True,474,
2026-09-30,finance-api.kdlcfa.workers.dev,https://finance-api.kdlcfa.workers.dev/btc-tx-count-recent,GET,0xe3738580ede5384bb8b8d1c8786b391c59d2668d,True,402,True,True,2,True,True,386,
2026-09-30,finance-api.kdlcfa.workers.dev,https://finance-api.kdlcfa.workers.dev/dax-index,GET,0xe3738580ede5384bb8b8d1c8786b391c59d2668d,True,402,True,True,2,True,True,438,
2026-09-30,finance-api.kdlcfa.workers.dev,https://finance-api.kdlcfa.workers.dev/eth-price,GET,0xe3738580ede5384bb8b8d1c8786b391c59d2668d,True,402,True,True,2,True,True,810,
2026-09-30,finance-api.kdlcfa.workers.dev,https://finance-api.kdlcfa.workers.dev/gas-news,GET,0xe3738580ede5384bb8b8d1c8786b391c59d2668d,True,402,True,True,2,True,True,379,
2026-09-30,finance.openverbs.com,https://finance.openverbs.com/v1/loan,POST,0xb3f4de103f34b99f0da19b4f16d6b53a14c2194a,True,402,True,True,2,True,True,174,
2026-09-30,finance.toon.haus,https://finance.toon.haus/api/stock/quote,GET,0xbc64b379295310b4e020f9186de44be0ca4fe3b0,True,402,True,True,2,True,True,614,
2026-09-30,finance.toonhaus.dev,https://finance.toonhaus.dev/api/market/ipo-calendar,GET,0xbc64b379295310b4e020f9186de44be0ca4fe3b0,True,402,True,True,2,True,True,506,
2026-09-30,finance.toonhaus.dev,https://finance.toonhaus.dev/api/market/trending,GET,0xbc64b379295310b4e020f9186de44be0ca4fe3b0,True,402,True,True,2,True,True,623,
2026-09-30,finance.toonhaus.dev,https://finance.toonhaus.dev/api/stock/filings,GET,0xbc64b379295310b4e020f9186de44be0ca4fe3b0,True,402,True,True,2,True,True,536,
2026-09-30,finance.toonhaus.dev,https://finance.toonhaus.dev/api/stock/price-history,GET,0xbc64b379295310b4e020f9186de44be0ca4fe3b0,True,402,True,True,2,True,True,556,
2026-09-30,flat-rate-llm.kikoribera03.workers.dev,https://flat-rate-llm.kikoribera03.workers.dev/v1/ai/speech,GET,0xc210ea7d5692a6401adf25bbcb7acde9cdb7e9ff,True,402,True,True,2,True,True,135,
2026-09-30,flat-rate-llm.kikoribera03.workers.dev,https://flat-rate-llm.kikoribera03.workers.dev/v1/evm/portfolio,GET,0xc210ea7d5692a6401adf25bbcb7acde9cdb7e9ff,True,402,True,True,2,True,True,91,
2026-09-30,flat-rate-llm.kikoribera03.workers.dev,https://flat-rate-llm.kikoribera03.workers.dev/v1/evm/token-info,GET,0xc210ea7d5692a6401adf25bbcb7acde9cdb7e9ff,True,402,True,True,2,True,True,464,
2026-09-30,flat-rate-llm.kikoribera03.workers.dev,https://flat-rate-llm.kikoribera03.workers.dev/v1/evm/token-price,GET,0xc210ea7d5692a6401adf25bbcb7acde9cdb7e9ff,True,402,True,True,2,True,True,380,
2026-09-30,flat-rate-llm.kikoribera03.workers.dev,https://flat-rate-llm.kikoribera03.workers.dev/v1/random/password,GET,0xc210ea7d5692a6401adf25bbcb7acde9cdb7e9ff,True,402,True,True,2,False,True,99,
2026-09-30,flights.use.x402atlas.com,https://flights.use.x402atlas.com/search/:departure/:arrival,GET,0x8c128f1ee62bb5e47867cfbae2ad89be325df1b2,True,402,True,True,2,True,True,272,
2026-09-30,format.openverbs.com,https://format.openverbs.com/v1/convert,POST,0xb3f4de103f34b99f0da19b4f16d6b53a14c2194a,True,402,True,True,2,True,True,173,
2026-09-30,forwardlane.pay.zeroclick.io,https://forwardlane.pay.zeroclick.io/api/graph,GET,0x771e9b2cc7013b903d76a7b98bbb16e6ab9199f2,True,402,True,True,2,True,True,360,
2026-09-30,forwardlane.pay.zeroclick.io,https://forwardlane.pay.zeroclick.io/api/graph/neighbors/:name,GET,0x771e9b2cc7013b903d76a7b98bbb16e6ab9199f2,True,402,True,True,2,True,True,579,
2026-09-30,forwardlane.pay.zeroclick.io,https://forwardlane.pay.zeroclick.io/api/search,GET,0x771e9b2cc7013b903d76a7b98bbb16e6ab9199f2,True,402,True,True,2,True,True,379,
2026-09-30,fractalai.net.co,https://fractalai.net.co/api/x402/attest-training,POST,0xc13789e82661635d9cea38a53a0390cf9939ef4f,True,402,True,True,2,True,True,112,
2026-09-30,fractalai.net.co,https://fractalai.net.co/api/x402/midas-attest,POST,0xc13789e82661635d9cea38a53a0390cf9939ef4f,True,402,True,True,2,True,True,112,
2026-09-30,fractalai.net.co,https://fractalai.net.co/api/x402/seal-cbom,POST,0xc13789e82661635d9cea38a53a0390cf9939ef4f,True,402,True,True,2,True,True,81,
2026-09-30,fractalai.net.co,https://fractalai.net.co/api/x402/verify-proof,POST,0xc13789e82661635d9cea38a53a0390cf9939ef4f,True,402,True,True,2,True,True,85,
2026-09-30,fractalai.net.co,https://fractalai.net.co/api/x402/witness,POST,0xc13789e82661635d9cea38a53a0390cf9939ef4f,True,402,True,True,2,True,True,86,
2026-09-30,furigana.agentic-jp.com,https://furigana.agentic-jp.com/name-readings,POST,0x38c9f689274e2fc3ae360744ef88ce212077a584,True,402,True,True,2,True,True,517,
2026-09-30,gas.apitoll.cloud,https://gas.apitoll.cloud/v1/base/gas,GET,0xcc69d619e6053f88a4845066518f465bd06fc96c,True,402,True,True,2,True,True,607,
2026-09-30,gate402.app,https://gate402.app/v1/launches,POST,0x8e57bfde053dbb6862991759c19affc5f383d5d0,True,402,True,True,2,True,True,91,
2026-09-30,gate402.app,https://gate402.app/v1/proxy,POST,0x8e57bfde053dbb6862991759c19affc5f383d5d0,True,402,True,True,2,True,True,256,
2026-09-30,gate402.app,https://gate402.app/v1/proxy/stealth,POST,0x8e57bfde053dbb6862991759c19affc5f383d5d0,True,402,True,True,2,True,True,73,
2026-09-30,gateway-wallet-payments.jerryrnapier.workers.dev,https://gateway-wallet-payments.jerryrnapier.workers.dev/api/agent/v1/services/agent-readiness-passport,POST,0x71bc7ffb81825fa5b61bfb2b9527bfaf661ff42b,True,402,True,True,2,True,True,232,
2026-09-30,gateway-wallet-payments.jerryrnapier.workers.dev,https://gateway-wallet-payments.jerryrnapier.workers.dev/api/agent/v1/services/website-change-report,POST,0x71bc7ffb81825fa5b61bfb2b9527bfaf661ff42b,True,402,True,True,2,True,True,320,
2026-09-30,gateway-wallet-payments.jerryrnapier.workers.dev,https://gateway-wallet-payments.jerryrnapier.workers.dev/api/agent/v1/services/website-quick-check,POST,0x71bc7ffb81825fa5b61bfb2b9527bfaf661ff42b,True,402,True,True,2,True,True,273,
2026-09-30,gateway.spraay.app,https://gateway.spraay.app/api/v1/compute/image-generation,POST,0xad62f03c7514bb8c51f1ea70c2b75c37404695c8,True,402,True,True,2,True,True,69,
2026-09-30,gateway.spraay.app,https://gateway.spraay.app/api/v1/notify/email,POST,0xad62f03c7514bb8c51f1ea70c2b75c37404695c8,True,402,True,True,2,True,True,83,
2026-09-30,gateway.spraay.app,https://gateway.spraay.app/api/v1/robots/list,GET,0xad62f03c7514bb8c51f1ea70c2b75c37404695c8,True,402,True,True,2,True,True,83,
2026-09-30,gateway.spraay.app,https://gateway.spraay.app/api/v1/rpc/chains,GET,0xad62f03c7514bb8c51f1ea70c2b75c37404695c8,True,402,True,True,2,True,True,175,
2026-09-30,gateway.spraay.app,https://gateway.spraay.app/api/v1/swap/quote,GET,0xad62f03c7514bb8c51f1ea70c2b75c37404695c8,True,402,True,True,2,True,True,88,
2026-09-30,gateway.stride20k.com,https://gateway.stride20k.com/knowledge/wiki/:title,GET,0x552cc4a10878c7f20574489d47184249657ca3f6,True,402,True,True,2,True,True,92,
2026-09-30,gateway.stride20k.com,https://gateway.stride20k.com/v1/category-breakdown,GET,0x552cc4a10878c7f20574489d47184249657ca3f6,True,402,True,True,2,True,True,383,
2026-09-30,gateway.stride20k.com,https://gateway.stride20k.com/v1/preflight,GET,0x552cc4a10878c7f20574489d47184249657ca3f6,True,402,True,True,2,True,True,374,
2026-09-30,gblin-sentinel.vercel.app,https://gblin-sentinel.vercel.app/api/data/gblin-analytics,GET,0x0eba5d314f4f5dcb7a094953fa9311a45172dd1b,True,200,True,False,,,,499,
2026-09-30,gblin-sentinel.vercel.app,https://gblin-sentinel.vercel.app/api/data/risk-pulse-pro,GET,0x0eba5d314f4f5dcb7a094953fa9311a45172dd1b,True,402,True,True,2,False,True,152,
2026-09-30,gblin.digital,https://gblin.digital/api/x402/catalog,GET,0x0eba5d314f4f5dcb7a094953fa9311a45172dd1b,True,402,True,True,2,True,True,359,
2026-09-30,gblin.digital,https://gblin.digital/api/x402/seal,POST,0x0eba5d314f4f5dcb7a094953fa9311a45172dd1b,True,402,True,True,2,True,True,103,
2026-09-30,gblin.digital,https://gblin.digital/api/x402/treasury-state,GET,0x0eba5d314f4f5dcb7a094953fa9311a45172dd1b,True,200,True,False,,,,357,
2026-09-30,glim.sh,https://glim.sh/api/v1/github/search,POST,0xc751344ee09b5159160173f77d4a1169bcd386a1,True,402,True,True,2,True,True,925,
2026-09-30,glim.sh,https://glim.sh/api/v1/inference/v1/chat/completions,POST,0xc751344ee09b5159160173f77d4a1169bcd386a1,True,402,True,True,2,False,True,591,
2026-09-30,glim.sh,https://glim.sh/api/v1/twitter/tweets/:id,POST,0xc751344ee09b5159160173f77d4a1169bcd386a1,True,402,True,True,2,True,True,571,
2026-09-30,glim.sh,https://glim.sh/api/v1/twitter/users/search,POST,0xc751344ee09b5159160173f77d4a1169bcd386a1,True,402,True,True,2,True,True,592,
2026-09-30,globalrules-api.onrender.com,https://globalrules-api.onrender.com/api/v1/countries,GET,0x22c24daf579629a6d7418e09e9c71e6c8883f8e2,True,402,True,True,2,True,True,191,
2026-09-30,globalrules-api.onrender.com,https://globalrules-api.onrender.com/api/v1/country/JP/work_week,GET,0x22c24daf579629a6d7418e09e9c71e6c8883f8e2,True,402,True,True,2,True,True,162,
2026-09-30,globalrules-api.onrender.com,https://globalrules-api.onrender.com/api/v1/country/SG/tax_free_shopping,GET,0x22c24daf579629a6d7418e09e9c71e6c8883f8e2,True,402,True,True,2,True,True,135,
2026-09-30,globalrules-api.onrender.com,https://globalrules-api.onrender.com/api/v1/kit/travel/ID,GET,0x22c24daf579629a6d7418e09e9c71e6c8883f8e2,True,402,True,True,2,True,True,174,
2026-09-30,globalrules-api.onrender.com,https://globalrules-api.onrender.com/api/v1/kit/travel/NL,GET,0x22c24daf579629a6d7418e09e9c71e6c8883f8e2,True,402,True,True,2,True,True,137,
2026-09-30,google-trends.use.x402atlas.com,https://google-trends.use.x402atlas.com/interest-by-region,GET,0x9aaceabad8e1858b72fcea1665381b168841b2fa,True,402,True,True,2,True,True,278,
2026-09-30,google-trends.use.x402atlas.com,https://google-trends.use.x402atlas.com/related-queries,GET,0x9aaceabad8e1858b72fcea1665381b168841b2fa,True,402,True,True,2,True,True,255,
2026-09-30,google-trends.use.x402atlas.com,https://google-trends.use.x402atlas.com/related-topics,GET,0x9aaceabad8e1858b72fcea1665381b168841b2fa,True,402,True,True,2,True,True,239,
2026-09-30,google-trends.use.x402atlas.com,https://google-trends.use.x402atlas.com/trend,GET,0x9aaceabad8e1858b72fcea1665381b168841b2fa,True,402,True,True,2,True,True,249,
2026-09-30,graphadvocate.com,https://graphadvocate.com/agent/score,POST,0x0ff5a6ecef783bba35463ec2f8403b9b5e9e7c86,True,402,True,True,2,True,True,157,
2026-09-30,graphadvocate.com,https://graphadvocate.com/ask,POST,0x0ff5a6ecef783bba35463ec2f8403b9b5e9e7c86,True,402,True,True,2,True,True,237,
2026-09-30,graphadvocate.com,https://graphadvocate.com/kalshi-polymarket/spread,POST,0x0ff5a6ecef783bba35463ec2f8403b9b5e9e7c86,True,402,True,True,2,True,True,212,
2026-09-30,graphadvocate.com,https://graphadvocate.com/onchain-x402/address,POST,0x0ff5a6ecef783bba35463ec2f8403b9b5e9e7c86,True,402,True,True,2,True,True,141,
2026-09-30,graphadvocate.com,https://graphadvocate.com/route,POST,0x0ff5a6ecef783bba35463ec2f8403b9b5e9e7c86,True,402,True,True,2,True,True,151,
2026-09-30,gridpulse.theaslangroupllc.com,https://gridpulse.theaslangroupllc.com/api/energy/carbon-intensity,GET,0x50ab2018c06c6e4eaa9ba52057eb55ed284912fc,True,402,True,True,2,True,True,239,
2026-09-30,headers.use.x402atlas.com,https://headers.use.x402atlas.com/,GET,0x7f8043c400799643bcb62b41b84b297a8ecb7b9c,True,402,True,True,2,True,True,268,
2026-09-30,hello-world-x402.vercel.app,https://hello-world-x402.vercel.app/greet,GET,0x2a47e248ee3b5f3e680b5f6b5832e5ef1206b7e3,True,402,True,True,2,True,True,191,
2026-09-30,hello-world-x402.vercel.app,https://hello-world-x402.vercel.app/hello,GET,0x2a47e248ee3b5f3e680b5f6b5832e5ef1206b7e3,True,402,True,True,2,True,True,159,
2026-09-30,hello-world-x402.vercel.app,https://hello-world-x402.vercel.app/test1,GET,0x2a47e248ee3b5f3e680b5f6b5832e5ef1206b7e3,True,402,True,True,2,True,True,155,
2026-09-30,hello-world-x402.vercel.app,https://hello-world-x402.vercel.app/world,GET,0x2a47e248ee3b5f3e680b5f6b5832e5ef1206b7e3,True,402,True,True,2,True,True,150,
2026-09-30,helprentdanang.com,https://helprentdanang.com/api/v1/paid/listings/,GET,0xf68bc1098469356eb57e70db9fed0bb524707132,True,402,True,True,2,True,True,659,
2026-09-30,hexscan.xyz,https://hexscan.xyz/honeypot,POST,0x841ef35b7b7ee4c820bff040369a8ade4741b45d,True,402,True,True,2,True,True,239,
2026-09-30,hexscan.xyz,https://hexscan.xyz/scan,POST,0x841ef35b7b7ee4c820bff040369a8ade4741b45d,True,402,True,True,2,True,True,135,
2026-09-30,hirescrape.com,https://hirescrape.com/api/tools/jobs,POST,0xb5194a98dbdbb7028b585db26b972e7f0f3f826a,True,402,True,True,2,False,True,92,
2026-09-30,hirescrape.com,https://hirescrape.com/api/tools/tiktok,POST,0xb5194a98dbdbb7028b585db26b972e7f0f3f826a,True,402,True,True,2,True,True,158,
2026-09-30,hivemindos-paid-agent-gateway.hivemindos.workers.dev,https://hivemindos-paid-agent-gateway.hivemindos.workers.dev/api/paid-agents/default/chat/completions,POST,0xbd62f8dcb52e21ca5bdf20ba173488da101ebcf0,True,402,True,True,2,True,True,1616,
2026-09-30,hivemindos-paid-agent-gateway.hivemindos.workers.dev,https://hivemindos-paid-agent-gateway.hivemindos.workers.dev/api/x402/hive-research/runs,POST,0xbd62f8dcb52e21ca5bdf20ba173488da101ebcf0,True,400,True,False,,,,553,
2026-09-30,holiday.agentic-jp.com,https://holiday.agentic-jp.com/holidays/:year,GET,0x38c9f689274e2fc3ae360744ef88ce212077a584,True,400,True,False,,,,511,
2026-09-30,horizonpulse.dev,https://horizonpulse.dev/api/extract,GET,0x5b32c973596078a967562ca652761404f19be0e9,True,402,True,True,2,True,True,375,
2026-09-30,horizonpulse.dev,https://horizonpulse.dev/api/gas,GET,0x5b32c973596078a967562ca652761404f19be0e9,True,402,True,True,2,True,True,160,
2026-09-30,horizonpulse.dev,https://horizonpulse.dev/api/http,GET,0x5b32c973596078a967562ca652761404f19be0e9,True,402,True,True,2,True,True,302,
2026-09-30,horizonpulse.dev,https://horizonpulse.dev/api/portfolio,GET,0x5b32c973596078a967562ca652761404f19be0e9,True,402,True,True,2,True,True,255,
2026-09-30,horizonpulse.dev,https://horizonpulse.dev/api/yield,GET,0x5b32c973596078a967562ca652761404f19be0e9,True,402,True,True,2,True,True,302,
2026-09-30,horrorstoryapi.vercel.app,https://horrorstoryapi.vercel.app/api/horror-story,GET,0x6a4921474848d3fa168ee7fa87222547acc4712f,True,402,True,True,2,True,True,191,
2026-09-30,hotels.use.x402atlas.com,https://hotels.use.x402atlas.com/photos,GET,0x28410eac7393dba041cd5a92eefe7a8e834310bb,True,402,True,True,2,True,True,312,
2026-09-30,hotels.use.x402atlas.com,https://hotels.use.x402atlas.com/property,GET,0x28410eac7393dba041cd5a92eefe7a8e834310bb,True,402,True,True,2,True,True,327,
2026-09-30,hotels.use.x402atlas.com,https://hotels.use.x402atlas.com/reviews,GET,0x28410eac7393dba041cd5a92eefe7a8e834310bb,True,402,True,True,2,True,True,254,
2026-09-30,houjin.agentic-jp.com,https://houjin.agentic-jp.com/verify,POST,0x38c9f689274e2fc3ae360744ef88ce212077a584,True,402,True,True,2,True,True,551,
2026-09-30,http--forest-gas-station-mainnet--lcjl27p8lmjs.code.run,https://http--forest-gas-station-mainnet--lcjl27p8lmjs.code.run/job/compensation,POST,0xf9c2a7255e7c51d7bf38331dcfc23ba881cf61ba,True,402,True,True,2,True,True,473,
2026-09-30,http--forest-gas-station-mainnet--lcjl27p8lmjs.code.run,https://http--forest-gas-station-mainnet--lcjl27p8lmjs.code.run/job/form-schema,POST,0xf9c2a7255e7c51d7bf38331dcfc23ba881cf61ba,True,402,True,True,2,True,True,485,
2026-09-30,http--forest-gas-station-mainnet--lcjl27p8lmjs.code.run,https://http--forest-gas-station-mainnet--lcjl27p8lmjs.code.run/release/checksum,POST,0xf9c2a7255e7c51d7bf38331dcfc23ba881cf61ba,True,402,True,True,2,True,True,476,
2026-09-30,http--forest-gas-station-mainnet--lcjl27p8lmjs.code.run,https://http--forest-gas-station-mainnet--lcjl27p8lmjs.code.run/repo/file-preflight,POST,0xf9c2a7255e7c51d7bf38331dcfc23ba881cf61ba,True,402,True,True,2,True,True,534,
2026-09-30,http--forest-gas-station-mainnet--lcjl27p8lmjs.code.run,https://http--forest-gas-station-mainnet--lcjl27p8lmjs.code.run/service/component-status,POST,0xf9c2a7255e7c51d7bf38331dcfc23ba881cf61ba,True,402,True,True,2,True,True,485,
2026-09-30,hubvibe-io.com,https://hubvibe-io.com/audit/security,POST,0x837c40e2b4e976f43ffb4451ee281a00fa9477dd,True,402,True,True,2,True,True,274,
2026-09-30,hubvibe-io.com,https://hubvibe-io.com/work/chain/address,POST,0x837c40e2b4e976f43ffb4451ee281a00fa9477dd,True,402,True,True,2,True,True,274,
2026-09-30,hubvibe-io.com,https://hubvibe-io.com/work/llm/generate,POST,0x837c40e2b4e976f43ffb4451ee281a00fa9477dd,True,402,True,True,2,True,True,394,
2026-09-30,hubvibe-io.com,https://hubvibe-io.com/work/maps/places,POST,0x837c40e2b4e976f43ffb4451ee281a00fa9477dd,True,402,True,True,2,True,True,1381,
2026-09-30,hubvibe-io.com,https://hubvibe-io.com/work/market/fundamentals,POST,0x837c40e2b4e976f43ffb4451ee281a00fa9477dd,True,402,True,True,2,True,True,275,
2026-09-30,human.twin3.ai,https://human.twin3.ai/v1/human,GET,0xcd3273893d1c8df15a4d6bc411aa3d25a60fdc60,True,402,True,True,2,True,True,356,
2026-09-30,humanmirror.fr,https://humanmirror.fr/api/machine/resolve/,POST,0x48096526488f2d51df6bca1b1f3a3639986cc3dd,True,402,True,True,2,True,True,1078,
2026-09-30,humanmirror.fr,https://humanmirror.fr/api/x402/clean-json/,POST,0x48096526488f2d51df6bca1b1f3a3639986cc3dd,True,402,True,True,2,True,True,895,
2026-09-30,humanmirror.fr,https://humanmirror.fr/api/x402/execution-receipt/,POST,0x48096526488f2d51df6bca1b1f3a3639986cc3dd,True,402,True,True,2,True,True,515,
2026-09-30,humanmirror.fr,https://humanmirror.fr/api/x402/safe-preflight/,POST,0x48096526488f2d51df6bca1b1f3a3639986cc3dd,True,402,True,True,2,True,True,849,
2026-09-30,hyperliquid-accounts.use.x402atlas.com,https://hyperliquid-accounts.use.x402atlas.com/fees,GET,0xe79aa9d55170f7e1ac420266ec93a6c28c436de8,True,402,True,True,2,True,True,257,
2026-09-30,hyperliquid-accounts.use.x402atlas.com,https://hyperliquid-accounts.use.x402atlas.com/open-orders,GET,0xe79aa9d55170f7e1ac420266ec93a6c28c436de8,True,402,True,True,2,True,True,305,
2026-09-30,hyperliquid-accounts.use.x402atlas.com,https://hyperliquid-accounts.use.x402atlas.com/portfolio,GET,0xe79aa9d55170f7e1ac420266ec93a6c28c436de8,True,402,True,True,2,True,True,250,
2026-09-30,hyperliquid-accounts.use.x402atlas.com,https://hyperliquid-accounts.use.x402atlas.com/spot,GET,0xe79aa9d55170f7e1ac420266ec93a6c28c436de8,True,402,True,True,2,True,True,263,
2026-09-30,hyperliquid-accounts.use.x402atlas.com,https://hyperliquid-accounts.use.x402atlas.com/staking,GET,0xe79aa9d55170f7e1ac420266ec93a6c28c436de8,True,402,True,True,2,True,True,245,
2026-09-30,hyperliquid-predict.use.x402atlas.com,https://hyperliquid-predict.use.x402atlas.com/outcomes,GET,0xa55b06462a2e48661badf22f5841f95ae654b716,True,402,True,True,2,True,True,242,
2026-09-30,hyperliquid-predict.use.x402atlas.com,https://hyperliquid-predict.use.x402atlas.com/settled,GET,0xa55b06462a2e48661badf22f5841f95ae654b716,True,402,True,True,2,True,True,304,
2026-09-30,hyperliquid.use.x402atlas.com,https://hyperliquid.use.x402atlas.com/book,GET,0x383190a4f26f075fc2c73f6738eabf4dc6f33442,True,402,True,True,2,True,True,253,
2026-09-30,hyperliquid.use.x402atlas.com,https://hyperliquid.use.x402atlas.com/candles,GET,0x383190a4f26f075fc2c73f6738eabf4dc6f33442,True,402,True,True,2,True,True,253,
2026-09-30,hyperliquid.use.x402atlas.com,https://hyperliquid.use.x402atlas.com/funding,GET,0x383190a4f26f075fc2c73f6738eabf4dc6f33442,True,402,True,True,2,True,True,303,
2026-09-30,hyperliquid.use.x402atlas.com,https://hyperliquid.use.x402atlas.com/mids,GET,0x383190a4f26f075fc2c73f6738eabf4dc6f33442,True,402,True,True,2,True,True,258,
2026-09-30,hyperliquid.use.x402atlas.com,https://hyperliquid.use.x402atlas.com/spot,GET,0x383190a4f26f075fc2c73f6738eabf4dc6f33442,True,402,True,True,2,True,True,245,
2026-09-30,hypernatt.com,https://hypernatt.com/api/m2m/liq-radar,GET,0x5a78ace5dd133316c8aaf7e156fbfc57e1209cf9,True,402,True,True,2,True,True,473,
2026-09-30,hypernatt.com,https://hypernatt.com/api/m2m/swap/quote,GET,0x5a78ace5dd133316c8aaf7e156fbfc57e1209cf9,True,402,True,True,2,True,True,521,
2026-09-30,ichimoku-signal.onrender.com,https://ichimoku-signal.onrender.com/setups,GET,0x6b0f4651ed42893ab58139938175e4a69f175f25,True,402,True,True,2,True,True,209,
2026-09-30,ichimoku-signal.onrender.com,https://ichimoku-signal.onrender.com/signal/:pair,GET,0x6b0f4651ed42893ab58139938175e4a69f175f25,True,402,True,True,2,True,True,222,
2026-09-30,imagegen.coinopai.com,https://imagegen.coinopai.com/generate/clean,GET,0x4c1a4fce51fea51f128a01cce8becb106d391155,True,402,True,True,2,True,True,370,
2026-09-30,imagegen.coinopai.com,https://imagegen.coinopai.com/generate/hd,GET,0x4c1a4fce51fea51f128a01cce8becb106d391155,True,402,True,True,2,True,True,347,
2026-09-30,imagegen.coinopai.com,https://imagegen.coinopai.com/generate/pro,GET,0x4c1a4fce51fea51f128a01cce8becb106d391155,True,402,True,True,2,True,True,308,
2026-09-30,imagegen.coinopai.com,https://imagegen.coinopai.com/presets,GET,0x4c1a4fce51fea51f128a01cce8becb106d391155,True,402,True,True,2,True,True,307,
2026-09-30,imagegen.coinopai.com,https://imagegen.coinopai.com/prompt-styles,GET,0x4c1a4fce51fea51f128a01cce8becb106d391155,True,402,True,True,2,True,True,161,
2026-09-30,insider-radar-agent.insider-radar-agent.workers.dev,https://insider-radar-agent.insider-radar-agent.workers.dev/v1/kol_signals_delayed,GET,0x3a4f2ea5e1a32a1af8716edf089b74a28a68ebda,True,402,True,True,2,True,True,89,
2026-09-30,insider-radar-agent.insider-radar-agent.workers.dev,https://insider-radar-agent.insider-radar-agent.workers.dev/v1/leaderboard,GET,0x3a4f2ea5e1a32a1af8716edf089b74a28a68ebda,True,402,True,True,2,True,True,654,
2026-09-30,insider-radar-agent.insider-radar-agent.workers.dev,https://insider-radar-agent.insider-radar-agent.workers.dev/v1/smart_holdings,GET,0x3a4f2ea5e1a32a1af8716edf089b74a28a68ebda,True,402,True,True,2,True,True,99,
2026-09-30,instagram.use.x402atlas.com,https://instagram.use.x402atlas.com/posts/:username,GET,0x28410eac7393dba041cd5a92eefe7a8e834310bb,True,402,True,True,2,True,True,255,
2026-09-30,instagram.use.x402atlas.com,https://instagram.use.x402atlas.com/profile/:username,GET,0x28410eac7393dba041cd5a92eefe7a8e834310bb,True,402,True,True,2,True,True,385,
2026-09-30,insurepulse.theaslangroupllc.com,https://insurepulse.theaslangroupllc.com/api/insure/home,GET,0x50ab2018c06c6e4eaa9ba52057eb55ed284912fc,True,402,True,True,2,True,True,419,
2026-09-30,intel.chainquery.com,https://intel.chainquery.com/v1/cdd,GET,0x7cf45cd775bdf31a5a96fa0a5805df0b610d87ff,True,402,True,True,2,True,True,188,
2026-09-30,intel.chainquery.com,https://intel.chainquery.com/v1/hodl-waves,GET,0x7cf45cd775bdf31a5a96fa0a5805df0b610d87ff,True,402,True,True,2,True,True,372,
2026-09-30,intel.chainquery.com,https://intel.chainquery.com/v1/richlist,GET,0x7cf45cd775bdf31a5a96fa0a5805df0b610d87ff,True,402,True,True,2,True,True,160,
2026-09-30,intel.halowerk.com,https://intel.halowerk.com/v1/intel/watches,GET,0x2880edfff13100677bf97a3cbdf3bc34771c4e5e,True,402,True,True,2,True,True,605,
2026-09-30,ip-geo-api-production.up.railway.app,https://ip-geo-api-production.up.railway.app/lookup/distance,POST,0xffc458db291b4abce020fe3de4f91f2770e537b1,True,402,True,True,2,True,True,73,
2026-09-30,ip-geo-api-production.up.railway.app,https://ip-geo-api-production.up.railway.app/lookup/myip,POST,0xffc458db291b4abce020fe3de4f91f2770e537b1,True,402,True,True,2,True,True,109,
2026-09-30,ip402.xyz,https://ip402.xyz/v1/geo,GET,0xed617f79201248df99909fbde4269b6eeaee39b6,True,402,True,True,2,True,True,172,
2026-09-30,iposignal-dashboard-372lo399x-waltermelonlangs-projects.vercel.app,https://iposignal-dashboard-372lo399x-waltermelonlangs-projects.vercel.app/api/agent/ipo/by-symbol/CRCL,GET,0x95063cede9c4b02452242543669238e5460087ed,True,402,True,True,2,True,True,330,
2026-09-30,iposignal.xyz,https://iposignal.xyz/api/agent/company-metrics,GET,0x95063cede9c4b02452242543669238e5460087ed,True,402,True,True,2,True,True,250,
2026-09-30,iposignal.xyz,https://iposignal.xyz/api/agent/financials/by-symbol/:symbol,GET,0x95063cede9c4b02452242543669238e5460087ed,True,402,True,True,2,True,True,187,
2026-09-30,iposignal.xyz,https://iposignal.xyz/api/agent/ipo-sentiment,GET,0x95063cede9c4b02452242543669238e5460087ed,True,402,True,True,2,True,True,206,
2026-09-30,iposignal.xyz,https://iposignal.xyz/api/agent/ipo/by-symbol/:symbol,GET,0x95063cede9c4b02452242543669238e5460087ed,True,402,True,True,2,True,True,186,
2026-09-30,jev-systemone.vercel.app,https://jev-systemone.vercel.app/jev,POST,0xe813d34c0525e0fbb1e6478b86d40b83603c2008,True,402,True,True,2,True,True,181,
2026-09-30,jev-x402-evil.vercel.app,https://jev-x402-evil.vercel.app/jev,POST,0xe813d34c0525e0fbb1e6478b86d40b83603c2008,True,402,True,True,2,True,True,222,
2026-09-30,jev-x402.vercel.app,https://jev-x402.vercel.app/jev,POST,0xe813d34c0525e0fbb1e6478b86d40b83603c2008,True,402,True,True,2,True,True,184,
2026-09-30,jmt-x402-proxy.jmthomasofficial.workers.dev,https://jmt-x402-proxy.jmthomasofficial.workers.dev/v2/api/domain-trust-score,POST,0x624faf18c78456c8da5bf156cd77c1a2033f21c5,True,402,True,True,2,True,True,207,
2026-09-30,jmt-x402-proxy.jmthomasofficial.workers.dev,https://jmt-x402-proxy.jmthomasofficial.workers.dev/v2/api/edgar-company-lookup,GET,0x624faf18c78456c8da5bf156cd77c1a2033f21c5,True,402,True,True,2,True,True,125,
2026-09-30,jmt-x402-proxy.jmthomasofficial.workers.dev,https://jmt-x402-proxy.jmthomasofficial.workers.dev/v2/api/news-briefing,POST,0x624faf18c78456c8da5bf156cd77c1a2033f21c5,True,402,True,True,2,True,True,212,
2026-09-30,jmt-x402-proxy.jmthomasofficial.workers.dev,https://jmt-x402-proxy.jmthomasofficial.workers.dev/v2/api/whois,GET,0x624faf18c78456c8da5bf156cd77c1a2033f21c5,True,402,True,True,2,True,True,174,
2026-09-30,jokes-endpoint.vercel.app,https://jokes-endpoint.vercel.app/api/jokes,GET,0xd70d01c73b0c5f3246f2b55cce5ff1b41842ab5e,True,402,True,True,2,True,True,180,
2026-09-30,joyful-charm-production-bf6d.up.railway.app,https://joyful-charm-production-bf6d.up.railway.app/trades/insider/cook,GET,0x1394a802c94ab096abbd91ccc632843b03f46614,True,402,True,True,2,True,True,102,
2026-09-30,joyful-charm-production-bf6d.up.railway.app,https://joyful-charm-production-bf6d.up.railway.app/trades/search,GET,0x1394a802c94ab096abbd91ccc632843b03f46614,True,402,True,True,2,True,True,119,
2026-09-30,joyful-charm-production-bf6d.up.railway.app,https://joyful-charm-production-bf6d.up.railway.app/trades/ticker/AAPL,GET,0x1394a802c94ab096abbd91ccc632843b03f46614,True,402,True,True,2,True,True,78,
2026-09-30,kari.mayim-mayim.com,https://kari.mayim-mayim.com/api/bazaar/confession,POST,0x788b4ca11950879550353d8ae82d1c0af6018454,True,402,True,True,2,True,True,573,
2026-09-30,kari.mayim-mayim.com,https://kari.mayim-mayim.com/api/bazaar/hybrid_confession,POST,0x788b4ca11950879550353d8ae82d1c0af6018454,True,402,True,True,2,True,True,416,
2026-09-30,kari.mayim-mayim.com,https://kari.mayim-mayim.com/api/bazaar/omikuji,POST,0x788b4ca11950879550353d8ae82d1c0af6018454,True,402,True,True,2,True,True,508,
2026-09-30,kari.mayim-mayim.com,https://kari.mayim-mayim.com/api/bazaar/surface_comparison_facts,POST,0x788b4ca11950879550353d8ae82d1c0af6018454,True,402,True,True,2,True,True,493,
2026-09-30,keyring-agent.blockchhub.link,https://keyring-agent.blockchhub.link/api/add-pool,GET,0x17cd53c04d707ef0dd615ef56c633f02915a7905,True,402,True,True,2,True,True,942,
2026-09-30,keyring-agent.blockchhub.link,https://keyring-agent.blockchhub.link/api/send-native,GET,0x17cd53c04d707ef0dd615ef56c633f02915a7905,True,402,True,True,2,True,True,367,
2026-09-30,keyring-agent.blockchhub.link,https://keyring-agent.blockchhub.link/api/send-nft,GET,0x17cd53c04d707ef0dd615ef56c633f02915a7905,True,402,True,True,2,True,True,312,
2026-09-30,keyring-agent.blockchhub.link,https://keyring-agent.blockchhub.link/api/send-token,GET,0x17cd53c04d707ef0dd615ef56c633f02915a7905,True,402,True,True,2,True,True,320,
2026-09-30,keyring-agent.blockchhub.link,https://keyring-agent.blockchhub.link/api/swap-token,GET,0x17cd53c04d707ef0dd615ef56c633f02915a7905,True,402,True,True,2,False,True,192,
2026-09-30,keyronne.com,https://keyronne.com/api/chain-block,POST,0xb86f95ef5fa904318ea9df3b59adce099b478fc4,True,402,True,True,2,True,True,129,
2026-09-30,keyronne.com,https://keyronne.com/api/chain-tx,POST,0xb86f95ef5fa904318ea9df3b59adce099b478fc4,True,402,True,True,2,True,True,184,
2026-09-30,keyronne.com,https://keyronne.com/api/color,POST,0xb86f95ef5fa904318ea9df3b59adce099b478fc4,True,402,True,True,2,True,True,133,
2026-09-30,keyronne.com,https://keyronne.com/api/route,POST,0xb86f95ef5fa904318ea9df3b59adce099b478fc4,True,402,True,True,2,True,True,148,
2026-09-30,keyronne.com,https://keyronne.com/api/validate-json,POST,0xb86f95ef5fa904318ea9df3b59adce099b478fc4,True,402,True,True,2,True,True,108,
2026-09-30,kronos.forgemesh.io,https://kronos.forgemesh.io/api/kronos/audit,GET,0x1ccef327b34853f6ac51464ea47fb3c291328d5e,True,402,True,True,2,True,True,355,
2026-09-30,kronos.forgemesh.io,https://kronos.forgemesh.io/api/kronos/futures/risk,GET,0x1ccef327b34853f6ac51464ea47fb3c291328d5e,True,402,True,True,2,True,True,321,
2026-09-30,kronos.forgemesh.io,https://kronos.forgemesh.io/api/kronos/history,GET,0x1ccef327b34853f6ac51464ea47fb3c291328d5e,True,402,True,True,2,True,True,318,
2026-09-30,kronos.forgemesh.io,https://kronos.forgemesh.io/api/kronos/signals,GET,0x1ccef327b34853f6ac51464ea47fb3c291328d5e,True,402,True,True,2,True,True,168,
2026-09-30,kronos.forgemesh.io,https://kronos.forgemesh.io/signal/:symbol,GET,0x1ccef327b34853f6ac51464ea47fb3c291328d5e,True,402,True,True,2,True,True,336,
2026-09-30,kronossignals.com,https://kronossignals.com/api/v1/forecast/btc,GET,0x36038e1d712c5e39f35952164ec58ec2b96caee7,True,402,True,True,2,True,True,181,
2026-09-30,kronossignals.com,https://kronossignals.com/api/v1/gex/eth,GET,0x36038e1d712c5e39f35952164ec58ec2b96caee7,True,402,True,True,2,True,True,187,
2026-09-30,kronossignals.com,https://kronossignals.com/api/v1/liquidations/hype,GET,0x36038e1d712c5e39f35952164ec58ec2b96caee7,True,402,True,True,2,True,True,312,
2026-09-30,kronossignals.com,https://kronossignals.com/api/v1/scan,GET,0x36038e1d712c5e39f35952164ec58ec2b96caee7,True,402,True,True,2,True,True,794,
2026-09-30,kronossignals.com,https://kronossignals.com/api/v1/signals/sol,GET,0x36038e1d712c5e39f35952164ec58ec2b96caee7,True,402,True,True,2,True,True,193,
2026-09-30,ladyfortunalx402.vercel.app,https://ladyfortunalx402.vercel.app/api/fortune,GET,0x88a4cdea106f18e919613a4eaed8efdb2183e9ea,True,402,True,True,2,True,True,203,
2026-09-30,laso.finance,https://laso.finance/fund-card-balance,GET,0x3291e96b3bff7ed56e3ca8364273c5b4654b2b37,True,402,True,True,2,True,True,193,
2026-09-30,laso.finance,https://laso.finance/get-card,GET,0x3291e96b3bff7ed56e3ca8364273c5b4654b2b37,True,402,True,True,2,True,True,229,
2026-09-30,laso.finance,https://laso.finance/order-gift-card,GET,0x3291e96b3bff7ed56e3ca8364273c5b4654b2b37,True,402,True,True,2,True,True,173,
2026-09-30,laso.finance,https://laso.finance/order-intl-card,GET,0x3291e96b3bff7ed56e3ca8364273c5b4654b2b37,True,402,True,True,2,False,True,363,
2026-09-30,latamref.dev,https://latamref.dev/v1/:country/:series,GET,0x1f0409ccd20a2fb497d4decef4e17e9d0688fea6,True,402,True,True,2,True,True,1339,
2026-09-30,lease.lonestaroracle.xyz,https://lease.lonestaroracle.xyz/auctions,GET,0x52ab53912d37759b2ad364f22dd06b16714b6c06,True,402,True,True,2,True,True,301,
2026-09-30,library.forgemesh.io,https://library.forgemesh.io/book-metadata,POST,0x85df5380debe236ad6bf49de788243924b080267,True,402,True,True,2,True,True,1254,
2026-09-30,library.forgemesh.io,https://library.forgemesh.io/book-of-the-day,POST,0x85df5380debe236ad6bf49de788243924b080267,True,402,True,True,2,True,True,164,
2026-09-30,library.forgemesh.io,https://library.forgemesh.io/n,POST,0x85df5380debe236ad6bf49de788243924b080267,True,402,True,True,2,True,True,342,
2026-09-30,library.forgemesh.io,https://library.forgemesh.io/philosophy,POST,0x85df5380debe236ad6bf49de788243924b080267,True,402,True,True,2,True,True,317,
2026-09-30,library.proofivy.com,https://library.proofivy.com/cryptoslate,POST,0x859af250df0b68bfd0768ca22142a1afa0abeaf4,True,402,True,True,2,True,True,1395,
2026-09-30,library.proofivy.com,https://library.proofivy.com/cryptoslate_list,GET,0x859af250df0b68bfd0768ca22142a1afa0abeaf4,True,402,True,True,2,True,True,295,
2026-09-30,linklens-sand.vercel.app,https://linklens-sand.vercel.app/api/inspect,GET,0x9720950d3e4d9e8c9e23e84e04e683b00204874c,True,402,True,True,2,True,True,217,
2026-09-30,lionx402.com,https://lionx402.com/api/x402/company-research,GET,0x68e3e7822cf83c824cf9606ec999b5e8a93c85b5,True,402,True,True,2,True,True,469,
2026-09-30,lionx402.com,https://lionx402.com/api/x402/composite-bundle-json,GET,0x68e3e7822cf83c824cf9606ec999b5e8a93c85b5,True,402,True,True,2,True,True,548,
2026-09-30,lionx402.com,https://lionx402.com/api/x402/enrich-v1-json,GET,0x68e3e7822cf83c824cf9606ec999b5e8a93c85b5,True,402,True,True,2,True,True,464,
2026-09-30,lionx402.com,https://lionx402.com/api/x402/scrape-json,GET,0x68e3e7822cf83c824cf9606ec999b5e8a93c85b5,True,402,True,True,2,True,True,330,
2026-09-30,lionx402.com,https://lionx402.com/api/x402/vat-validation-json,GET,0x68e3e7822cf83c824cf9606ec999b5e8a93c85b5,True,402,True,True,2,True,True,511,
2026-09-30,livecheck.fly.dev,https://livecheck.fly.dev/v1/check,POST,0x33693228b706cb30f4b4dbf35f79129a763f91c5,True,402,True,True,2,True,True,79,
2026-09-30,livecheck.fly.dev,https://livecheck.fly.dev/v1/confirm,POST,0x33693228b706cb30f4b4dbf35f79129a763f91c5,True,402,True,True,2,True,True,75,
2026-09-30,livecheck.fly.dev,https://livecheck.fly.dev/v1/confirm/order,POST,0x33693228b706cb30f4b4dbf35f79129a763f91c5,True,402,True,True,2,True,True,120,
2026-09-30,livecheck.fly.dev,https://livecheck.fly.dev/v1/verify,POST,0x33693228b706cb30f4b4dbf35f79129a763f91c5,True,402,True,True,2,True,True,76,
2026-09-30,machina.pay.zeroclick.io,https://machina.pay.zeroclick.io/world-cup/v1/get-schedule,POST,0x348ac9e3b010ba2300ba9a7bcfe5ae592b9fcfaa,True,402,True,True,2,True,True,514,
2026-09-30,machineobserver.com,https://machineobserver.com/api/x402/history,GET,0x55e6024b4eb9b9325537c7453f53fda5413b8417,True,402,True,True,2,True,True,300,
2026-09-30,manyfish-seller.redcliff-d7368db1.westus2.azurecontainerapps.io,https://manyfish-seller.redcliff-d7368db1.westus2.azurecontainerapps.io/api/v1/content/url-to-markdown,POST,0x9cd3f0d8a73a9a87f752f09d220652dc7de398cc,True,402,True,True,2,True,True,166,
2026-09-30,manyfish-seller.redcliff-d7368db1.westus2.azurecontainerapps.io,https://manyfish-seller.redcliff-d7368db1.westus2.azurecontainerapps.io/api/v1/crypto/token-verdict,POST,0x9cd3f0d8a73a9a87f752f09d220652dc7de398cc,True,402,True,True,2,True,True,137,
2026-09-30,manyfish-seller.redcliff-d7368db1.westus2.azurecontainerapps.io,https://manyfish-seller.redcliff-d7368db1.westus2.azurecontainerapps.io/api/v1/maps/geocode,POST,0x9cd3f0d8a73a9a87f752f09d220652dc7de398cc,True,402,True,True,2,True,True,144,
2026-09-30,markdown-extractor.jannioura.workers.dev,https://markdown-extractor.jannioura.workers.dev/,POST,0x86256e25d4e5511eb6dcc474a4e779970267e903,True,402,True,True,2,True,True,162,
2026-09-30,marketdata.use.x402atlas.com,https://marketdata.use.x402atlas.com/futures-contracts,GET,0x9d667bc76f166322df087b3b3927d4d83d44a5d0,True,402,True,True,2,True,True,251,
2026-09-30,marketdata.use.x402atlas.com,https://marketdata.use.x402atlas.com/options-contracts,GET,0x9d667bc76f166322df087b3b3927d4d83d44a5d0,True,402,True,True,2,True,True,253,
2026-09-30,marketdata.use.x402atlas.com,https://marketdata.use.x402atlas.com/related,GET,0x9d667bc76f166322df087b3b3927d4d83d44a5d0,True,402,True,True,2,True,True,261,
2026-09-30,marketdata.use.x402atlas.com,https://marketdata.use.x402atlas.com/short-volume,GET,0x9d667bc76f166322df087b3b3927d4d83d44a5d0,True,402,True,True,2,True,True,259,
2026-09-30,marketdata.use.x402atlas.com,https://marketdata.use.x402atlas.com/sma,GET,0x9d667bc76f166322df087b3b3927d4d83d44a5d0,True,402,True,True,2,True,True,270,
2026-09-30,mart402.com,https://mart402.com/v1/document-pipeline,POST,0xe3244a21d0d68bfa78b7cad8c3b8777adfbb3188,True,402,True,True,2,True,True,395,
2026-09-30,mart402.com,https://mart402.com/v1/jp-bonus-net,POST,0xe3244a21d0d68bfa78b7cad8c3b8777adfbb3188,True,402,True,True,2,True,True,171,
2026-09-30,mart402.com,https://mart402.com/v1/jp-crypto-tax,POST,0xe3244a21d0d68bfa78b7cad8c3b8777adfbb3188,True,402,True,True,2,True,True,339,
2026-09-30,mart402.com,https://mart402.com/v1/jp-dependent-threshold,POST,0xe3244a21d0d68bfa78b7cad8c3b8777adfbb3188,True,402,True,True,2,True,True,184,
2026-09-30,mart402.com,https://mart402.com/v1/verify,POST,0xe3244a21d0d68bfa78b7cad8c3b8777adfbb3188,True,402,True,True,2,True,True,337,
2026-09-30,mcp.barker.money,https://mcp.barker.money/barker_defi_vaults,GET,0x83f15f5bea445109e255ab82622fbdfecd1e4c9f,True,402,True,True,2,True,True,2513,
2026-09-30,mcp.barker.money,https://mcp.barker.money/barker_market_overview,GET,0x83f15f5bea445109e255ab82622fbdfecd1e4c9f,True,402,True,True,2,True,True,2111,
2026-09-30,mcp.barker.money,https://mcp.barker.money/barker_market_trend,GET,0x83f15f5bea445109e255ab82622fbdfecd1e4c9f,True,402,True,True,2,True,True,1155,
2026-09-30,mcp.deep3.ai,https://mcp.deep3.ai/tools/wave-1,POST,0xca4556c3f1fab4af46a089d6346c86f0cac63a2d,True,400,True,False,,,,374,
2026-09-30,mcp.yield.xyz,https://mcp.yield.xyz/x402/actions_enter,POST,0xd433f056270912659f073d5ffe7ae247e39235a5,True,402,True,True,2,True,True,281,
2026-09-30,mcp.yield.xyz,https://mcp.yield.xyz/x402/actions_exit,POST,0xd433f056270912659f073d5ffe7ae247e39235a5,True,402,True,True,2,True,True,256,
2026-09-30,mcp.yield.xyz,https://mcp.yield.xyz/x402/actions_get,POST,0xd433f056270912659f073d5ffe7ae247e39235a5,True,402,True,True,2,True,True,258,
2026-09-30,mcp.yield.xyz,https://mcp.yield.xyz/x402/yields_get_kyc_status,POST,0xd433f056270912659f073d5ffe7ae247e39235a5,True,402,True,True,2,True,True,255,
2026-09-30,mcp.yield.xyz,https://mcp.yield.xyz/x402/yields_get_validators,POST,0xd433f056270912659f073d5ffe7ae247e39235a5,True,402,True,True,2,True,True,298,
2026-09-30,mcpfax-markets.bowling-anthony.workers.dev,https://mcpfax-markets.bowling-anthony.workers.dev/crypto,GET,0x1831f336585a6c67b6a954d28f3e07f44c4eebbd,True,402,True,True,2,True,True,166,
2026-09-30,mcpfax-reliability.bowling-anthony.workers.dev,https://mcpfax-reliability.bowling-anthony.workers.dev/score,GET,0x1831f336585a6c67b6a954d28f3e07f44c4eebbd,True,402,True,True,2,True,True,198,
2026-09-30,mcpfax-utility.bowling-anthony.workers.dev,https://mcpfax-utility.bowling-anthony.workers.dev/v1/geocode,GET,0x1831f336585a6c67b6a954d28f3e07f44c4eebbd,True,402,True,True,2,False,True,217,
2026-09-30,md.fastdb.in,https://md.fastdb.in/extract,POST,0x072f3a2bd93bb75b1eb84a9e45d17a4f90a6d801,True,402,True,True,2,True,True,685,
2026-09-30,md.fastdb.in,https://md.fastdb.in/md,POST,0x072f3a2bd93bb75b1eb84a9e45d17a4f90a6d801,True,402,True,True,2,True,True,541,
2026-09-30,md.fastdb.in,https://md.fastdb.in/pulse/odds,POST,0x072f3a2bd93bb75b1eb84a9e45d17a4f90a6d801,True,402,True,True,2,True,True,604,
2026-09-30,mearef.dev,https://mearef.dev/v1/:country/:series,GET,0x1f0409ccd20a2fb497d4decef4e17e9d0688fea6,True,402,True,True,2,True,True,1359,
2026-09-30,mechamanda.com,https://mechamanda.com/api/concerts,GET,0xbad1aa224bfe4feb460e12b2553dcdf98a7098d0,True,402,True,True,2,True,True,118,
2026-09-30,mechamanda.com,https://mechamanda.com/api/polymarket/historical,GET,0xbad1aa224bfe4feb460e12b2553dcdf98a7098d0,True,402,True,True,2,True,True,112,
2026-09-30,mechamanda.com,https://mechamanda.com/api/polymarket/trending,GET,0xbad1aa224bfe4feb460e12b2553dcdf98a7098d0,True,402,True,True,2,True,True,975,
2026-09-30,memegeneratorx402.vercel.app,https://memegeneratorx402.vercel.app/api/generate-meme,GET,0x7971a809c18c918cad50cf004c190cbb6e1bf668,True,402,True,True,2,True,True,186,
2026-09-30,memorial.rjhst.workers.dev,https://memorial.rjhst.workers.dev/v1/remember,POST,0x2e8dfc2a77adcdd865a46293844c250462a1c32d,True,402,True,True,2,True,True,286,
2026-09-30,mentionforge.mentionforge.workers.dev,https://mentionforge.mentionforge.workers.dev/v1/research,POST,0xbe578a4543904b4af3f27e3b0db73bc1b1e58f77,True,402,True,True,2,True,True,372,
2026-09-30,mentionforge.mentionforge.workers.dev,https://mentionforge.mentionforge.workers.dev/v1/research_mentions,POST,0xbe578a4543904b4af3f27e3b0db73bc1b1e58f77,True,402,True,True,2,True,True,292,
2026-09-30,minia2a.uk,https://minia2a.uk/x402/dateToUnix,GET,0xab62452b4b019bc4402bffcca6c706d16d72a7bf,True,402,True,True,2,True,True,412,
2026-09-30,minia2a.uk,https://minia2a.uk/x402/ping-check,GET,0xab62452b4b019bc4402bffcca6c706d16d72a7bf,True,402,True,True,2,True,True,408,
2026-09-30,minia2a.uk,https://minia2a.uk/x402/stock-price,POST,0xab62452b4b019bc4402bffcca6c706d16d72a7bf,True,402,True,True,2,False,True,245,
2026-09-30,minia2a.uk,https://minia2a.uk/x402/store,POST,0xab62452b4b019bc4402bffcca6c706d16d72a7bf,True,402,True,True,2,True,True,246,
2026-09-30,minia2a.uk,https://minia2a.uk/x402/x402-analogous,POST,0xab62452b4b019bc4402bffcca6c706d16d72a7bf,True,402,True,True,2,True,True,248,
2026-09-30,minia2a.uk,https://minia2a.uk/x402/x402-publish-1790058399583-adversarial-claim-ve,POST,0xf16f0882de08315b438e9f3a2abfb2d2e5d94eca,True,402,True,True,2,True,True,232,
2026-09-30,minifetch.com,https://minifetch.com/api/v1/x402/extract/url-links,GET,0xffa9155a0e4b3d8d42351da226cc1feee449686f,True,402,True,True,2,True,True,75,
2026-09-30,minifetch.com,https://minifetch.com/api/v1/x402/extract/url-metadata,GET,0xffa9155a0e4b3d8d42351da226cc1feee449686f,True,402,True,True,2,True,True,110,
2026-09-30,minifetch.com,https://minifetch.com/api/v1/x402/extract/url-preview,GET,0xffa9155a0e4b3d8d42351da226cc1feee449686f,True,402,True,True,2,True,True,75,
2026-09-30,minifetch.com,https://minifetch.com/api/v1/x402/preflight/url-check,GET,0xffa9155a0e4b3d8d42351da226cc1feee449686f,True,402,True,True,2,True,True,75,
2026-09-30,minifetch.com,https://minifetch.com/api/v1/x402/search/keyword,GET,0xffa9155a0e4b3d8d42351da226cc1feee449686f,True,402,True,True,2,True,True,84,
2026-09-30,mitteleuropa.halowerk.com,https://mitteleuropa.halowerk.com/v1/cz-cropland-share,POST,0x2880edfff13100677bf97a3cbdf3bc34771c4e5e,True,402,True,True,2,False,True,689,
2026-09-30,modelprices.xyz,https://modelprices.xyz/gpt-pricing,GET,0x63a20fa244d3e6a8902121e99704b7f857dc6ebb,True,402,True,True,2,True,True,585,
2026-09-30,modelprices.xyz,https://modelprices.xyz/kimi-pricing,GET,0x63a20fa244d3e6a8902121e99704b7f857dc6ebb,True,402,True,True,2,True,True,587,
2026-09-30,modelprices.xyz,https://modelprices.xyz/llm/cheapest/vision,GET,0x63a20fa244d3e6a8902121e99704b7f857dc6ebb,True,402,True,True,2,True,True,651,
2026-09-30,modelprices.xyz,https://modelprices.xyz/llm/limits,GET,0x63a20fa244d3e6a8902121e99704b7f857dc6ebb,True,402,True,True,2,True,True,579,
2026-09-30,modelprices.xyz,https://modelprices.xyz/llm/prices/watsonx,GET,0x63a20fa244d3e6a8902121e99704b7f857dc6ebb,True,402,True,True,2,True,True,591,
2026-09-30,monitor.memoryapi.org,https://monitor.memoryapi.org/x402/monitor/activity,GET,0x24facafeb49b4e3facf0b3e69604a2f4640c9bf2,True,402,True,True,2,True,True,390,
2026-09-30,mru-oracle.com,https://mru-oracle.com/forex,GET,0x237371f8b372a02b58fb430eb564b7c5cb936f75,True,402,True,True,2,True,True,215,
2026-09-30,mtbandy--sec-ratio-engine-serve-app.modal.run,https://mtbandy--sec-ratio-engine-serve-app.modal.run/ratios,GET,0xb32e6b14b706bc64ec7a67285973c4556e97a8e6,True,402,True,True,2,True,True,398,
2026-09-30,mtbandy--sec-ratio-engine-serve-app.modal.run,https://mtbandy--sec-ratio-engine-serve-app.modal.run/ratios/:ticker,GET,0xb32e6b14b706bc64ec7a67285973c4556e97a8e6,True,404,True,False,,,,413,
2026-09-30,mudko.com,https://mudko.com/api/x402/bazaar-listing,GET,0x53598173ce7c26025bab0520d9e9d0c28fbcf7de,True,402,True,True,2,True,True,168,
2026-09-30,mudko.com,https://mudko.com/api/x402/citation-check,GET,0x53598173ce7c26025bab0520d9e9d0c28fbcf7de,True,402,True,True,2,True,True,209,
2026-09-30,mudko.com,https://mudko.com/api/x402/purchase,GET,0x53598173ce7c26025bab0520d9e9d0c28fbcf7de,True,402,True,True,2,True,True,171,
2026-09-30,mudko.com,https://mudko.com/api/x402/verify-counterparty,GET,0x53598173ce7c26025bab0520d9e9d0c28fbcf7de,True,402,True,True,2,True,True,154,
2026-09-30,netintel.dev,https://netintel.dev/bulk-domain/check,POST,0xdadc335482ad545296fd7b28518a251ffcbeb9df,True,402,True,True,2,True,True,80,
2026-09-30,netintel.dev,https://netintel.dev/money/parse,POST,0xdadc335482ad545296fd7b28518a251ffcbeb9df,True,402,True,True,2,True,True,74,
2026-09-30,netintel.dev,https://netintel.dev/rss-parser/fetch,GET,0xdadc335482ad545296fd7b28518a251ffcbeb9df,True,402,True,True,2,True,True,80,
2026-09-30,netintel.dev,https://netintel.dev/text-summarize,POST,0xdadc335482ad545296fd7b28518a251ffcbeb9df,True,402,True,True,2,True,True,150,
2026-09-30,netintel.dev,https://netintel.dev/text-to-json,POST,0xdadc335482ad545296fd7b28518a251ffcbeb9df,True,402,True,True,2,True,True,74,
2026-09-30,news.apitoll.cloud,https://news.apitoll.cloud/v1/cointelegraph/news,GET,0xcc69d619e6053f88a4845066518f465bd06fc96c,True,402,True,True,2,True,True,621,
2026-09-30,nimbus.clawca.sh,https://nimbus.clawca.sh/weather,GET,0x9acfdc5a3d6bfbb127615751e0f0e44014e32abf,True,402,True,True,2,True,True,365,
2026-09-30,nodeproxy-production.up.railway.app,https://nodeproxy-production.up.railway.app/agent-lock,POST,0x8e57bfde053dbb6862991759c19affc5f383d5d0,True,402,True,True,2,True,True,108,
2026-09-30,nordland.halowerk.com,https://nordland.halowerk.com/v1/dk-elevation,POST,0x2880edfff13100677bf97a3cbdf3bc34771c4e5e,True,402,True,True,2,True,True,687,
2026-09-30,notary.forgemesh.io,https://notary.forgemesh.io/api/notarize,POST,0x814efe784709f5bf8df47735d87602b01030e5d2,True,402,True,True,2,True,True,309,
2026-09-30,notary.forgemesh.io,https://notary.forgemesh.io/api/notarize/batch,POST,0x814efe784709f5bf8df47735d87602b01030e5d2,True,402,True,True,2,True,True,332,
2026-09-30,ocr.underscoredone.com,https://ocr.underscoredone.com/read,POST,0xe9740820225b3918b4ddd1292c7ca4ca0e2c2f08,True,402,True,True,2,True,True,278,
2026-09-30,odds.rjhsignaltech.workers.dev,https://odds.rjhsignaltech.workers.dev/v1/consensus,GET,0x2e8dfc2a77adcdd865a46293844c250462a1c32d,True,402,True,True,2,True,True,99,
2026-09-30,odds.rjhsignaltech.workers.dev,https://odds.rjhsignaltech.workers.dev/v1/extract,GET,0x2e8dfc2a77adcdd865a46293844c250462a1c32d,True,402,True,True,2,True,True,487,
2026-09-30,odds.rjhsignaltech.workers.dev,https://odds.rjhsignaltech.workers.dev/v1/read,GET,0x2e8dfc2a77adcdd865a46293844c250462a1c32d,True,402,True,True,2,True,True,106,
2026-09-30,odds.rjhsignaltech.workers.dev,https://odds.rjhsignaltech.workers.dev/v1/search,GET,0x2e8dfc2a77adcdd865a46293844c250462a1c32d,True,402,True,True,2,True,True,119,
2026-09-30,og.bip-rep.com,https://og.bip-rep.com/generate,POST,0x46830a57ca3806ec71b981e063dc39ca2a3c6fb0,True,402,True,True,2,True,True,591,
2026-09-30,omniguchi.0000402.xyz,https://omniguchi.0000402.xyz/care/feed,POST,0xee72b902af7466023595512e3359bb5bf312977c,True,402,True,True,2,True,True,947,
2026-09-30,omniguchi.0000402.xyz,https://omniguchi.0000402.xyz/care/pack,POST,0xee72b902af7466023595512e3359bb5bf312977c,True,402,True,True,2,True,True,957,
2026-09-30,omniguchi.0000402.xyz,https://omniguchi.0000402.xyz/care/play,POST,0xee72b902af7466023595512e3359bb5bf312977c,True,402,True,True,2,True,True,951,
2026-09-30,omniguchi.0000402.xyz,https://omniguchi.0000402.xyz/care/rest,POST,0xee72b902af7466023595512e3359bb5bf312977c,True,402,True,True,2,True,True,987,
2026-09-30,ontarioprotocol.com,https://ontarioprotocol.com/api/x402/list-service,POST,0xa2d72abf2c5e939fddca4156b74de482e03ca3ec,True,402,True,True,2,True,True,227,
2026-09-30,openrelay.hggfffdfy687.workers.dev,https://openrelay.hggfffdfy687.workers.dev/tools/base/gas,POST,0x87fc8c5b2c5000d50d6808f3526eeec57e240211,True,402,True,True,2,True,True,517,
2026-09-30,openrelay.hggfffdfy687.workers.dev,https://openrelay.hggfffdfy687.workers.dev/tools/polymarket/markets,POST,0x87fc8c5b2c5000d50d6808f3526eeec57e240211,True,402,True,True,2,True,True,505,
2026-09-30,openrelay.hggfffdfy687.workers.dev,https://openrelay.hggfffdfy687.workers.dev/tools/tx/status,POST,0x87fc8c5b2c5000d50d6808f3526eeec57e240211,True,402,True,True,2,True,True,190,
2026-09-30,openrelay.hggfffdfy687.workers.dev,https://openrelay.hggfffdfy687.workers.dev/tools/wallet/balance,POST,0x87fc8c5b2c5000d50d6808f3526eeec57e240211,True,402,True,True,2,True,True,194,
2026-09-30,openrelay.hggfffdfy687.workers.dev,https://openrelay.hggfffdfy687.workers.dev/v1/premium/chat/completions,POST,0x87fc8c5b2c5000d50d6808f3526eeec57e240211,True,402,True,True,2,True,True,207,
2026-09-30,openwebninja-x402.vercel.app,https://openwebninja-x402.vercel.app/api/amazon/todays-deals,GET,0xc0ccf68a8e61a4d25eecfcacd486e673e900de0a,True,402,True,True,2,True,True,170,
2026-09-30,openwebninja-x402.vercel.app,https://openwebninja-x402.vercel.app/api/play-store-apps/categories,GET,0xc0ccf68a8e61a4d25eecfcacd486e673e900de0a,True,402,True,True,2,True,True,158,
2026-09-30,openwebninja-x402.vercel.app,https://openwebninja-x402.vercel.app/api/play-store-apps/top-free-games,GET,0xc0ccf68a8e61a4d25eecfcacd486e673e900de0a,True,402,True,True,2,True,True,194,
2026-09-30,openwebninja-x402.vercel.app,https://openwebninja-x402.vercel.app/api/play-store-apps/top-grossing-apps,GET,0xc0ccf68a8e61a4d25eecfcacd486e673e900de0a,True,402,True,True,2,True,True,200,
2026-09-30,oracle.cyberwarex.com,https://oracle.cyberwarex.com/verdict,GET,0x058d0cc5cc97e61e8a9f38d6d6365bce525921b2,True,402,True,True,2,True,True,726,
2026-09-30,ot-intel-api.onrender.com,https://ot-intel-api.onrender.com/ot/ai-exposure,GET,0x1888192fac6a69e4cd7d078ec4bcf6f24f7c767b,True,402,True,True,2,True,True,126,
2026-09-30,ot-intel-api.onrender.com,https://ot-intel-api.onrender.com/ot/delta,GET,0x1888192fac6a69e4cd7d078ec4bcf6f24f7c767b,True,402,True,True,2,True,True,179,
2026-09-30,ot-intel-api.onrender.com,https://ot-intel-api.onrender.com/ot/gcc-bulletin,GET,0x1888192fac6a69e4cd7d078ec4bcf6f24f7c767b,True,402,True,True,2,True,True,128,
2026-09-30,ot-intel-api.onrender.com,https://ot-intel-api.onrender.com/ot/ioc,GET,0x1888192fac6a69e4cd7d078ec4bcf6f24f7c767b,True,402,True,True,2,True,True,173,
2026-09-30,ot-intel-api.onrender.com,https://ot-intel-api.onrender.com/ot/malware,GET,0x1888192fac6a69e4cd7d078ec4bcf6f24f7c767b,True,402,True,True,2,True,True,196,
2026-09-30,overwing.ai,https://overwing.ai/api/x402/atlas/lookup,GET,0xf4a6cea7ce19ce36d6420905e5a1eafb30bfd133,True,402,True,True,2,True,True,178,
2026-09-30,overwing.ai,https://overwing.ai/api/x402/evaluate,POST,0xf4a6cea7ce19ce36d6420905e5a1eafb30bfd133,True,402,True,True,2,True,True,301,
2026-09-30,overwing.ai,https://overwing.ai/api/x402/execute,POST,0xf4a6cea7ce19ce36d6420905e5a1eafb30bfd133,True,402,True,True,2,True,True,169,
2026-09-30,ozmium.org,https://ozmium.org/v1/arbitrage,GET,0x53a05c0eed6cbf065f31aedbae7b0d8ce1a0f4db,True,402,True,True,2,True,True,764,
2026-09-30,ozmium.org,https://ozmium.org/v1/loan/markets,GET,0x53a05c0eed6cbf065f31aedbae7b0d8ce1a0f4db,True,402,True,True,2,True,True,808,
2026-09-30,ozmium.org,https://ozmium.org/v1/signals,GET,0x53a05c0eed6cbf065f31aedbae7b0d8ce1a0f4db,True,402,True,True,2,True,True,665,
2026-09-30,ozmium.org,https://ozmium.org/v1/tx/stocks,POST,0x53a05c0eed6cbf065f31aedbae7b0d8ce1a0f4db,True,402,True,True,2,True,True,597,
2026-09-30,palmyr.ai,https://palmyr.ai/domains/coghill.xyz/dns,POST,0x79e999e2f9d5417f2803f1d88602ab1ea4323881,True,402,True,True,2,True,True,682,
2026-09-30,palmyr.ai,https://palmyr.ai/domains/coghillavengers.xyz/dns,GET,0x79e999e2f9d5417f2803f1d88602ab1ea4323881,True,402,True,True,2,True,True,1307,
2026-09-30,palmyr.ai,https://palmyr.ai/domains/herbrainai.xyz/dns,GET,0x79e999e2f9d5417f2803f1d88602ab1ea4323881,True,402,True,True,2,True,True,377,
2026-09-30,palmyr.ai,https://palmyr.ai/social/twitter/profile,POST,0x79e999e2f9d5417f2803f1d88602ab1ea4323881,True,402,True,True,2,True,True,702,
2026-09-30,palmyr.ai,https://palmyr.ai/x/accounts/mine,GET,0x79e999e2f9d5417f2803f1d88602ab1ea4323881,True,402,True,True,2,True,True,307,
2026-09-30,pathmint.edge.report,https://pathmint.edge.report/v1/messari-gate,GET,0xe2520f1497ee47645072a6214304807bc3340d58,True,402,True,True,2,True,True,252,
2026-09-30,pathmint.edge.report,https://pathmint.edge.report/v1/ping,GET,0xe2520f1497ee47645072a6214304807bc3340d58,True,402,True,True,2,True,True,308,
2026-09-30,pay.edge-agents.ai,https://pay.edge-agents.ai/v1/services/btc-cftc-leveraged-fund-positioning,GET,0x7d9c21acb6be3f6ea4723c148a32dc327a3ecb5b,True,402,True,True,2,True,True,166,
2026-09-30,pay.edge-agents.ai,https://pay.edge-agents.ai/v1/services/macro-in-reserves-months-imports,GET,0x7d9c21acb6be3f6ea4723c148a32dc327a3ecb5b,True,402,True,True,2,True,True,157,
2026-09-30,pay.edge-agents.ai,https://pay.edge-agents.ai/v1/services/macro-kr-gdp-per-capita-growth,GET,0x7d9c21acb6be3f6ea4723c148a32dc327a3ecb5b,True,402,True,True,2,True,True,336,
2026-09-30,pay.edge-agents.ai,https://pay.edge-agents.ai/v1/services/macro-my-gdp-per-capita-growth,GET,0x7d9c21acb6be3f6ea4723c148a32dc327a3ecb5b,True,402,True,True,2,True,True,217,
2026-09-30,pay.edge-agents.ai,https://pay.edge-agents.ai/v1/services/macro-tr-capital-formation,GET,0x7d9c21acb6be3f6ea4723c148a32dc327a3ecb5b,True,402,True,True,2,True,True,167,
2026-09-30,payable.nsgoods.org,https://payable.nsgoods.org/payable,GET,0xc87a06dee4c0e85912296002617120bbfd5ef990,True,402,True,True,2,True,True,325,
2026-09-30,payee.schemasure.com,https://payee.schemasure.com/v1/guard/payee,POST,0x9876af0f6d8ed5155cd02d1ca56d128601612690,True,402,True,True,2,True,True,217,
2026-09-30,payload402.edgebytenet.workers.dev,https://payload402.edgebytenet.workers.dev/geo/lookup,GET,0x555379f9f4750eb34ffc8b3daf8eda2ea0f6d112,True,402,True,True,2,True,True,714,
2026-09-30,payload402.edgebytenet.workers.dev,https://payload402.edgebytenet.workers.dev/license/check,GET,0x555379f9f4750eb34ffc8b3daf8eda2ea0f6d112,True,402,True,True,2,False,True,642,
2026-09-30,payload402.edgebytenet.workers.dev,https://payload402.edgebytenet.workers.dev/npm/stats,GET,0x555379f9f4750eb34ffc8b3daf8eda2ea0f6d112,True,402,True,True,2,True,True,1038,
2026-09-30,payload402.edgebytenet.workers.dev,https://payload402.edgebytenet.workers.dev/search,GET,0x555379f9f4750eb34ffc8b3daf8eda2ea0f6d112,True,402,True,True,2,False,True,518,
2026-09-30,payload402.edgebytenet.workers.dev,https://payload402.edgebytenet.workers.dev/translate,GET,0x555379f9f4750eb34ffc8b3daf8eda2ea0f6d112,True,402,True,True,2,True,True,7821,
2026-09-30,penny402.fun,https://penny402.fun/koan,POST,0x9d0bb5da24cade855dee8d1231a1c416e0bb2ffe,True,402,True,True,2,True,True,457,
2026-09-30,penny402.fun,https://penny402.fun/oblique,POST,0x9d0bb5da24cade855dee8d1231a1c416e0bb2ffe,True,402,True,True,2,True,True,197,
2026-09-30,penny402.fun,https://penny402.fun/prophecy,POST,0x9d0bb5da24cade855dee8d1231a1c416e0bb2ffe,True,402,True,True,2,True,True,225,
2026-09-30,penny402.fun,https://penny402.fun/roast-my-wallet,POST,0x9d0bb5da24cade855dee8d1231a1c416e0bb2ffe,True,402,True,True,2,True,True,124,
2026-09-30,penny402.fun,https://penny402.fun/tarot,POST,0x9d0bb5da24cade855dee8d1231a1c416e0bb2ffe,True,402,True,True,2,True,True,246,
2026-09-30,pennyregwatch.com,https://pennyregwatch.com/v1/metadata,GET,0x5deaebaf98034cc0d9abe3757a440b121c42ef0a,True,402,True,True,2,True,True,74,
2026-09-30,pennyregwatch.com,https://pennyregwatch.com/v1/redirect,GET,0x5deaebaf98034cc0d9abe3757a440b121c42ef0a,True,402,True,True,2,True,True,145,
2026-09-30,pennyregwatch.com,https://pennyregwatch.com/v1/robots,GET,0x5deaebaf98034cc0d9abe3757a440b121c42ef0a,True,402,True,True,2,True,True,71,
2026-09-30,pennyregwatch.com,https://pennyregwatch.com/v1/search,GET,0x5deaebaf98034cc0d9abe3757a440b121c42ef0a,True,402,True,True,2,True,True,86,
2026-09-30,pennyregwatch.com,https://pennyregwatch.com/web/places,GET,0x5deaebaf98034cc0d9abe3757a440b121c42ef0a,True,402,True,True,2,True,True,78,
2026-09-30,perplexity.x402.paywithlocus.com,https://perplexity.x402.paywithlocus.com/perplexity/chat,POST,0x3c5cbe28eca3b96023c45d3f877da834f1c7d5fa,True,402,True,True,2,,True,135,
2026-09-30,phion.systems,https://phion.systems/v1/paid/trust/capability-negotiation-preflight,POST,0x7beca68dd9ac733d4de6b16d16b85dc391c071e2,True,402,True,True,2,True,True,271,
2026-09-30,phion.systems,https://phion.systems/v1/paid/trust/economic-loop-detector,POST,0x7beca68dd9ac733d4de6b16d16b85dc391c071e2,True,402,True,True,2,True,True,1433,
2026-09-30,phion.systems,https://phion.systems/v1/paid/trust/subscription-spend-guard,POST,0x7beca68dd9ac733d4de6b16d16b85dc391c071e2,True,402,True,True,2,True,True,262,
2026-09-30,phion.systems,https://phion.systems/v1/paid/trust/transaction-recovery-v2,POST,0x7beca68dd9ac733d4de6b16d16b85dc391c071e2,True,402,True,True,2,True,True,283,
2026-09-30,phion.systems,https://phion.systems/v1/paid/trust/webhook-verifier,POST,0x7beca68dd9ac733d4de6b16d16b85dc391c071e2,True,402,True,True,2,True,True,267,
2026-09-30,pixels.gateway.clawca.sh,https://pixels.gateway.clawca.sh/v1/link-inspect,POST,0x9acfdc5a3d6bfbb127615751e0f0e44014e32abf,True,402,True,True,2,True,True,317,
2026-09-30,places.use.x402atlas.com,https://places.use.x402atlas.com/apple/local,GET,0x59ea036c64f0f54cdd14a3be8a1a6586b58da71c,True,402,True,True,2,True,True,255,
2026-09-30,places.use.x402atlas.com,https://places.use.x402atlas.com/local,GET,0x59ea036c64f0f54cdd14a3be8a1a6586b58da71c,True,402,True,True,2,True,True,330,
2026-09-30,places.use.x402atlas.com,https://places.use.x402atlas.com/place,GET,0x59ea036c64f0f54cdd14a3be8a1a6586b58da71c,True,402,True,True,2,True,True,248,
2026-09-30,play.0000402.xyz,https://play.0000402.xyz/rps,POST,0xee72b902af7466023595512e3359bb5bf312977c,True,402,True,True,2,True,True,994,
2026-09-30,polynews.news,https://polynews.news/api/v1/arbitrage,GET,0x6ee49a7872844397fb52870cc07b308ffadc9427,True,402,True,True,2,True,True,338,
2026-09-30,polynews.news,https://polynews.news/api/v1/feed,GET,0x6ee49a7872844397fb52870cc07b308ffadc9427,True,402,True,True,2,True,True,295,
2026-09-30,predict.memoryapi.org,https://predict.memoryapi.org/x402/predict/mispricing,GET,0x24facafeb49b4e3facf0b3e69604a2f4640c9bf2,True,402,True,True,2,True,True,406,
2026-09-30,preppers-paradise.com,https://preppers-paradise.com/library/automatetheboringstuffwithpythonnew/02-what-is-programming.md,GET,0x3bf4f4914f78c3c2b2f2801f8ea717135b7d3bdf,True,402,True,True,2,True,True,586,
2026-09-30,pro-api.coingecko.com,"https://pro-api.coingecko.com/api/v3/x402/onchain/simple/networks/base/token_price/0x4200000000000000000000000000000000000006,0x940181a94a35a4569e4529a3cdfb74e38fd98631,0x9b5e262cf9bb04869ab40b19af91d2dc85761722,0xacfe6019ed1a7dc6f7b508c02d1b04ec88cc21bf,0x22af33fe49fd1fa80c7149773dde5890d3c76f3b",GET,0x110cdbba7fe6434ec4ce3464cc523942ad6fb784,True,402,True,True,2,True,True,153,
2026-09-30,pro-api.coingecko.com,"https://pro-api.coingecko.com/api/v3/x402/onchain/simple/networks/base/token_price/0x4200000000000000000000000000000000000006,0xff8104251e7761163fac3211ef5583fb3f8583d6,0xacfe6019ed1a7dc6f7b508c02d1b04ec88cc21bf,0xa4a2e2ca3fbfe21aed83471d28b6f65a233c6e00,0x5f980dcfc4c0fa3911554cf5ab288ed0eb13dba3,0xc0634090f2fe6c6d75e61be2b949464abb498973,0x9a26f5433671751c3276a065f57e5a02d2817973,0x9f86db9fc6f7c9408e8fda3ff8ce4e78ac7a6b07,0x22af33fe49fd1fa80c7149773dde5890d3c76f3b,0x940181a94a35a4569e4529a3cdfb74e38fd98631,0x1bc0c42215582d5a085795f4badbac3ff36d1bcb,0xbaa5cc21fd487b8fcc2f632f3f4e8d37262a0842",GET,0x110cdbba7fe6434ec4ce3464cc523942ad6fb784,True,402,True,True,2,True,True,177,
2026-09-30,pro-api.coingecko.com,"https://pro-api.coingecko.com/api/v3/x402/onchain/simple/networks/base/token_price/0x940181a94a35a4569e4529a3cdfb74e38fd98631,0x311935cd80b76769bf2ecc9d8ab7635b2139cf82,0x4200000000000000000000000000000000000006,0x9b5e262cf9bb04869ab40b19af91d2dc85761722,0x16ee7ecac70d1028e7712751e2ee6ba808a7dd92,0xd9aaec86b65d86f6a7b5b1b0c42ffa531710b6ca,0x5ab3d4c385b400f3abb49e80de2faf6a88a7b691,0xeb466342c4d449bc9f53a865d5cb90586f405215",GET,0x110cdbba7fe6434ec4ce3464cc523942ad6fb784,True,402,True,True,2,True,True,166,
2026-09-30,pro-api.coingecko.com,https://pro-api.coingecko.com/api/v3/x402/onchain/simple/networks/base/token_price/:address,GET,0x110cdbba7fe6434ec4ce3464cc523942ad6fb784,True,402,True,True,2,True,True,161,
2026-09-30,pro-api.coingecko.com,https://pro-api.coingecko.com/api/v3/x402/onchain/simple/networks/monad/token_price/probe,GET,0x110cdbba7fe6434ec4ce3464cc523942ad6fb784,True,402,True,True,2,True,True,203,
2026-09-30,pro-api.coinmarketcap.com,https://pro-api.coinmarketcap.com/x402/v1/dex/search,GET,0x3c5f3a6ce224bb89d72f5eb4232ecc27f67b3eea,True,402,True,True,2,True,True,204,
2026-09-30,pro-api.coinmarketcap.com,https://pro-api.coinmarketcap.com/x402/v3/cryptocurrency/quotes/latest,GET,0x3c5f3a6ce224bb89d72f5eb4232ecc27f67b3eea,True,402,True,True,2,True,True,142,
2026-09-30,pro-api.coinmarketcap.com,https://pro-api.coinmarketcap.com/x402/v4/dex/pairs/quotes/latest,GET,0x3c5f3a6ce224bb89d72f5eb4232ecc27f67b3eea,True,402,True,True,2,True,True,134,
2026-09-30,proppulse.theaslangroupllc.com,https://proppulse.theaslangroupllc.com/api/prop/neighborhood,GET,0x50ab2018c06c6e4eaa9ba52057eb55ed284912fc,True,402,True,True,2,True,True,277,
2026-09-30,proxy.suverse.io,https://proxy.suverse.io/v1/data/crypto-market-pulse,POST,0x260fbe1ec46968ee02e5b972507d7bb7f09f82b0,True,402,True,True,2,True,True,528,
2026-09-30,proxy.suverse.io,https://proxy.suverse.io/v1/data/suverse-rxnorm-rxcui,POST,0x260fbe1ec46968ee02e5b972507d7bb7f09f82b0,True,402,True,True,2,True,True,610,
2026-09-30,proxy.suverse.io,https://proxy.suverse.io/v1/data/suverse-stablecoin-supply,POST,0x260fbe1ec46968ee02e5b972507d7bb7f09f82b0,True,402,True,True,2,True,True,536,
2026-09-30,proxy.suverse.io,https://proxy.suverse.io/v1/data/suverse-vehicle-models,POST,0x260fbe1ec46968ee02e5b972507d7bb7f09f82b0,True,402,True,True,2,True,True,509,
2026-09-30,pulse.chainverdict.xyz,https://pulse.chainverdict.xyz/v1/attest,GET,0xae2634e709c454f2720c65a0b2f9ba168e431842,True,402,True,True,2,True,True,174,
2026-09-30,pyfile-agent.taile3ff35.ts.net,https://pyfile-agent.taile3ff35.ts.net/data/ideas,GET,0xa43774fd2e867fc45b782456d78f135a215d5561,True,402,True,True,2,True,True,1069,
2026-09-30,pyfile-agent.taile3ff35.ts.net,https://pyfile-agent.taile3ff35.ts.net/web/read,GET,0xa43774fd2e867fc45b782456d78f135a215d5561,True,402,True,True,2,True,True,1019,
2026-09-30,pyfile-agent.taile3ff35.ts.net,https://pyfile-agent.taile3ff35.ts.net:10000/pass/buy,POST,0xa43774fd2e867fc45b782456d78f135a215d5561,True,402,True,True,2,True,True,938,
2026-09-30,pyfile-agent.taile3ff35.ts.net,https://pyfile-agent.taile3ff35.ts.net:10000/secret/drop-ttl,POST,0xa43774fd2e867fc45b782456d78f135a215d5561,True,402,True,True,2,True,True,2686,
2026-09-30,pyfile-agent.taile3ff35.ts.net,https://pyfile-agent.taile3ff35.ts.net:10000/web/search,GET,0xa43774fd2e867fc45b782456d78f135a215d5561,True,402,True,True,2,True,True,896,
2026-09-30,q402.quackai.ai,https://q402.quackai.ai/api/x402/governance/analyze,POST,0x9bbbb98e11e7be968bf4a02701c6e29fffd51d6b,True,402,True,True,2,True,True,317,
2026-09-30,qr-api-production-1836.up.railway.app,https://qr-api-production-1836.up.railway.app/decode,POST,0xffc458db291b4abce020fe3de4f91f2770e537b1,True,402,True,True,2,True,True,104,
2026-09-30,qr-api-production-1836.up.railway.app,https://qr-api-production-1836.up.railway.app/generate/basic,POST,0xffc458db291b4abce020fe3de4f91f2770e537b1,True,402,True,True,2,True,True,78,
2026-09-30,qr-code-generator.underscoredone.com,https://qr-code-generator.underscoredone.com/generate,POST,0xe9740820225b3918b4ddd1292c7ca4ca0e2c2f08,True,402,True,True,2,True,True,239,
2026-09-30,quartermaster.surewhynot.app,https://quartermaster.surewhynot.app/v1/describe-image,GET,0x5253666c40432f009ebd99908b9cd2a7fd1019cb,True,402,True,True,2,True,True,1009,
2026-09-30,quartermaster.surewhynot.app,https://quartermaster.surewhynot.app/v1/holiday,GET,0x5253666c40432f009ebd99908b9cd2a7fd1019cb,True,402,True,True,2,True,True,93,
2026-09-30,quartermaster.surewhynot.app,https://quartermaster.surewhynot.app/v1/payment-proof,GET,0x5253666c40432f009ebd99908b9cd2a7fd1019cb,True,402,True,True,2,True,True,113,
2026-09-30,quartermaster.surewhynot.app,https://quartermaster.surewhynot.app/v1/price,GET,0x5253666c40432f009ebd99908b9cd2a7fd1019cb,True,402,True,True,2,True,True,97,
2026-09-30,quartermaster.surewhynot.app,https://quartermaster.surewhynot.app/v1/unshorten,GET,0x5253666c40432f009ebd99908b9cd2a7fd1019cb,True,402,True,True,2,True,True,680,
2026-09-30,quotient-api-gateway.onrender.com,https://quotient-api-gateway.onrender.com/api/v1/assets,GET,0xc3d01fd2f79d4c57ad106ab8ecc12a5de24f97cb,True,402,True,True,2,True,True,256,
2026-09-30,quotient-api-gateway.onrender.com,https://quotient-api-gateway.onrender.com/api/v1/assets/search,GET,0xc3d01fd2f79d4c57ad106ab8ecc12a5de24f97cb,True,402,True,True,2,True,True,223,
2026-09-30,quotient-api-gateway.onrender.com,https://quotient-api-gateway.onrender.com/api/v1/latest,GET,0xc3d01fd2f79d4c57ad106ab8ecc12a5de24f97cb,True,402,True,True,2,True,True,239,
2026-09-30,quotient-api-gateway.onrender.com,https://quotient-api-gateway.onrender.com/api/v1/portfolio,GET,0xc3d01fd2f79d4c57ad106ab8ecc12a5de24f97cb,True,402,True,True,2,True,True,217,
2026-09-30,quotient-api-gateway.onrender.com,https://quotient-api-gateway.onrender.com/api/v1/signals/featured,GET,0xc3d01fd2f79d4c57ad106ab8ecc12a5de24f97cb,True,402,True,True,2,True,True,335,
2026-09-30,randomfactsx402.vercel.app,https://randomfactsx402.vercel.app/api/random-fact,GET,0xb5f08f2db7baa682f308baa02cf0edb35aca336a,True,402,True,True,2,True,True,182,
2026-09-30,raptor-base-yields.vercel.app,https://raptor-base-yields.vercel.app/v1/wallet/:address,GET,0x1e84f1f4e83ddfc91f8d5298b0cf49da34d041a6,True,400,True,False,,,,336,
2026-09-30,raptor-base-yields.vercel.app,https://raptor-base-yields.vercel.app/v1/yields,GET,0x1e84f1f4e83ddfc91f8d5298b0cf49da34d041a6,True,402,True,True,2,True,True,193,
2026-09-30,read.lonestaroracle.xyz,https://read.lonestaroracle.xyz/read,GET,0x52ab53912d37759b2ad364f22dd06b16714b6c06,True,402,True,True,2,True,True,310,
2026-09-30,readiness.pay.zeroclick.io,https://readiness.pay.zeroclick.io/api/v1/scans,POST,0x9811c0900fcb719bbc363a3846d2d6db2771dea8,True,400,True,False,,,,379,
2026-09-30,readx.sh,https://readx.sh/api/:name,GET,0x13e060adcc6f4b731da8382b333027b8b2bff707,True,402,True,True,2,True,True,1548,
2026-09-30,readx.sh,https://readx.sh/api/:name/followers,GET,0x13e060adcc6f4b731da8382b333027b8b2bff707,True,402,True,True,2,True,True,97,
2026-09-30,readx.sh,https://readx.sh/api/:name/info,GET,0x13e060adcc6f4b731da8382b333027b8b2bff707,True,402,True,True,2,True,True,135,
2026-09-30,readx.sh,https://readx.sh/api/:name/pinned,GET,0x13e060adcc6f4b731da8382b333027b8b2bff707,True,402,True,True,2,True,True,104,
2026-09-30,readx.sh,https://readx.sh/api/:name/with_replies,GET,0x13e060adcc6f4b731da8382b333027b8b2bff707,True,402,True,True,2,True,True,101,
2026-09-30,recalls.recordsforagents.com,https://recalls.recordsforagents.com/recalls/search,GET,0x16be07aec4d16e8ec9039d16e7049ee47834acd7,True,402,True,True,2,True,True,562,
2026-09-30,regime.nsgoods.org,https://regime.nsgoods.org/regime,GET,0xc87a06dee4c0e85912296002617120bbfd5ef990,True,402,True,True,2,True,True,318,
2026-09-30,regimeshift.xyz,https://regimeshift.xyz/api/v1/asset/btc/vrp,GET,0x82b17d0bb4de9ae6c3491257b60e8245e70acd7b,True,402,True,True,2,True,True,470,
2026-09-30,regimeshift.xyz,https://regimeshift.xyz/api/v1/asset/eth/vrp,GET,0x82b17d0bb4de9ae6c3491257b60e8245e70acd7b,True,402,True,True,2,True,True,1586,
2026-09-30,regimeshift.xyz,https://regimeshift.xyz/api/v1/rate/sofr/usd,GET,0x82b17d0bb4de9ae6c3491257b60e8245e70acd7b,True,402,True,True,2,True,True,513,
2026-09-30,regimeshift.xyz,https://regimeshift.xyz/api/v1/risk/max-ltv,GET,0x82b17d0bb4de9ae6c3491257b60e8245e70acd7b,True,402,True,True,2,True,True,496,
2026-09-30,relay.straelo.com,https://relay.straelo.com/chain-contract-call,POST,0x267ead21c0a5c1bf7e44cb357641556edc52d232,True,402,True,True,2,True,True,180,
2026-09-30,relay.straelo.com,https://relay.straelo.com/dns-intelligence,POST,0x267ead21c0a5c1bf7e44cb357641556edc52d232,True,402,True,True,2,True,True,183,
2026-09-30,relay.straelo.com,https://relay.straelo.com/domain-health,POST,0x267ead21c0a5c1bf7e44cb357641556edc52d232,True,402,True,True,2,True,True,179,
2026-09-30,relay.straelo.com,https://relay.straelo.com/email-validator/basic,POST,0x267ead21c0a5c1bf7e44cb357641556edc52d232,True,402,True,True,2,True,True,280,
2026-09-30,relay.straelo.com,https://relay.straelo.com/search-extract,POST,0x267ead21c0a5c1bf7e44cb357641556edc52d232,True,402,True,True,2,True,True,179,
2026-09-30,replicate.x402.paywithlocus.com,https://replicate.x402.paywithlocus.com/replicate/get-model,POST,0x3c5cbe28eca3b96023c45d3f877da834f1c7d5fa,True,402,True,True,2,True,True,148,
2026-09-30,rest.coincap.io,https://rest.coincap.io/v3/agentFriendly/assets_search,GET,0x9baa4417d1e78f2ed5b09aa4abfb541aeb2cd6ed,True,402,True,True,2,True,True,736,
2026-09-30,rest.coincap.io,https://rest.coincap.io/v3/agentFriendly/full_assets_by_slug,GET,0x9baa4417d1e78f2ed5b09aa4abfb541aeb2cd6ed,True,402,True,True,2,True,True,278,
2026-09-30,rest.coincap.io,https://rest.coincap.io/v3/agentFriendly/history/bitcoin,GET,0x9baa4417d1e78f2ed5b09aa4abfb541aeb2cd6ed,True,402,True,True,2,True,True,825,
2026-09-30,rest.coincap.io,https://rest.coincap.io/v3/agentFriendly/history/ethereum,GET,0x9baa4417d1e78f2ed5b09aa4abfb541aeb2cd6ed,True,402,True,True,2,True,True,275,
2026-09-30,rest.coincap.io,https://rest.coincap.io/v3/agentFriendly/total_market_cap_history,GET,0x9baa4417d1e78f2ed5b09aa4abfb541aeb2cd6ed,True,402,True,True,2,True,True,271,
2026-09-30,revert.wtf,https://revert.wtf/api/x402/explain,POST,0xb6a059e341769c08310a8cfaef17015fc5f896c4,True,402,True,True,2,True,True,852,
2026-09-30,riddlex402.vercel.app,https://riddlex402.vercel.app/api/riddle,GET,0x255cdb4e42afefc7120b0388eb78f96d996d387b,True,402,True,True,2,True,True,223,
2026-09-30,risk-oracle-api.rohan-rajnikanth.workers.dev,https://risk-oracle-api.rohan-rajnikanth.workers.dev/v1/risk-check,POST,0x4453fdec07a4a4dafe3399d942c6827ec1d28cfd,True,402,True,True,2,True,True,338,
2026-09-30,rng.sociologic.ai,https://rng.sociologic.ai/dice,GET,0x0b6e3594df4faa6d66196d5a3271796ad8bb505d,True,402,True,True,2,True,True,604,
2026-09-30,rng.sociologic.ai,https://rng.sociologic.ai/random,GET,0x0b6e3594df4faa6d66196d5a3271796ad8bb505d,True,402,True,True,2,True,True,345,
2026-09-30,rng.sociologic.ai,https://rng.sociologic.ai/random/int,GET,0x0b6e3594df4faa6d66196d5a3271796ad8bb505d,True,402,True,True,2,True,True,306,
2026-09-30,rng.sociologic.ai,https://rng.sociologic.ai/uuid,GET,0x0b6e3594df4faa6d66196d5a3271796ad8bb505d,True,402,True,True,2,True,True,208,
2026-09-30,roastx402endpoint.vercel.app,https://roastx402endpoint.vercel.app/api/roast,GET,0xbbba34e9e10130ce852aa9f1d651cd73c36206d4,True,402,True,True,2,True,True,192,
2026-09-30,router.forgemesh.io,https://router.forgemesh.io/api/services,GET,0xa1ebb2a8a8ed5497cf09c861a1e135520a3b3396,True,402,True,True,2,True,True,404,
2026-09-30,router.mudko.com,https://router.mudko.com/api/x402/route,GET,0x53598173ce7c26025bab0520d9e9d0c28fbcf7de,True,402,True,True,2,True,True,248,
2026-09-30,rpc.nodeflare.app,https://rpc.nodeflare.app/arb/x402,POST,0x9d86e0e74333b297b1d0b6ba30d2ed1b5f01f296,True,402,True,True,2,True,True,337,
2026-09-30,rpc.nodeflare.app,https://rpc.nodeflare.app/avax/x402,POST,0x9d86e0e74333b297b1d0b6ba30d2ed1b5f01f296,True,402,True,True,2,True,True,266,
2026-09-30,rpc.nodeflare.app,https://rpc.nodeflare.app/base/x402,POST,0x9d86e0e74333b297b1d0b6ba30d2ed1b5f01f296,True,402,True,True,2,True,True,552,
2026-09-30,rpc.nodeflare.app,https://rpc.nodeflare.app/op/x402,POST,0x9d86e0e74333b297b1d0b6ba30d2ed1b5f01f296,True,402,True,True,2,True,True,253,
2026-09-30,rpc.nodeflare.app,https://rpc.nodeflare.app/sonic/x402,POST,0x9d86e0e74333b297b1d0b6ba30d2ed1b5f01f296,True,402,True,True,2,True,True,557,
2026-09-30,rubric-protocol.com,https://rubric-protocol.com/v1/c2pa/verdict-attest/claim,POST,0xab6731a0bcdf511c2842c768a03448075ab654ca,True,402,True,True,2,True,True,293,
2026-09-30,rubric-protocol.com,https://rubric-protocol.com/v1/x402/attested-work-record,POST,0xab6731a0bcdf511c2842c768a03448075ab654ca,True,402,True,True,2,True,True,290,
2026-09-30,rubric-protocol.com,https://rubric-protocol.com/v1/x402/hedera-facts/rubric-activity,GET,0xab6731a0bcdf511c2842c768a03448075ab654ca,True,402,True,True,2,True,True,326,
2026-09-30,rubric-protocol.com,https://rubric-protocol.com/v1/x402/hedera-facts/treasury-balance,GET,0xab6731a0bcdf511c2842c768a03448075ab654ca,True,402,True,True,2,True,True,283,
2026-09-30,rubric-protocol.com,https://rubric-protocol.com/v1/x402/wallet-record/:address,GET,0xab6731a0bcdf511c2842c768a03448075ab654ca,True,402,True,True,2,True,True,284,
2026-09-30,safetyincidents.org,https://safetyincidents.org/api/x402/feature-request/:featureRequestID/upvote,GET,0x9f6c07e3f772ec49435579ec34e13141a94b9958,True,200,True,False,,,,376,
2026-09-30,safetyincidents.org,https://safetyincidents.org/api/x402/severe-injuries,GET,0x9f6c07e3f772ec49435579ec34e13141a94b9958,True,200,True,False,,,,244,
2026-09-30,sat.ipintel.ai,https://sat.ipintel.ai/location-risk,POST,0x0550779cfbc832657a8bb46bac9f359a5ad038b8,True,402,True,True,2,True,True,211,
2026-09-30,sat.ipintel.ai,https://sat.ipintel.ai/satellite-observe,POST,0x0550779cfbc832657a8bb46bac9f359a5ad038b8,True,402,True,True,2,True,True,191,
2026-09-30,schedule-tools.use.x402atlas.com,https://schedule-tools.use.x402atlas.com/timezone-convert,POST,0x8c128f1ee62bb5e47867cfbae2ad89be325df1b2,True,400,True,False,,,,363,
2026-09-30,schemasure.com,https://schemasure.com/v2/extract-image,POST,0x9876af0f6d8ed5155cd02d1ca56d128601612690,True,402,True,True,2,True,True,236,
2026-09-30,scorestatus.dev,https://scorestatus.dev/api/install,POST,0x3205859b58fcb55ac6c30a01bd09c7ed371323b7,True,402,True,True,2,True,True,297,
2026-09-30,scout.hugen.tokyo,https://scout.hugen.tokyo/scout/devto,GET,0x29322ea7ecb34aa6164cb2ddeb9ce650902e4f60,True,402,True,True,2,True,True,484,
2026-09-30,scout.hugen.tokyo,https://scout.hugen.tokyo/scout/npm,GET,0x29322ea7ecb34aa6164cb2ddeb9ce650902e4f60,True,402,True,True,2,True,True,212,
2026-09-30,scrapecheck.fly.dev,https://scrapecheck.fly.dev/verify,POST,0x455f20ec147477cafcd6d77c1604529f3c4ff665,True,402,True,True,2,True,True,241,
2026-09-30,scrapecheck.fly.dev,https://scrapecheck.fly.dev/verify-presence,POST,0x455f20ec147477cafcd6d77c1604529f3c4ff665,True,402,True,True,2,True,True,177,
2026-09-30,scry.solanahub.de,https://scry.solanahub.de/x402/network/priority-fees-live,GET,0xf4a904d8326786d90157cf791c281302f11b2036,True,402,True,True,2,True,True,274,
2026-09-30,scry.solanahub.de,https://scry.solanahub.de/x402/pumpfun/launch-dossier,GET,0xf4a904d8326786d90157cf791c281302f11b2036,True,402,True,True,2,True,True,555,
2026-09-30,scry.solanahub.de,https://scry.solanahub.de/x402/solana/pumpfun-risk-protection,GET,0xf4a904d8326786d90157cf791c281302f11b2036,True,402,True,True,2,True,True,824,
2026-09-30,scry.solanahub.de,https://scry.solanahub.de/x402/wallet/:address/lineage,GET,0xf4a904d8326786d90157cf791c281302f11b2036,True,402,True,True,2,True,True,291,
2026-09-30,scry.solanahub.de,https://scry.solanahub.de/x402/wallet/:address/pnl,GET,0xf4a904d8326786d90157cf791c281302f11b2036,True,402,True,True,2,False,True,581,
2026-09-30,scvd.store,https://scvd.store/api/buy/hello,GET,0xdd350976b8cffc65938c0464d39a2c78be079bd0,True,402,True,True,2,True,True,309,
2026-09-30,scvd.store,https://scvd.store/api/buy/research_comparison,GET,0xdd350976b8cffc65938c0464d39a2c78be079bd0,True,402,True,True,2,True,True,366,
2026-09-30,scvd.store,https://scvd.store/api/buy/settlement_reconciliation,GET,0xdd350976b8cffc65938c0464d39a2c78be079bd0,True,402,True,True,2,True,True,126,
2026-09-30,scvd.store,https://scvd.store/api/buy/the_case_file,GET,0xdd350976b8cffc65938c0464d39a2c78be079bd0,True,402,True,True,2,True,True,491,
2026-09-30,scvd.store,https://scvd.store/api/buy/the_mandate,GET,0xdd350976b8cffc65938c0464d39a2c78be079bd0,True,402,True,True,2,True,True,168,
2026-09-30,sendcheck-x402.pennyforge.workers.dev,https://sendcheck-x402.pennyforge.workers.dev/check,POST,0x9504a5939ab5be2b2b1f8bea7d7ebeccd96c485d,True,402,True,True,2,True,True,371,
2026-09-30,sendcheck-x402.pennyforgeorg.workers.dev,https://sendcheck-x402.pennyforgeorg.workers.dev/check,POST,0x9504a5939ab5be2b2b1f8bea7d7ebeccd96c485d,True,402,True,True,2,True,True,364,
2026-09-30,sendquotenow.com,https://sendquotenow.com/v1/x402/quote/generate,POST,0xba61c06e3534bf80dfe85c79982dfba5d3f7258a,True,402,True,True,2,True,True,827,
2026-09-30,sh-origin.walls.sh,https://sh-origin.walls.sh/news,GET,0xf7fdeffc3abc97379418b0a687fdb54e1cbce163,True,402,True,True,2,True,True,531,
2026-09-30,sh-origin.walls.sh,https://sh-origin.walls.sh/research,GET,0xf7fdeffc3abc97379418b0a687fdb54e1cbce163,True,402,True,True,2,True,True,568,
2026-09-30,sh-origin.walls.sh,https://sh-origin.walls.sh/scrape,GET,0xf7fdeffc3abc97379418b0a687fdb54e1cbce163,True,402,True,True,2,True,True,545,
2026-09-30,sh-origin.walls.sh,https://sh-origin.walls.sh/search,GET,0xf7fdeffc3abc97379418b0a687fdb54e1cbce163,True,402,True,True,2,True,True,542,
2026-09-30,shelf.thirdmade.net,https://shelf.thirdmade.net/probe/ens-lookup,GET,0x315708415764b7f2b783714ce82cf9c628e33fcf,True,402,True,True,2,True,True,965,
2026-09-30,shelf.thirdmade.net,https://shelf.thirdmade.net/probe/search-verify,POST,0x315708415764b7f2b783714ce82cf9c628e33fcf,True,402,True,True,2,True,True,508,
2026-09-30,shelf.thirdmade.net,https://shelf.thirdmade.net/probe/similar-domains,GET,0x315708415764b7f2b783714ce82cf9c628e33fcf,True,402,True,True,2,True,True,102,
2026-09-30,shelf.thirdmade.net,https://shelf.thirdmade.net/probe/summarize,POST,0x315708415764b7f2b783714ce82cf9c628e33fcf,True,402,True,True,2,True,True,679,
2026-09-30,shopify-ai-rank-checker.underscoredone.com,https://shopify-ai-rank-checker.underscoredone.com/rank,POST,0xe9740820225b3918b4ddd1292c7ca4ca0e2c2f08,True,402,True,True,2,True,True,278,
2026-09-30,signal-engine-production-d88d.up.railway.app,https://signal-engine-production-d88d.up.railway.app/v1/arena/rsi_7_extremes/BTC,GET,0x9173fc7aca730ae34838f08dfe85d4a608f38c38,True,402,True,True,2,True,True,83,
2026-09-30,signal-engine-production-d88d.up.railway.app,https://signal-engine-production-d88d.up.railway.app/v1/arena/rsi_7_extremes/DOGE,GET,0x9173fc7aca730ae34838f08dfe85d4a608f38c38,True,402,True,True,2,True,True,122,
2026-09-30,signal-engine-production-d88d.up.railway.app,https://signal-engine-production-d88d.up.railway.app/v1/arena/rsi_7_extremes/ETH,GET,0x9173fc7aca730ae34838f08dfe85d4a608f38c38,True,402,True,True,2,True,True,74,
2026-09-30,signal-engine-production-d88d.up.railway.app,https://signal-engine-production-d88d.up.railway.app/v1/arena/vwap_reversion/BTC,GET,0xca87adbcffdf6539a387783fef17a91dbabeef52,True,402,True,True,2,True,True,79,
2026-09-30,signal-engine-production-d88d.up.railway.app,https://signal-engine-production-d88d.up.railway.app/v1/arena/vwap_reversion/DOGE,GET,0xca87adbcffdf6539a387783fef17a91dbabeef52,True,402,True,True,2,True,True,71,
2026-09-30,signal-engine-production-d88d.up.railway.app,https://signal-engine-production-d88d.up.railway.app/v1/arena/vwap_reversion/ETH,GET,0xca87adbcffdf6539a387783fef17a91dbabeef52,True,402,True,True,2,True,True,70,
2026-09-30,signal-engine-production-d88d.up.railway.app,https://signal-engine-production-d88d.up.railway.app/v1/arena/vwap_reversion/SOL,GET,0xca87adbcffdf6539a387783fef17a91dbabeef52,True,402,True,True,2,True,True,77,
2026-09-30,signals.edge.report,https://signals.edge.report/v1/brief,GET,0xe2520f1497ee47645072a6214304807bc3340d58,True,402,True,True,2,True,True,255,
2026-09-30,signals.edge.report,https://signals.edge.report/v1/gas,GET,0xe2520f1497ee47645072a6214304807bc3340d58,True,402,True,True,2,True,True,246,
2026-09-30,signals.edge.report,https://signals.edge.report/v1/token-risk,GET,0xe2520f1497ee47645072a6214304807bc3340d58,True,402,True,True,2,True,True,305,
2026-09-30,similarity.openverbs.com,https://similarity.openverbs.com/v1/jaro,POST,0xb3f4de103f34b99f0da19b4f16d6b53a14c2194a,True,402,True,True,2,True,True,178,
2026-09-30,sitemap-url-extractor.underscoredone.com,https://sitemap-url-extractor.underscoredone.com/extract,POST,0xe9740820225b3918b4ddd1292c7ca4ca0e2c2f08,True,402,True,True,2,True,True,274,
2026-09-30,skim402.com,https://skim402.com/api/v1/read,POST,0x63ae98f3363b346a94fcc1cbcb621f1c2b1fcddc,True,402,True,True,1,True,True,194,
2026-09-30,skim402.com,https://skim402.com/api/v2/read,GET,0x63ae98f3363b346a94fcc1cbcb621f1c2b1fcddc,True,402,True,True,2,True,True,204,
2026-09-30,skim402.com,https://skim402.com/api/v2/read/js,GET,0x63ae98f3363b346a94fcc1cbcb621f1c2b1fcddc,True,402,True,True,2,True,True,201,
2026-09-30,skim402.com,https://skim402.com/api/v2/signal/ai-news/latest,GET,0x63ae98f3363b346a94fcc1cbcb621f1c2b1fcddc,True,402,True,True,2,True,True,211,
2026-09-30,skim402.com,https://skim402.com/api/v2/signal/studio-jobs/latest,GET,0x63ae98f3363b346a94fcc1cbcb621f1c2b1fcddc,True,402,True,True,2,True,True,261,
2026-09-30,skycast.clawca.sh,https://skycast.clawca.sh/forecast,POST,0x9acfdc5a3d6bfbb127615751e0f0e44014e32abf,True,402,True,True,2,True,True,389,
2026-09-30,smartcontractexplainer.onrender.com,https://smartcontractexplainer.onrender.com/api/check-wallet,POST,0x6b0f4651ed42893ab58139938175e4a69f175f25,True,402,True,True,2,True,True,202,
2026-09-30,social.gedx402.com,https://social.gedx402.com/v1/sociavault/instagram/post-info,GET,0xb3c2776ce3f99cb3366520c27b4ac5d436942ab6,True,402,True,True,2,True,True,553,
2026-09-30,social.gedx402.com,https://social.gedx402.com/v1/sociavault/instagram/reels,POST,0xb3c2776ce3f99cb3366520c27b4ac5d436942ab6,True,402,True,True,2,True,True,820,
2026-09-30,social.gedx402.com,https://social.gedx402.com/v1/sociavault/linkedin/profile,POST,0xb3c2776ce3f99cb3366520c27b4ac5d436942ab6,True,402,True,True,2,True,True,618,
2026-09-30,social.gedx402.com,https://social.gedx402.com/v1/sociavault/twitter/profile,POST,0xb3c2776ce3f99cb3366520c27b4ac5d436942ab6,True,402,True,True,2,True,True,597,
2026-09-30,sol-meme-intel.vercel.app,https://sol-meme-intel.vercel.app/api/discover,GET,0xcd6b6d99b7751ff30b68fa1365488eb73fa7cefa,True,402,True,True,2,True,True,198,
2026-09-30,solar.nsgoods.org,https://solar.nsgoods.org/solar-legality,GET,0xc87a06dee4c0e85912296002617120bbfd5ef990,True,402,True,True,2,True,True,321,
2026-09-30,sovereign-x402-zeta.vercel.app,https://sovereign-x402-zeta.vercel.app/api/v1/code/exec,POST,0x41595e02275629126ad11551e39ee9ac8531ad3c,True,402,True,True,2,True,True,228,
2026-09-30,sovereign-x402-zeta.vercel.app,https://sovereign-x402-zeta.vercel.app/api/v1/sequence/even,POST,0x41595e02275629126ad11551e39ee9ac8531ad3c,True,402,True,True,2,True,True,159,
2026-09-30,sovereign-x402-zeta.vercel.app,https://sovereign-x402-zeta.vercel.app/api/v1/sequence/handshake,POST,0x41595e02275629126ad11551e39ee9ac8531ad3c,True,402,True,True,2,True,True,154,
2026-09-30,sovereign-x402-zeta.vercel.app,https://sovereign-x402-zeta.vercel.app/api/v1/sequence/prime_pairs,POST,0x41595e02275629126ad11551e39ee9ac8531ad3c,True,402,True,True,2,True,True,169,
2026-09-30,sovereign-x402-zeta.vercel.app,https://sovereign-x402-zeta.vercel.app/api/v1/sequence/totient,POST,0x41595e02275629126ad11551e39ee9ac8531ad3c,True,402,True,True,2,True,True,161,
2026-09-30,spa-dom-to-md.jannioura.workers.dev,https://spa-dom-to-md.jannioura.workers.dev/,POST,0x86256e25d4e5511eb6dcc474a4e779970267e903,True,402,True,True,2,True,True,164,
2026-09-30,space.bip-rep.com,https://space.bip-rep.com/satellites,GET,0x46830a57ca3806ec71b981e063dc39ca2a3c6fb0,True,402,True,True,2,True,True,587,
2026-09-30,squeezeos-api.onrender.com,https://squeezeos-api.onrender.com/api/fred/series/CPIAUCSL,GET,0xc29185fa176357612f3194735753e520e91adc46,True,402,True,True,2,True,True,129,
2026-09-30,squeezeos-api.onrender.com,https://squeezeos-api.onrender.com/api/ftd/series/GME,GET,0xc29185fa176357612f3194735753e520e91adc46,True,402,True,True,2,True,True,204,
2026-09-30,squeezeos-api.onrender.com,https://squeezeos-api.onrender.com/api/utility/credits,GET,0xc29185fa176357612f3194735753e520e91adc46,True,402,True,True,2,True,True,189,
2026-09-30,squeezeos-api.onrender.com,https://squeezeos-api.onrender.com/api/web/read-markdown,GET,0xc29185fa176357612f3194735753e520e91adc46,True,402,True,True,2,True,True,120,
2026-09-30,squeezeos-api.onrender.com,https://squeezeos-api.onrender.com/api/x/search,GET,0xc29185fa176357612f3194735753e520e91adc46,True,402,True,True,2,True,True,170,
2026-09-30,stable-deepline.dev,https://stable-deepline.dev/api/company/enrich,POST,0xade02dff58b0316f04cd59806e3fdb4690fe89ab,True,402,True,True,2,True,True,178,
2026-09-30,stable-deepline.dev,https://stable-deepline.dev/api/person/from-email,POST,0xade02dff58b0316f04cd59806e3fdb4690fe89ab,True,402,True,True,2,True,True,251,
2026-09-30,stable-domains-git-ben-upgrade-agentcash-r-bb6a65-merit-systems.vercel.app,https://stable-domains-git-ben-upgrade-agentcash-r-bb6a65-merit-systems.vercel.app/api/check,POST,0xabcb091d90419e1c8ad4818f1b33fc4645501892,True,402,True,True,2,False,True,192,
2026-09-30,stable-financial.vercel.app,https://stable-financial.vercel.app/api/macro/interest-rates/banks,GET,0xbd17480bf6ff056f7b91d9adc9dfda001eb7283d,True,402,True,True,2,True,True,194,
2026-09-30,stable-people-data-git-pdl-signoz-usage-alarms-merit-systems.vercel.app,https://stable-people-data-git-pdl-signoz-usage-alarms-merit-systems.vercel.app/api/pdl/company/enrich,POST,0x7f33b3c113915a0f2981070553ba9538c0f90171,True,402,True,True,2,True,True,185,
2026-09-30,stable-people-data-git-pdl-signoz-usage-alarms-merit-systems.vercel.app,https://stable-people-data-git-pdl-signoz-usage-alarms-merit-systems.vercel.app/api/pdl/person/search,POST,0x7f33b3c113915a0f2981070553ba9538c0f90171,True,402,True,True,2,True,True,242,
2026-09-30,stable-travel-git-migrate-stabletravel-router-140-merit-systems.vercel.app,https://stable-travel-git-migrate-stabletravel-router-140-merit-systems.vercel.app/api/flightaware/airports/KLAX/weather/observations,GET,0xdd257723b86b4947483905cdacbbbc70facf2ec0,True,402,True,True,2,True,True,206,
2026-09-30,stableapify.dev,https://stableapify.dev/api/actors/apidojo/tweet-scraper/call,POST,0x23d931f95831cee50b5f5edf4d0e88270f6c8411,True,402,True,True,2,True,True,249,
2026-09-30,stableapify.dev,https://stableapify.dev/api/actors/apify/facebook-ads-scraper/call,POST,0x23d931f95831cee50b5f5edf4d0e88270f6c8411,True,402,True,True,2,True,True,170,
2026-09-30,stableapify.dev,https://stableapify.dev/api/actors/apify/instagram-reel-scraper/call,POST,0x23d931f95831cee50b5f5edf4d0e88270f6c8411,True,402,True,True,2,True,True,174,
2026-09-30,stableapify.dev,https://stableapify.dev/api/actors/apimaestro/linkedin-company-employees-scraper-no-cookies/call,POST,0x23d931f95831cee50b5f5edf4d0e88270f6c8411,True,402,True,True,2,True,True,158,
2026-09-30,stableenrich.dev,https://stableenrich.dev/api/fullenrich/company-search,POST,0x325bdf6f7efab24a2210c48c1b64cab2eae1d430,True,402,True,True,2,True,True,181,
2026-09-30,stableenrich.dev,https://stableenrich.dev/api/fullenrich/people-search,POST,0x325bdf6f7efab24a2210c48c1b64cab2eae1d430,True,402,True,True,2,True,True,357,
2026-09-30,stableenrich.dev,https://stableenrich.dev/api/google-maps/aerial-view/lookup-video,GET,0x325bdf6f7efab24a2210c48c1b64cab2eae1d430,True,402,True,True,2,True,True,205,
2026-09-30,stableenrich.dev,https://stableenrich.dev/api/google-maps/nearby-search/partial,POST,0x325bdf6f7efab24a2210c48c1b64cab2eae1d430,True,402,True,True,2,True,True,168,
2026-09-30,stableenrich.dev,https://stableenrich.dev/api/reddit/search,POST,0x325bdf6f7efab24a2210c48c1b64cab2eae1d430,True,402,True,True,2,True,True,157,
2026-09-30,stablefinance.dev,https://stablefinance.dev/api/financials/balance-sheets/segments,GET,0xbd17480bf6ff056f7b91d9adc9dfda001eb7283d,True,402,True,True,2,True,True,173,
2026-09-30,stablefinance.dev,https://stablefinance.dev/api/financials/income-statements/segments,GET,0xbd17480bf6ff056f7b91d9adc9dfda001eb7283d,True,402,True,True,2,True,True,241,
2026-09-30,stablefinance.dev,https://stablefinance.dev/api/insider-trades,GET,0xbd17480bf6ff056f7b91d9adc9dfda001eb7283d,True,402,True,True,2,True,True,256,
2026-09-30,stablefinance.dev,https://stablefinance.dev/api/prices,GET,0xbd17480bf6ff056f7b91d9adc9dfda001eb7283d,True,402,True,True,2,True,True,158,
2026-09-30,stableflare.dev,https://stableflare.dev/api/browser/content,POST,0xb6a6ba7f58fe92e77bce040cc0818c63ab9ac768,True,402,True,True,2,True,True,166,
2026-09-30,stableflare.dev,https://stableflare.dev/api/browser/markdown,POST,0xb6a6ba7f58fe92e77bce040cc0818c63ab9ac768,True,402,True,True,2,True,True,173,
2026-09-30,stableflare.dev,https://stableflare.dev/api/browser/pdf,POST,0xb6a6ba7f58fe92e77bce040cc0818c63ab9ac768,True,402,True,True,2,True,True,252,
2026-09-30,stableflare.dev,https://stableflare.dev/api/browser/screenshot,POST,0xb6a6ba7f58fe92e77bce040cc0818c63ab9ac768,True,402,True,True,2,True,True,155,
2026-09-30,stableninja.dev,https://stableninja.dev/api/play-store-apps/top-grossing-games,GET,0xc0ccf68a8e61a4d25eecfcacd486e673e900de0a,True,402,True,True,2,True,True,243,
2026-09-30,stablepeopledata.dev,https://stablepeopledata.dev/api/pdl/company/enrich,POST,0x7f33b3c113915a0f2981070553ba9538c0f90171,True,402,True,True,2,True,True,171,
2026-09-30,stablepeopledata.dev,https://stablepeopledata.dev/api/pdl/person/search,POST,0x7f33b3c113915a0f2981070553ba9538c0f90171,True,402,True,True,2,True,True,255,
2026-09-30,stableproduct.dev,https://stableproduct.dev/api/channel3/brands/list,GET,0xd9f3261c9fea20a99d0708815010280c549e8ebf,True,402,True,True,2,True,True,177,
2026-09-30,stableproduct.dev,https://stableproduct.dev/api/channel3/price-tracking/subscriptions,GET,0xd9f3261c9fea20a99d0708815010280c549e8ebf,True,402,True,True,2,True,True,168,
2026-09-30,stableproduct.dev,https://stableproduct.dev/api/channel3/product-detail,GET,0xd9f3261c9fea20a99d0708815010280c549e8ebf,True,402,True,True,2,True,True,172,
2026-09-30,stableproduct.dev,https://stableproduct.dev/api/wirecutter/reviews,GET,0xd9f3261c9fea20a99d0708815010280c549e8ebf,True,402,True,True,2,True,True,181,
2026-09-30,stableproduct.dev,https://stableproduct.dev/api/wirecutter/search,GET,0xd9f3261c9fea20a99d0708815010280c549e8ebf,True,402,True,True,2,True,True,255,
2026-09-30,stablesocial.dev,https://stablesocial.dev/api/sc/facebook/adLibrary/ad,POST,0xcfa26f13c6c18307033ece13bbb8f470da5b4dbe,True,402,True,True,2,True,True,152,
2026-09-30,stablesocial.dev,https://stablesocial.dev/api/sc/facebook/marketplace/item,POST,0xcfa26f13c6c18307033ece13bbb8f470da5b4dbe,True,402,True,True,2,True,True,165,
2026-09-30,stablesocial.dev,https://stablesocial.dev/api/sc/github/trending/developers,POST,0xcfa26f13c6c18307033ece13bbb8f470da5b4dbe,True,402,True,True,2,True,True,188,
2026-09-30,stablesocial.dev,https://stablesocial.dev/api/sc/github/user/repositories,POST,0xcfa26f13c6c18307033ece13bbb8f470da5b4dbe,True,402,True,True,2,True,True,212,
2026-09-30,stablesocial.dev,https://stablesocial.dev/api/sc/instagram/user/highlights,POST,0xcfa26f13c6c18307033ece13bbb8f470da5b4dbe,True,402,True,True,2,True,True,240,
2026-09-30,stablestudio.dev,https://stablestudio.dev/api/upload,POST,0x07f067959297767c887dbfa3c72379c66e82a045,True,402,True,True,2,True,True,481,
2026-09-30,stablestudio.io,https://stablestudio.io/api/upload,POST,0x07f067959297767c887dbfa3c72379c66e82a045,True,402,True,True,2,True,True,1140,
2026-09-30,stabletravel.dev,https://stabletravel.dev/api/flightaware/airports/KLAX/weather/observations,GET,0xdd257723b86b4947483905cdacbbbc70facf2ec0,True,402,True,True,2,True,True,159,
2026-09-30,stabletravel.dev,https://stabletravel.dev/api/flightaware/airports/KMIA/flights/departures,GET,0xdd257723b86b4947483905cdacbbbc70facf2ec0,True,402,True,True,2,True,True,174,
2026-09-30,stabletravel.dev,https://stabletravel.dev/api/flightaware/airports/SSA/flights/departures,GET,0xdd257723b86b4947483905cdacbbbc70facf2ec0,True,402,True,True,2,True,True,186,
2026-09-30,stabletravel.dev,https://stabletravel.dev/api/seats-aero/search,GET,0xdd257723b86b4947483905cdacbbbc70facf2ec0,True,402,True,True,2,True,True,243,
2026-09-30,stableupload.dev,https://stableupload.dev/api/site,POST,0x06dff3c8380b5d1799874ada903fc3422882fd6f,True,402,True,True,2,False,True,302,
2026-09-30,stableupload.dev,https://stableupload.dev/api/upload,POST,0x06dff3c8380b5d1799874ada903fc3422882fd6f,True,402,True,True,2,False,True,318,
2026-09-30,stationfx.com,https://stationfx.com/economic-data/credit-spreads/ice-bofa-us-high-yield-index-option-adjusted-spread,GET,0x22f7e9518dff04a5db1fddaabc0e001b8c425b3a,True,402,True,True,2,True,True,227,
2026-09-30,stationfx.com,https://stationfx.com/economic-data/inflation/consumer-price-index-for-all-urban-consumers-all-items-less-food-and-energy-in-u-s-city-average,GET,0x22f7e9518dff04a5db1fddaabc0e001b8c425b3a,True,402,True,True,2,True,True,215,
2026-09-30,stationfx.com,https://stationfx.com/economic-data/labor/continued-claims-insured-unemployment,GET,0x22f7e9518dff04a5db1fddaabc0e001b8c425b3a,True,402,True,True,2,True,True,234,
2026-09-30,stationfx.com,https://stationfx.com/economic-data/monetary-policy/federal-funds-target-range-upper-limit,GET,0x22f7e9518dff04a5db1fddaabc0e001b8c425b3a,True,402,True,True,2,True,True,211,
2026-09-30,stationfx.com,https://stationfx.com/slot/buy/10,POST,0x22f7e9518dff04a5db1fddaabc0e001b8c425b3a,True,402,True,True,2,True,True,253,
2026-09-30,store-production-8add.up.railway.app,https://store-production-8add.up.railway.app/v1/probers,GET,0xa0f3c29f25778ddf46fce2cab5f7e7c25e6a1451,True,402,True,True,2,True,True,97,
2026-09-30,store.agentexchange.work,https://store.agentexchange.work/chain/block-number,GET,0xc91ce6291edc0713ec753bafba002506ffb2b95c,True,402,True,True,2,True,True,146,
2026-09-30,store.agentexchange.work,https://store.agentexchange.work/chain/ens,GET,0xc91ce6291edc0713ec753bafba002506ffb2b95c,True,402,True,True,2,True,True,656,
2026-09-30,store.agentexchange.work,https://store.agentexchange.work/crypto/prices,GET,0xc91ce6291edc0713ec753bafba002506ffb2b95c,True,402,True,True,2,False,True,542,
2026-09-30,store.agentexchange.work,https://store.agentexchange.work/directory/list,POST,0xc91ce6291edc0713ec753bafba002506ffb2b95c,True,402,True,True,2,True,True,908,
2026-09-30,straits.live,https://straits.live/api/premium/brief,GET,0x1b24deac0951efcd6923f684b574fe9a4202cf1f,True,402,True,True,2,True,True,227,
2026-09-30,straits.live,https://straits.live/api/premium/bunker,GET,0x1b24deac0951efcd6923f684b574fe9a4202cf1f,True,402,True,True,2,True,True,313,
2026-09-30,straits.live,https://straits.live/api/premium/hormuz/flags,GET,0x1b24deac0951efcd6923f684b574fe9a4202cf1f,True,402,True,True,2,True,True,264,
2026-09-30,straits.live,https://straits.live/api/premium/hormuz/risk-screen,GET,0x1b24deac0951efcd6923f684b574fe9a4202cf1f,True,402,True,True,2,True,True,261,
2026-09-30,straits.live,https://straits.live/api/premium/risk-premium,GET,0x1b24deac0951efcd6923f684b574fe9a4202cf1f,True,402,True,True,2,True,True,293,
2026-09-30,suedland.halowerk.com,https://suedland.halowerk.com/v1/es-tree-cover-share,POST,0x2880edfff13100677bf97a3cbdf3bc34771c4e5e,True,402,True,True,2,False,True,684,
2026-09-30,surf.cascade.fyi,https://surf.cascade.fyi/api/v1/twitter/trends,POST,0xc751344ee09b5159160173f77d4a1169bcd386a1,True,402,True,True,2,True,True,962,
2026-09-30,svg-bar-chart-renderer.jannioura.workers.dev,https://svg-bar-chart-renderer.jannioura.workers.dev/,POST,0x86256e25d4e5511eb6dcc474a4e779970267e903,True,402,True,True,2,True,True,170,
2026-09-30,taskfleet.net,https://taskfleet.net/code-review,POST,0x04cce6f938fb8e48afc10dab0ff2f09cce392a7b,True,402,True,True,2,True,True,331,
2026-09-30,taskfleet.net,https://taskfleet.net/scrape,POST,0x04cce6f938fb8e48afc10dab0ff2f09cce392a7b,True,402,True,True,2,True,True,432,
2026-09-30,telesint-api.onrender.com,https://telesint-api.onrender.com/darkweb,GET,0x7f74ce6d34ee0180f0217a16ce05f3b91272570f,True,402,True,True,2,True,True,197,
2026-09-30,telesint-api.onrender.com,https://telesint-api.onrender.com/ioc,GET,0x7f74ce6d34ee0180f0217a16ce05f3b91272570f,True,402,True,True,2,True,True,173,
2026-09-30,tempo.halowerk.com,https://tempo.halowerk.com/v1/pruef/tempo/gewicht/bild,POST,0x2880edfff13100677bf97a3cbdf3bc34771c4e5e,True,402,True,True,2,True,True,594,
2026-09-30,tensorfeed.ai,https://tensorfeed.ai/api/premium/agents/directory,GET,0x549c82e6bfc54bdae9a2073744cbc2af5d1fc6d1,True,402,True,True,2,True,True,559,
2026-09-30,tensorfeed.ai,https://tensorfeed.ai/api/premium/ai-cves/ai-stack-cves,GET,0x549c82e6bfc54bdae9a2073744cbc2af5d1fc6d1,True,402,True,True,2,True,True,488,
2026-09-30,tensorfeed.ai,https://tensorfeed.ai/api/premium/ai-safety/incidents/exposure,GET,0x549c82e6bfc54bdae9a2073744cbc2af5d1fc6d1,True,402,True,True,2,True,True,226,
2026-09-30,tensorfeed.ai,https://tensorfeed.ai/api/premium/research/citation-velocity,GET,0x549c82e6bfc54bdae9a2073744cbc2af5d1fc6d1,True,402,True,True,2,True,True,430,
2026-09-30,tensorfeed.ai,https://tensorfeed.ai/api/premium/whats-new,GET,0x549c82e6bfc54bdae9a2073744cbc2af5d1fc6d1,True,402,True,True,2,True,True,549,
2026-09-30,text.openverbs.com,https://text.openverbs.com/v1/encode,POST,0xb3f4de103f34b99f0da19b4f16d6b53a14c2194a,True,402,True,True,2,True,True,184,
2026-09-30,the-stall.intuitek.ai,https://the-stall.intuitek.ai/cap/balance-sheet,GET,0x03d773c52b67993e60ecb3134b17436fe03b584c,True,402,True,True,2,True,True,272,
2026-09-30,the-stall.intuitek.ai,https://the-stall.intuitek.ai/cap/earnings-calendar,GET,0x03d773c52b67993e60ecb3134b17436fe03b584c,True,402,True,True,2,True,True,164,
2026-09-30,the-stall.intuitek.ai,https://the-stall.intuitek.ai/cap/github-repo-intel,GET,0x03d773c52b67993e60ecb3134b17436fe03b584c,True,402,True,True,2,True,True,249,
2026-09-30,the-stall.intuitek.ai,https://the-stall.intuitek.ai/cap/market-gex,GET,0x03d773c52b67993e60ecb3134b17436fe03b584c,True,402,True,True,2,True,True,357,
2026-09-30,the-stall.intuitek.ai,https://the-stall.intuitek.ai/cap/vision-analyze,GET,0x03d773c52b67993e60ecb3134b17436fe03b584c,True,402,True,True,2,True,True,360,
2026-09-30,thevaultreport.com,https://thevaultreport.com/api/x402/anomalies,GET,0x74500ee8519da3b6bf43642bc06be5874a9ecc99,True,402,True,True,2,True,True,88,
2026-09-30,thevaultreport.com,https://thevaultreport.com/api/x402/comex/deliveries,GET,0x74500ee8519da3b6bf43642bc06be5874a9ecc99,True,402,True,True,2,True,True,130,
2026-09-30,thevaultreport.com,https://thevaultreport.com/api/x402/comex/warehouse,GET,0x74500ee8519da3b6bf43642bc06be5874a9ecc99,True,402,True,True,2,True,True,173,
2026-09-30,thevaultreport.com,https://thevaultreport.com/api/x402/cot/positioning,GET,0x74500ee8519da3b6bf43642bc06be5874a9ecc99,True,402,True,True,2,True,True,111,
2026-09-30,thevaultreport.com,https://thevaultreport.com/api/x402/premiums,GET,0x74500ee8519da3b6bf43642bc06be5874a9ecc99,True,402,True,True,2,True,True,80,
2026-09-30,tick.hugen.tokyo,https://tick.hugen.tokyo/tick/all,GET,0x29322ea7ecb34aa6164cb2ddeb9ce650902e4f60,True,402,True,True,2,True,True,577,
2026-09-30,toll402.dev,https://toll402.dev/v1/biz/search,POST,0x318d34fa0bd69eff17fac648d2df8cf7a88b3dbe,True,402,True,True,2,True,True,280,
2026-09-30,toll402.dev,https://toll402.dev/v1/read,POST,0x318d34fa0bd69eff17fac648d2df8cf7a88b3dbe,True,402,True,True,2,True,True,331,
2026-09-30,toll402.dev,https://toll402.dev/v1/t/cpf_cnpj_validate,POST,0x318d34fa0bd69eff17fac648d2df8cf7a88b3dbe,True,402,True,True,2,True,True,160,
2026-09-30,toll402.dev,https://toll402.dev/v1/t/cpr_dk_validate,POST,0x318d34fa0bd69eff17fac648d2df8cf7a88b3dbe,True,402,True,True,2,True,True,175,
2026-09-30,toll402.dev,https://toll402.dev/v1/t/siren_validate,POST,0x318d34fa0bd69eff17fac648d2df8cf7a88b3dbe,True,402,True,True,2,True,True,247,
2026-09-30,tollkit-extract.fly.dev,https://tollkit-extract.fly.dev/extract,POST,0xbbfce2d320de6ab328ba93a771c531ebfc9ce704,True,402,True,True,2,False,True,180,
2026-09-30,toolcall.click,https://toolcall.click/t/hs/classify,GET,0x84fa7ea8303d4f503267e2e998a3f7d980e814a5,True,402,True,True,2,True,True,537,
2026-09-30,toolcall.click,https://toolcall.click/t/package/check,GET,0x84fa7ea8303d4f503267e2e998a3f7d980e814a5,True,402,True,True,2,True,True,908,
2026-09-30,toolcall.click,https://toolcall.click/t/product/barcode,GET,0x84fa7ea8303d4f503267e2e998a3f7d980e814a5,True,402,True,True,2,True,True,1761,
2026-09-30,toolcall.click,https://toolcall.click/t/web/reader,GET,0x84fa7ea8303d4f503267e2e998a3f7d980e814a5,True,402,True,True,2,True,True,1267,
2026-09-30,tools.bip-rep.com,https://tools.bip-rep.com/dns,GET,0x46830a57ca3806ec71b981e063dc39ca2a3c6fb0,True,402,True,True,2,True,True,632,
2026-09-30,tools.bip-rep.com,https://tools.bip-rep.com/quake,GET,0x46830a57ca3806ec71b981e063dc39ca2a3c6fb0,True,402,True,True,2,True,True,532,
2026-09-30,tools.ipintel.ai,https://tools.ipintel.ai/http-latency,POST,0x0550779cfbc832657a8bb46bac9f359a5ad038b8,True,402,True,True,2,True,True,868,
2026-09-30,tools.ipintel.ai,https://tools.ipintel.ai/json-schema-validator,POST,0x0550779cfbc832657a8bb46bac9f359a5ad038b8,True,402,True,True,2,True,True,547,
2026-09-30,tools.ipintel.ai,https://tools.ipintel.ai/satellite,POST,0x0550779cfbc832657a8bb46bac9f359a5ad038b8,True,402,True,True,2,True,True,877,
2026-09-30,tools.miniframe.com.br,https://tools.miniframe.com.br/cnpj,POST,0x879933456986877f5d87e6ee24d1e0ebd264f527,True,402,True,True,2,True,True,468,
2026-09-30,tools.miniframe.com.br,https://tools.miniframe.com.br/empresa,POST,0x879933456986877f5d87e6ee24d1e0ebd264f527,True,402,True,True,2,True,True,223,
2026-09-30,tools.miniframe.com.br,https://tools.miniframe.com.br/pix/brcode,POST,0x879933456986877f5d87e6ee24d1e0ebd264f527,True,402,True,True,2,True,True,66,
2026-09-30,tools.miniframe.com.br,https://tools.miniframe.com.br/screenshot,POST,0x879933456986877f5d87e6ee24d1e0ebd264f527,True,402,True,True,2,True,True,82,
2026-09-30,tools.miniframe.com.br,https://tools.miniframe.com.br/url-to-pdf,POST,0x879933456986877f5d87e6ee24d1e0ebd264f527,True,402,True,True,2,True,True,77,
2026-09-30,toolshed.lemon-agent.dev,https://toolshed.lemon-agent.dev/convert/html-json,POST,0x0adc7adac7bbaffffbd73505711e42378c4f9f9e,True,402,True,True,2,True,True,92,
2026-09-30,toolshed.lemon-agent.dev,https://toolshed.lemon-agent.dev/convert/json-csv,POST,0x0adc7adac7bbaffffbd73505711e42378c4f9f9e,True,402,True,True,2,True,True,94,
2026-09-30,toolshed.lemon-agent.dev,https://toolshed.lemon-agent.dev/convert/markdown-json,POST,0x0adc7adac7bbaffffbd73505711e42378c4f9f9e,True,402,True,True,2,True,True,397,
2026-09-30,toolshed.lemon-agent.dev,https://toolshed.lemon-agent.dev/convert/xml-json,POST,0x0adc7adac7bbaffffbd73505711e42378c4f9f9e,True,402,True,True,2,True,True,533,
2026-09-30,toolshed.lemon-agent.dev,https://toolshed.lemon-agent.dev/convert/yaml-csv,POST,0x0adc7adac7bbaffffbd73505711e42378c4f9f9e,True,402,True,True,2,True,True,416,
2026-09-30,toolsmith-api.dassad10.workers.dev,https://toolsmith-api.dassad10.workers.dev/t/crypto/gas,GET,0x84fa7ea8303d4f503267e2e998a3f7d980e814a5,True,402,True,True,2,True,True,809,
2026-09-30,touchstone.locomot.io,https://touchstone.locomot.io/proofread,GET,0xa3091005a76b1480f1897a9d0c2e1c55b7767674,True,402,True,True,2,True,True,227,
2026-09-30,touchstone.locomot.io,https://touchstone.locomot.io/prosody,GET,0xa3091005a76b1480f1897a9d0c2e1c55b7767674,True,402,True,True,2,True,True,410,
2026-09-30,touchstone.locomot.io,https://touchstone.locomot.io/random/proof,GET,0xa3091005a76b1480f1897a9d0c2e1c55b7767674,True,402,True,True,2,True,True,163,
2026-09-30,touchstone.locomot.io,https://touchstone.locomot.io/readability,GET,0xa3091005a76b1480f1897a9d0c2e1c55b7767674,True,402,True,True,2,True,True,369,
2026-09-30,touchstone.locomot.io,https://touchstone.locomot.io/sky,GET,0xa3091005a76b1480f1897a9d0c2e1c55b7767674,True,402,True,True,2,True,True,139,
2026-09-30,trabotpro.it,https://trabotpro.it/api/a2a/x402/morning-brief/promo,GET,0x175562431dfcb38ab3a1762b7fc1fbc08a93bbbb,True,402,True,True,2,True,True,532,
2026-09-30,trabotpro.it,https://trabotpro.it/api/a2a/x402/pearl/detail,GET,0x175562431dfcb38ab3a1762b7fc1fbc08a93bbbb,True,402,True,True,2,True,True,531,
2026-09-30,trabotpro.it,https://trabotpro.it/api/a2a/x402/sentiment,GET,0x175562431dfcb38ab3a1762b7fc1fbc08a93bbbb,True,402,True,True,2,True,True,601,
2026-09-30,trace.sociologic.ai,https://trace.sociologic.ai/trace,POST,0x0b6e3594df4faa6d66196d5a3271796ad8bb505d,True,402,True,True,2,True,True,671,
2026-09-30,trade.chainverdict.xyz,https://trade.chainverdict.xyz/v1/gtin/checkdigit,GET,0xae2634e709c454f2720c65a0b2f9ba168e431842,True,402,True,True,2,True,True,262,
2026-09-30,trade.chainverdict.xyz,https://trade.chainverdict.xyz/v1/hs/classify,GET,0xae2634e709c454f2720c65a0b2f9ba168e431842,True,402,True,True,2,True,True,303,
2026-09-30,transit.agentic-jp.com,https://transit.agentic-jp.com/alerts/feed,GET,0x38c9f689274e2fc3ae360744ef88ce212077a584,True,402,True,True,2,True,True,482,
2026-09-30,travel.forgemesh.io,https://travel.forgemesh.io/api/fare-intelligence,GET,0x6b1ac7935dad576b921af0e6edc27319bc27aadd,True,402,True,True,2,True,True,330,
2026-09-30,travel.forgemesh.io,https://travel.forgemesh.io/api/fare-pulse,GET,0x6b1ac7935dad576b921af0e6edc27319bc27aadd,True,402,True,True,2,True,True,381,
2026-09-30,travelpulse.theaslangroupllc.com,https://travelpulse.theaslangroupllc.com/api/travel/deals,GET,0x50ab2018c06c6e4eaa9ba52057eb55ed284912fc,True,402,True,True,2,True,True,326,
2026-09-30,trust402.vercel.app,https://trust402.vercel.app/api/trust/check-x402,POST,0x3f4cee4c6bad04fcca3138dffdee579ddf17049b,True,402,True,True,2,True,True,180,
2026-09-30,trust402.vercel.app,https://trust402.vercel.app/api/trust/score-resource,POST,0x3f4cee4c6bad04fcca3138dffdee579ddf17049b,True,402,True,True,2,True,True,167,
2026-09-30,twin.unykorn.org,https://twin.unykorn.org/erc721-token-uri,POST,0x7d9a65d06dcc435a52d5880c6310bd6e96c156db,True,402,True,True,2,True,True,428,
2026-09-30,twin.unykorn.org,https://twin.unykorn.org/eth-checksum-address,POST,0x7d9a65d06dcc435a52d5880c6310bd6e96c156db,True,402,True,True,2,True,True,1220,
2026-09-30,twin.unykorn.org,https://twin.unykorn.org/evm-storage,POST,0x7d9a65d06dcc435a52d5880c6310bd6e96c156db,True,402,True,True,2,True,True,334,
2026-09-30,twin.unykorn.org,https://twin.unykorn.org/price/dogwifcoin,POST,0x7d9a65d06dcc435a52d5880c6310bd6e96c156db,True,402,True,True,2,True,True,305,
2026-09-30,twin.unykorn.org,https://twin.unykorn.org/price/usd-coin,POST,0x7d9a65d06dcc435a52d5880c6310bd6e96c156db,True,402,True,True,2,True,True,326,
2026-09-30,twitr.sh,https://twitr.sh/api/tools/compose,POST,0xb5194a98dbdbb7028b585db26b972e7f0f3f826a,True,402,True,True,2,False,True,195,
2026-09-30,twitr.sh,https://twitr.sh/api/tools/radar,POST,0xb5194a98dbdbb7028b585db26b972e7f0f3f826a,True,402,True,True,2,False,True,174,
2026-09-30,twitr.sh,https://twitr.sh/api/tools/x_timeline,POST,0xb5194a98dbdbb7028b585db26b972e7f0f3f826a,True,402,True,True,2,,True,215,
2026-09-30,twitter.use.x402atlas.com,https://twitter.use.x402atlas.com/autocomplete,GET,0x51d577c8cbb8b3fb1ba0ce31c7923cc27a07f78b,True,402,True,True,2,False,True,246,
2026-09-30,twitter.use.x402atlas.com,https://twitter.use.x402atlas.com/community-details,GET,0x51d577c8cbb8b3fb1ba0ce31c7923cc27a07f78b,True,402,True,True,2,True,True,292,
2026-09-30,twitter.use.x402atlas.com,https://twitter.use.x402atlas.com/list-details,GET,0x51d577c8cbb8b3fb1ba0ce31c7923cc27a07f78b,True,402,True,True,2,False,True,250,
2026-09-30,twitter.use.x402atlas.com,https://twitter.use.x402atlas.com/search,GET,0x51d577c8cbb8b3fb1ba0ce31c7923cc27a07f78b,True,402,True,True,2,True,True,250,
2026-09-30,twitter.use.x402atlas.com,https://twitter.use.x402atlas.com/trends,GET,0x51d577c8cbb8b3fb1ba0ce31c7923cc27a07f78b,True,402,True,True,2,False,True,258,
2026-09-30,txguard.schemasure.com,https://txguard.schemasure.com/v1/tx/preflight,POST,0x9876af0f6d8ed5155cd02d1ca56d128601612690,True,402,True,True,2,True,True,181,
2026-09-30,url2md.io,https://url2md.io/v1/md,POST,0xa09ae66ec8664475697ffc0eb45aa3fe52aa6030,True,402,True,True,2,True,True,784,
2026-09-30,usaref.dev,https://usaref.dev/v1/:country/:series,GET,0x1f0409ccd20a2fb497d4decef4e17e9d0688fea6,True,402,True,True,2,True,True,1387,
2026-09-30,vaaya.ai,https://vaaya.ai/api/run/fal/upload,POST,0x7c655d3d3944bd27994dd81a036c3afb19806c40,True,402,True,True,2,True,True,220,
2026-09-30,vaaya.ai,https://vaaya.ai/api/run/fundable/investor-search,POST,0x7c655d3d3944bd27994dd81a036c3afb19806c40,True,402,True,True,2,True,True,216,
2026-09-30,vaaya.ai,https://vaaya.ai/api/run/modal/sandbox-create,POST,0x7c655d3d3944bd27994dd81a036c3afb19806c40,True,402,True,True,2,False,True,2167,
2026-09-30,vaaya.ai,https://vaaya.ai/api/run/openwebninja/social-links,POST,0x7c655d3d3944bd27994dd81a036c3afb19806c40,True,402,True,True,2,True,True,262,
2026-09-30,vaaya.ai,https://vaaya.ai/api/run/tikhub/fetch,POST,0x7c655d3d3944bd27994dd81a036c3afb19806c40,True,402,True,True,2,True,True,201,
2026-09-30,vape-x402.vapex402.workers.dev,https://vape-x402.vapex402.workers.dev/data/protocol,GET,0x8aab9a6d28e9aba2a15a613c90f24f352f0cce15,True,402,True,True,2,True,True,411,
2026-09-30,vape-x402.vapex402.workers.dev,https://vape-x402.vapex402.workers.dev/data/treasury,GET,0x8aab9a6d28e9aba2a15a613c90f24f352f0cce15,True,402,True,True,2,True,True,1636,
2026-09-30,vape-x402.vapex402.workers.dev,https://vape-x402.vapex402.workers.dev/scan/exploit_check,GET,0x8aab9a6d28e9aba2a15a613c90f24f352f0cce15,True,402,True,True,2,True,True,918,
2026-09-30,vape-x402.vapex402.workers.dev,https://vape-x402.vapex402.workers.dev/scan/liquidity_check,GET,0x8aab9a6d28e9aba2a15a613c90f24f352f0cce15,True,402,True,True,2,True,True,1313,
2026-09-30,vape-x402.vapex402.workers.dev,https://vape-x402.vapex402.workers.dev/scan/token_safety_check,GET,0x8aab9a6d28e9aba2a15a613c90f24f352f0cce15,True,402,True,True,2,True,True,330,
2026-09-30,vedetta.dethboy.com,https://vedetta.dethboy.com/v1/feed,GET,0x21e16f1bc3aa847236354c8193d0cb21cf412efa,True,402,True,True,2,True,True,727,
2026-09-30,vedetta.dethboy.com,https://vedetta.dethboy.com/v1/track-record,GET,0x21e16f1bc3aa847236354c8193d0cb21cf412efa,True,402,True,True,2,True,True,658,
2026-09-30,vending-machine-seven.vercel.app,https://vending-machine-seven.vercel.app/api/v/crypto-prices,GET,0xc648116b5debe4af7d78838aa468d07e0a9ab697,True,402,True,True,2,True,True,164,
2026-09-30,vending-machine-seven.vercel.app,https://vending-machine-seven.vercel.app/api/v/ip-lookup,GET,0xc648116b5debe4af7d78838aa468d07e0a9ab697,True,402,True,True,2,True,True,207,
2026-09-30,vendsdk.com,https://vendsdk.com/api/v/crypto-prices,GET,0xc648116b5debe4af7d78838aa468d07e0a9ab697,True,402,True,True,2,True,True,186,
2026-09-30,vendsdk.com,https://vendsdk.com/api/v/qr-code,GET,0xc648116b5debe4af7d78838aa468d07e0a9ab697,True,402,True,True,2,True,True,240,
2026-09-30,vendsdk.com,https://vendsdk.com/api/v/whois-lite,GET,0xc648116b5debe4af7d78838aa468d07e0a9ab697,True,402,True,True,2,True,True,239,
2026-09-30,veridictum.legal,https://veridictum.legal/api/v1/agent/verify,POST,0xb1df90631e2e27c2ea755f91c050732850739e1c,True,402,True,True,2,True,True,320,
2026-09-30,veridictum.legal,https://veridictum.legal/api/v1/agent/verify/bulk,POST,0xb1df90631e2e27c2ea755f91c050732850739e1c,True,402,True,True,2,True,True,270,
2026-09-30,verify.camelai.io,https://verify.camelai.io/,POST,0x34d3ed2c5fc6d6a0f25d1aad77193a8aa88a52b5,True,402,True,True,2,True,True,313,
2026-09-30,verify.clearsigned.com,https://verify.clearsigned.com/verify/t1,POST,0x7904e8de283960f4176c44690f34af7da47dc75c,True,402,True,True,2,True,True,317,
2026-09-30,verify.code402.dev,https://verify.code402.dev/v1/verify/bundle,POST,0x417da74cdc0d3babf6adc851b6e5c638574c0d58,True,402,True,True,2,True,False,200,
2026-09-30,vibesprings.net,https://vibesprings.net/api/demo/delay-risk,GET,0x38c063312719220c676e988f0dee14b4ec0e44c8,True,402,True,True,2,True,True,333,
2026-09-30,vibesprings.net,https://vibesprings.net/api/exchange,GET,0x38c063312719220c676e988f0dee14b4ec0e44c8,True,402,True,True,2,True,True,186,
2026-09-30,vibesprings.net,https://vibesprings.net/api/exchange/convert,GET,0x38c063312719220c676e988f0dee14b4ec0e44c8,True,402,True,True,2,True,True,182,
2026-09-30,vibesprings.net,https://vibesprings.net/api/price/base-gas,GET,0x38c063312719220c676e988f0dee14b4ec0e44c8,True,402,True,True,2,True,True,198,
2026-09-30,vibesprings.net,https://vibesprings.net/api/watch/check-batch,GET,0x38c063312719220c676e988f0dee14b4ec0e44c8,True,402,True,True,2,True,True,187,
2026-09-30,video.cyberwarex.com,https://video.cyberwarex.com/transcript,GET,0x058d0cc5cc97e61e8a9f38d6d6365bce525921b2,True,402,True,True,2,True,True,714,
2026-09-30,voice.forgemesh.io,https://voice.forgemesh.io/v1/audio/speech-long,POST,0x962794fb8ad92941faf1ab446b9e30637b86f331,True,402,True,True,2,True,True,331,
2026-09-30,voice.forgemesh.io,https://voice.forgemesh.io/v1/tts/base,POST,0x962794fb8ad92941faf1ab446b9e30637b86f331,True,402,True,True,2,True,True,356,
2026-09-30,voice.forgemesh.io,https://voice.forgemesh.io/v1/tts/base-long,POST,0x962794fb8ad92941faf1ab446b9e30637b86f331,True,402,True,True,2,True,True,310,
2026-09-30,voice.forgemesh.io,https://voice.forgemesh.io/v1/tts/custom-long,POST,0x962794fb8ad92941faf1ab446b9e30637b86f331,True,402,True,True,2,True,True,159,
2026-09-30,voice.forgemesh.io,https://voice.forgemesh.io/v1/tts/pro,POST,0x962794fb8ad92941faf1ab446b9e30637b86f331,True,402,True,True,2,True,True,155,
2026-09-30,voidfeed.ai,https://voidfeed.ai/v1/content/extract/dataset/latest,GET,0x71033ab6ed376a0b53d1826ea632ddfec96b3661,True,402,True,True,2,True,True,614,
2026-09-30,voidfeed.ai,https://voidfeed.ai/v1/content/fact-feed/latest,GET,0x71033ab6ed376a0b53d1826ea632ddfec96b3661,True,402,True,True,2,True,True,884,
2026-09-30,voidfeed.ai,https://voidfeed.ai/v1/market/price,GET,0x71033ab6ed376a0b53d1826ea632ddfec96b3661,True,402,True,True,2,True,True,569,
2026-09-30,voidfeed.ai,https://voidfeed.ai/v1/tools/extract/graph,GET,0x71033ab6ed376a0b53d1826ea632ddfec96b3661,True,402,True,True,2,True,True,598,
2026-09-30,wailand.tailf99551.ts.net,https://wailand.tailf99551.ts.net/v1/disaster-changes,GET,0x32e293a7fa946331b3ecd013cf0461bf32c99a9d,True,402,True,True,2,True,True,621,
2026-09-30,wailand.tailf99551.ts.net,https://wailand.tailf99551.ts.net/v1/disaster-events,GET,0x32e293a7fa946331b3ecd013cf0461bf32c99a9d,True,402,True,True,2,True,True,832,
2026-09-30,wailand.tailf99551.ts.net,https://wailand.tailf99551.ts.net/v1/opportunities,GET,0x32e293a7fa946331b3ecd013cf0461bf32c99a9d,True,402,True,True,2,True,True,611,
2026-09-30,wailand.tailf99551.ts.net,https://wailand.tailf99551.ts.net/v1/opportunity-changes,GET,0x32e293a7fa946331b3ecd013cf0461bf32c99a9d,True,402,True,True,2,True,True,674,
2026-09-30,wallet-intelligence-three.vercel.app,https://wallet-intelligence-three.vercel.app/api/wallet/audit,GET,0x9720950d3e4d9e8c9e23e84e04e683b00204874c,True,402,True,True,2,True,True,189,
2026-09-30,wallet-services-poc-clean-mainnet.3hz-services.workers.dev,https://wallet-services-poc-clean-mainnet.3hz-services.workers.dev/fx-rate,GET,0xeb0f642c1b71ec3b3594303de1d09ea2532b0f5e,True,402,True,True,2,True,True,241,
2026-09-30,wallet-services-poc-clean-mainnet.3hz-services.workers.dev,https://wallet-services-poc-clean-mainnet.3hz-services.workers.dev/verified-random,GET,0xeb0f642c1b71ec3b3594303de1d09ea2532b0f5e,True,402,True,True,2,True,True,81,
2026-09-30,wallet-services-poc-clean-mainnet.3hz-services.workers.dev,https://wallet-services-poc-clean-mainnet.3hz-services.workers.dev/weather,GET,0xeb0f642c1b71ec3b3594303de1d09ea2532b0f5e,True,402,True,True,2,True,True,314,
2026-09-30,wasm-geotiff-transcoder.jannioura.workers.dev,https://wasm-geotiff-transcoder.jannioura.workers.dev/,POST,0x86256e25d4e5511eb6dcc474a4e779970267e903,True,402,True,True,2,True,True,185,
2026-09-30,weather-bazaar-test-production.up.railway.app,https://weather-bazaar-test-production.up.railway.app/v1/weather,GET,0x9acfdc5a3d6bfbb127615751e0f0e44014e32abf,True,402,True,True,2,True,True,267,
2026-09-30,weather.agentic-jp.com,https://weather.agentic-jp.com/areas,GET,0x38c9f689274e2fc3ae360744ef88ce212077a584,True,402,True,True,2,True,True,527,
2026-09-30,web-extract.bowling-anthony.workers.dev,https://web-extract.bowling-anthony.workers.dev/extract,GET,0x1831f336585a6c67b6a954d28f3e07f44c4eebbd,True,402,True,True,2,True,True,166,
2026-09-30,websearch.use.x402atlas.com,https://websearch.use.x402atlas.com/extract,GET,0xf752eeb75d3bea24aa867ad93bfd8ef5a2f431b9,True,402,True,True,2,True,True,274,
2026-09-30,websearch.use.x402atlas.com,https://websearch.use.x402atlas.com/search,GET,0xf752eeb75d3bea24aa867ad93bfd8ef5a2f431b9,True,402,True,True,2,True,True,251,
2026-09-30,websearch.use.x402atlas.com,https://websearch.use.x402atlas.com/search/advanced,GET,0xf752eeb75d3bea24aa867ad93bfd8ef5a2f431b9,True,402,True,True,2,True,True,252,
2026-09-30,weight402endpoint.vercel.app,https://weight402endpoint.vercel.app/api/convert-weight,GET,0xa3068cfae6217ae906958250072bdf51b7f910c3,True,402,True,True,2,True,True,192,
2026-09-30,whaletape.xyz,https://whaletape.xyz/flows/classes,GET,0x25a8b697da5c0baf698fd6bd9701b5e825214145,True,402,True,True,2,False,True,644,
2026-09-30,whaletape.xyz,https://whaletape.xyz/index/ranking,GET,0x25a8b697da5c0baf698fd6bd9701b5e825214145,True,402,True,True,2,False,True,267,
2026-09-30,whaletape.xyz,https://whaletape.xyz/index/summary,GET,0x25a8b697da5c0baf698fd6bd9701b5e825214145,True,402,True,True,2,False,True,566,
2026-09-30,whaletape.xyz,https://whaletape.xyz/recommendations,GET,0x25a8b697da5c0baf698fd6bd9701b5e825214145,True,402,True,True,2,False,True,552,
2026-09-30,whaletape.xyz,https://whaletape.xyz/squeeze,GET,0x25a8b697da5c0baf698fd6bd9701b5e825214145,True,402,True,True,2,False,True,640,
2026-09-30,whodeployed.wtf,https://whodeployed.wtf/v1/congress_tape,GET,0x3a4f2ea5e1a32a1af8716edf089b74a28a68ebda,True,402,True,True,2,True,True,669,
2026-09-30,wiki.use.x402atlas.com,https://wiki.use.x402atlas.com/summary,GET,0x6a706d6fcf192c15fb592d7502258ed41425dd36,True,402,True,True,2,True,True,303,
2026-09-30,win.oneshotagent.com,https://win.oneshotagent.com/v1/tools/email/send,POST,0x9fb365e4e9385e2a39febad70368267e6f571d9a,True,402,True,True,2,True,True,212,
2026-09-30,win.oneshotagent.com,https://win.oneshotagent.com/v1/tools/linkedin/profile-view,POST,0x9fb365e4e9385e2a39febad70368267e6f571d9a,True,402,True,True,2,True,True,195,
2026-09-30,win.oneshotagent.com,https://win.oneshotagent.com/v1/tools/linkedin/reply,POST,0x9fb365e4e9385e2a39febad70368267e6f571d9a,True,402,True,True,2,True,True,266,
2026-09-30,win.oneshotagent.com,https://win.oneshotagent.com/v1/tools/local/resolve,POST,0x9fb365e4e9385e2a39febad70368267e6f571d9a,True,402,True,True,2,True,True,199,
2026-09-30,win.oneshotagent.com,https://win.oneshotagent.com/v1/tools/verify/email,POST,0x9fb365e4e9385e2a39febad70368267e6f571d9a,True,402,True,True,2,True,True,205,
2026-09-30,wintel.canopy.finance,https://wintel.canopy.finance/x402/v1/report/crypto/bitcoin,GET,0xb58d12a9db82707b5b097cc127ad0bd2a800b766,True,402,True,True,2,True,True,678,
2026-09-30,wintel.canopy.finance,https://wintel.canopy.finance/x402/v1/threats,GET,0xb58d12a9db82707b5b097cc127ad0bd2a800b766,True,402,True,True,2,True,True,269,
2026-09-30,witnessd.vip,https://witnessd.vip/api/witness,POST,0xf058d8a375343daa6967adf3ac6d425f3c9c8dfc,True,402,True,True,2,True,True,562,
2026-09-30,workbot1.oddsys.org,https://workbot1.oddsys.org/holidays,POST,0x15459498e1191d8787c83177809bd54022fa18c4,True,402,True,True,2,True,True,216,
2026-09-30,workbot1.oddsys.org,https://workbot1.oddsys.org/iban,POST,0x15459498e1191d8787c83177809bd54022fa18c4,True,402,True,True,2,True,True,213,
2026-09-30,workbot1.oddsys.org,https://workbot1.oddsys.org/lang,POST,0x15459498e1191d8787c83177809bd54022fa18c4,True,402,True,True,2,True,True,208,
2026-09-30,workbot1.oddsys.org,https://workbot1.oddsys.org/tokens,POST,0x15459498e1191d8787c83177809bd54022fa18c4,True,402,True,True,2,True,True,947,
2026-09-30,workbot1.oddsys.org,https://workbot1.oddsys.org/validate,POST,0x15459498e1191d8787c83177809bd54022fa18c4,True,402,True,True,2,True,True,217,
2026-09-30,www.api-xpay.com,https://www.api-xpay.com/x402/ip,GET,0x589a2314a2e05f45e40c4823da3ba58d421db3d8,True,402,True,True,2,True,True,258,
2026-09-30,www.api-xpay.com,https://www.api-xpay.com/x402/keywords,POST,0x589a2314a2e05f45e40c4823da3ba58d421db3d8,True,402,True,True,2,True,True,251,
2026-09-30,www.api-xpay.com,https://www.api-xpay.com/x402/quote,GET,0x589a2314a2e05f45e40c4823da3ba58d421db3d8,True,402,True,True,2,True,True,341,
2026-09-30,www.api-xpay.com,https://www.api-xpay.com/x402/time,GET,0x589a2314a2e05f45e40c4823da3ba58d421db3d8,True,402,True,True,2,True,True,404,
2026-09-30,www.api-xpay.com,https://www.api-xpay.com/x402/uuid,GET,0x589a2314a2e05f45e40c4823da3ba58d421db3d8,True,402,True,True,2,True,True,256,
2026-09-30,www.ax1.vc,https://www.ax1.vc/api/dashboard/q-verdict/resource,POST,0x7284d41b5b852f2bd4c99bdf95043d84452d299c,True,402,True,True,2,True,True,243,
2026-09-30,www.balticdryindex.com,https://www.balticdryindex.com/v1/signals,GET,0xc58f8eff2b6f46b9f5e75432fcdebd5dd949b09f,True,402,True,True,1,True,True,319,
2026-09-30,www.cultos.dev,https://www.cultos.dev/services/builder-code-validator,POST,0xd494a454888a390b2b05df74ae2b5fd9c9902b71,True,400,True,False,,,,196,
2026-09-30,www.cultos.dev,https://www.cultos.dev/services/encoding-toolbox,POST,0xd494a454888a390b2b05df74ae2b5fd9c9902b71,True,400,True,False,,,,159,
2026-09-30,www.cultos.dev,https://www.cultos.dev/services/environment-contract,POST,0xd494a454888a390b2b05df74ae2b5fd9c9902b71,True,400,True,False,,,,168,
2026-09-30,www.cultos.dev,https://www.cultos.dev/services/hacker-feed,POST,0xd494a454888a390b2b05df74ae2b5fd9c9902b71,True,402,True,True,2,True,True,148,
2026-09-30,www.cultos.dev,https://www.cultos.dev/services/hash-integrity,POST,0xd494a454888a390b2b05df74ae2b5fd9c9902b71,True,400,True,False,,,,264,
2026-09-30,www.getbags.app,https://www.getbags.app/api/v1,GET,0x374cfb844a5c702d637d72a5387fd9ef6b82108c,True,402,True,True,2,True,True,3690,
2026-09-30,www.pennypress.org,https://www.pennypress.org/essays/big-stakes,GET,0x19ea1e953542d7ac76f042f8bdc94d81b964c53d,True,402,True,True,2,True,True,277,
2026-09-30,www.pennypress.org,https://www.pennypress.org/essays/contradictions-of-the-archipelago,GET,0x19ea1e953542d7ac76f042f8bdc94d81b964c53d,True,402,True,True,2,True,True,296,
2026-09-30,www.pennypress.org,https://www.pennypress.org/essays/river-of-time,GET,0x19ea1e953542d7ac76f042f8bdc94d81b964c53d,True,402,True,True,2,True,True,272,
2026-09-30,www.pennypress.org,https://www.pennypress.org/essays/small-change,GET,0x19ea1e953542d7ac76f042f8bdc94d81b964c53d,True,402,True,True,2,True,True,515,
2026-09-30,www.pennypress.org,https://www.pennypress.org/essays/thermodynamic-proof,GET,0x19ea1e953542d7ac76f042f8bdc94d81b964c53d,True,402,True,True,2,True,True,288,
2026-09-30,www.stable-shovels.dev,https://www.stable-shovels.dev/api/tags,POST,0x967f08fc4d3b9651314207f6cd4c7d166b94880c,True,402,True,True,2,True,True,288,
2026-09-30,www.stablebrowser.dev,https://www.stablebrowser.dev/api/sessions,POST,0xcb79b3c5a7dadcd7c30e3be252c0ca44a06c6f78,True,402,True,True,2,True,True,269,
2026-09-30,www.tradepilotusa.com,https://www.tradepilotusa.com/api/agent-commerce/v1/seo-audit,POST,0x421b1e2ebc5458b5f3e156fd57300bbd8fd0a89e,True,402,True,True,2,True,True,945,
2026-09-30,www.tradepilotusa.com,https://www.tradepilotusa.com/api/agent-commerce/v1/services/content_repurpose/execute,POST,0x421b1e2ebc5458b5f3e156fd57300bbd8fd0a89e,True,402,True,True,2,True,True,677,
2026-09-30,www.tradepilotusa.com,https://www.tradepilotusa.com/api/agent-commerce/v1/services/html_sanitize/execute,POST,0x421b1e2ebc5458b5f3e156fd57300bbd8fd0a89e,True,402,True,True,2,True,True,743,
2026-09-30,www.tradepilotusa.com,https://www.tradepilotusa.com/api/agent-commerce/v1/services/proposal_draft/execute,POST,0x421b1e2ebc5458b5f3e156fd57300bbd8fd0a89e,True,402,True,True,2,True,True,738,
2026-09-30,www.tradepilotusa.com,https://www.tradepilotusa.com/api/agent-commerce/v1/services/rfp_draft/execute,POST,0x421b1e2ebc5458b5f3e156fd57300bbd8fd0a89e,True,402,True,True,2,True,True,775,
2026-09-30,www.trezalabs.com,https://www.trezalabs.com/api/x402/clip,POST,0xe8dc41f9e675ba8340140c99180cfaee65d4d160,True,402,True,True,2,False,False,2763,
2026-09-30,www.trezalabs.com,https://www.trezalabs.com/api/x402/image,POST,0xe8dc41f9e675ba8340140c99180cfaee65d4d160,True,402,True,True,2,True,False,2277,
2026-09-30,www.trezalabs.com,https://www.trezalabs.com/api/x402/music,POST,0xae393a9cd728f7397f50f6f8c88096a0f3d2b42c,True,402,True,True,2,True,True,2023,
2026-09-30,www.trezalabs.com,https://www.trezalabs.com/api/x402/short,POST,0xe8dc41f9e675ba8340140c99180cfaee65d4d160,True,402,True,True,2,True,False,2197,
2026-09-30,www.trezalabs.com,https://www.trezalabs.com/api/x402/speech,POST,0xae393a9cd728f7397f50f6f8c88096a0f3d2b42c,True,402,True,True,2,False,True,2787,
2026-09-30,www.trezalabs.com,https://www.trezalabs.com/api/x402/video,POST,0xae393a9cd728f7397f50f6f8c88096a0f3d2b42c,True,402,True,True,2,True,True,2149,
2026-09-30,www.x402financialdata.com,https://www.x402financialdata.com/crypto-prices,GET,0xe4181c7de066959bcca010525304ba68a84768e0,True,402,True,True,2,True,True,171,
2026-09-30,www.x402financialdata.com,https://www.x402financialdata.com/producer-prices,GET,0xe4181c7de066959bcca010525304ba68a84768e0,True,402,True,True,2,True,True,226,
2026-09-30,www.x402financialdata.com,https://www.x402financialdata.com/stablecoins,GET,0xe4181c7de066959bcca010525304ba68a84768e0,True,402,True,True,2,True,True,152,
2026-09-30,www.x402scan.com,https://www.x402scan.com/api/x402/merchants/:address/transactions,GET,0x2ec4545f96a24876764bf2b04d54e66a1351be71,True,402,True,True,2,True,True,332,
2026-09-30,www.x402scan.com,https://www.x402scan.com/api/x402/origins/:id/resources,GET,0x2ec4545f96a24876764bf2b04d54e66a1351be71,True,402,True,True,2,True,True,158,
2026-09-30,www.x402scan.com,https://www.x402scan.com/api/x402/origins/blockrun.ai/resources,GET,0x2ec4545f96a24876764bf2b04d54e66a1351be71,True,402,True,True,2,True,True,306,
2026-09-30,www.x402scan.com,https://www.x402scan.com/api/x402/registry/origin,GET,0x2ec4545f96a24876764bf2b04d54e66a1351be71,True,402,True,True,2,True,True,170,
2026-09-30,www.x402scan.com,https://www.x402scan.com/api/x402/wallets/:address/stats,GET,0x2ec4545f96a24876764bf2b04d54e66a1351be71,True,402,True,True,2,True,True,251,
2026-09-30,x402-agent-store.rileycraig14.workers.dev,https://x402-agent-store.rileycraig14.workers.dev/directory/list,POST,0xc91ce6291edc0713ec753bafba002506ffb2b95c,True,402,True,True,2,True,True,857,
2026-09-30,x402-api.aubr.ai,https://x402-api.aubr.ai/api/chat,POST,0x44dc2dceaa22c7ef6b2e2cf2362fd3fb476b7c2c,True,402,True,True,2,True,True,231,
2026-09-30,x402-api.aubr.ai,https://x402-api.aubr.ai/api/chat/encrypted,POST,0x44dc2dceaa22c7ef6b2e2cf2362fd3fb476b7c2c,True,402,True,True,2,True,True,248,
2026-09-30,x402-api.aubr.ai,https://x402-api.aubr.ai/api/deep-research/start,POST,0x44dc2dceaa22c7ef6b2e2cf2362fd3fb476b7c2c,True,402,True,True,2,True,True,371,
2026-09-30,x402-api.aubr.ai,https://x402-api.aubr.ai/api/literature/encrypted,POST,0x44dc2dceaa22c7ef6b2e2cf2362fd3fb476b7c2c,True,402,True,True,2,True,True,291,
2026-09-30,x402-defi-signals.onrender.com,https://x402-defi-signals.onrender.com/market/snapshot,GET,0xe72b85a97a6e19413d8b80633787eda6d6237a77,True,402,True,True,2,True,True,281,
2026-09-30,x402-doctor.fizzl.eu,https://x402-doctor.fizzl.eu/api/v1/preflight/batch,GET,0x6b0f4651ed42893ab58139938175e4a69f175f25,True,402,True,True,2,True,True,753,
2026-09-30,x402-doctor.fizzl.eu,https://x402-doctor.fizzl.eu/api/v1/preflight/deep,GET,0x6b0f4651ed42893ab58139938175e4a69f175f25,True,402,True,True,2,True,True,232,
2026-09-30,x402-echo-service.onrender.com,https://x402-echo-service.onrender.com/base64,POST,0x9cc774a8ed49d89cba1a288f4a050b8f7fba77ee,True,402,True,True,2,True,True,182,
2026-09-30,x402-echo-service.onrender.com,https://x402-echo-service.onrender.com/chain/gas,POST,0x9cc774a8ed49d89cba1a288f4a050b8f7fba77ee,True,402,True,True,2,True,True,324,
2026-09-30,x402-echo-service.onrender.com,https://x402-echo-service.onrender.com/hash,POST,0x9cc774a8ed49d89cba1a288f4a050b8f7fba77ee,True,402,True,True,2,True,True,170,
2026-09-30,x402-echo-service.onrender.com,https://x402-echo-service.onrender.com/time,POST,0x9cc774a8ed49d89cba1a288f4a050b8f7fba77ee,True,402,True,True,2,True,True,200,
2026-09-30,x402-echo-service.onrender.com,https://x402-echo-service.onrender.com/web/search,POST,0x9cc774a8ed49d89cba1a288f4a050b8f7fba77ee,True,402,True,True,2,True,True,158,
2026-09-30,x402-endpoints.onrender.com,https://x402-endpoints.onrender.com/gleif/lei,GET,0x1d1b81247c407521e2a01f3e21514870dcf1620f,True,402,True,True,2,True,True,595,
2026-09-30,x402-endpoints.onrender.com,https://x402-endpoints.onrender.com/macro/snapshot,GET,0x1d1b81247c407521e2a01f3e21514870dcf1620f,True,402,True,True,2,True,True,300,
2026-09-30,x402-endpoints.onrender.com,https://x402-endpoints.onrender.com/market/intel,GET,0x1d1b81247c407521e2a01f3e21514870dcf1620f,True,402,True,True,2,True,True,255,
2026-09-30,x402-endpoints.onrender.com,https://x402-endpoints.onrender.com/polymarket/resolution,GET,0x1d1b81247c407521e2a01f3e21514870dcf1620f,True,402,True,True,2,True,True,268,
2026-09-30,x402-factory.com,https://x402-factory.com/v1/board/sports-mlb,GET,0xcc42ed39a06b6cf3f484307ef76b88bf56fb305f,True,402,True,True,2,True,True,244,
2026-09-30,x402-factory.com,https://x402-factory.com/v1/econ/gdp-growth,GET,0xcc42ed39a06b6cf3f484307ef76b88bf56fb305f,True,402,True,True,2,True,True,241,
2026-09-30,x402-factory.com,https://x402-factory.com/v1/edgar/events/other-events,GET,0xcc42ed39a06b6cf3f484307ef76b88bf56fb305f,True,402,True,True,2,True,True,333,
2026-09-30,x402-factory.com,https://x402-factory.com/v1/evergreen/house-control-next-election,GET,0xcc42ed39a06b6cf3f484307ef76b88bf56fb305f,True,402,True,True,2,True,True,233,
2026-09-30,x402-factory.com,https://x402-factory.com/v1/forecast/seattle/window,GET,0xcc42ed39a06b6cf3f484307ef76b88bf56fb305f,True,402,True,True,2,True,True,245,
2026-09-30,x402-gateway-production.up.railway.app,https://x402-gateway-production.up.railway.app/api/llm/llama,POST,0x7dd5be069f2d2ead75ec7c3423b116ff043c2629,True,400,True,False,,,,111,
2026-09-30,x402-gateway.ai,https://x402-gateway.ai/api/v1/ping,GET,0x9d305938253c491f7259d437eff064418b3fdfa0,True,402,True,True,2,True,True,167,
2026-09-30,x402-gateway.ai,https://x402-gateway.ai/api/v1/se/company/:orgnr,GET,0x9d305938253c491f7259d437eff064418b3fdfa0,True,402,True,True,2,True,True,377,
2026-09-30,x402-gateway.ai,https://x402-gateway.ai/api/v1/se/company/:orgnr/annual-report,GET,0x9d305938253c491f7259d437eff064418b3fdfa0,True,402,True,True,2,True,True,240,
2026-09-30,x402-gateway.ai,https://x402-gateway.ai/api/v1/se/company/search,GET,0x9d305938253c491f7259d437eff064418b3fdfa0,True,402,True,True,2,True,True,236,
2026-09-30,x402-market.kore-app.workers.dev,https://x402-market.kore-app.workers.dev/v1/market,GET,0x1deeaec4250e66702e22777ec1e3a70b19745a72,True,402,True,True,2,True,True,554,
2026-09-30,x402-mcp.onrender.com,https://x402-mcp.onrender.com/base/tx-decision,GET,0x05e1720bb82f86b5bc7940a99fdc702e32256357,True,402,True,True,2,True,True,214,
2026-09-30,x402-mcp.onrender.com,https://x402-mcp.onrender.com/mn/property-check,GET,0x05e1720bb82f86b5bc7940a99fdc702e32256357,True,402,True,True,2,True,True,137,
2026-09-30,x402-mcp.onrender.com,https://x402-mcp.onrender.com/us/chi/property-check,GET,0x05e1720bb82f86b5bc7940a99fdc702e32256357,True,402,True,True,2,True,True,245,
2026-09-30,x402-mcp.onrender.com,https://x402-mcp.onrender.com/us/mn/property-check,GET,0x05e1720bb82f86b5bc7940a99fdc702e32256357,True,402,True,True,2,True,True,173,
2026-09-30,x402-mcp.onrender.com,https://x402-mcp.onrender.com/us/sea/property-check,GET,0x05e1720bb82f86b5bc7940a99fdc702e32256357,True,402,True,True,2,True,True,154,
2026-09-30,x402-seller-0ay3.onrender.com,https://x402-seller-0ay3.onrender.com/api/ai/classify,POST,0x5c3db195a38f39074d8c891741a82f6d8f2a16cc,True,402,True,True,2,True,True,550,
2026-09-30,x402-seller-0ay3.onrender.com,https://x402-seller-0ay3.onrender.com/api/ai/extract,POST,0x5c3db195a38f39074d8c891741a82f6d8f2a16cc,True,402,True,True,2,True,True,554,
2026-09-30,x402-seller-0ay3.onrender.com,https://x402-seller-0ay3.onrender.com/api/defi/price,GET,0x5c3db195a38f39074d8c891741a82f6d8f2a16cc,True,402,True,True,2,True,True,304,
2026-09-30,x402-seller-0ay3.onrender.com,https://x402-seller-0ay3.onrender.com/api/npm/package,GET,0x5c3db195a38f39074d8c891741a82f6d8f2a16cc,True,402,True,True,2,True,True,254,
2026-09-30,x402-seller-0ay3.onrender.com,https://x402-seller-0ay3.onrender.com/api/price/btc-usd,GET,0x5c3db195a38f39074d8c891741a82f6d8f2a16cc,True,402,True,True,2,True,True,297,
2026-09-30,x402-seller-a5et.onrender.com,https://x402-seller-a5et.onrender.com/intel,GET,0xfcc0d3d72d8689871979c3caa036ffabc5674bd0,True,402,True,True,2,True,True,192,
2026-09-30,x402-seller-a5et.onrender.com,https://x402-seller-a5et.onrender.com/mega-bundle,GET,0xfcc0d3d72d8689871979c3caa036ffabc5674bd0,True,402,True,True,2,True,True,157,
2026-09-30,x402-seller.onrender.com,https://x402-seller.onrender.com/air/quality,GET,0xbd61dfb01f81c91f02b0ccd51b0220e0c8918639,True,402,True,True,2,True,True,321,
2026-09-30,x402-seller.onrender.com,https://x402-seller.onrender.com/ocean/tides,GET,0xbd61dfb01f81c91f02b0ccd51b0220e0c8918639,True,402,True,True,2,True,True,164,
2026-09-30,x402-seller.onrender.com,https://x402-seller.onrender.com/oil/price,GET,0xbd61dfb01f81c91f02b0ccd51b0220e0c8918639,True,402,True,True,2,True,True,222,
2026-09-30,x402-seller.onrender.com,https://x402-seller.onrender.com/space/asteroids,GET,0xbd61dfb01f81c91f02b0ccd51b0220e0c8918639,True,402,True,True,2,True,True,176,
2026-09-30,x402-seller.onrender.com,https://x402-seller.onrender.com/treasury/debt,GET,0xbd61dfb01f81c91f02b0ccd51b0220e0c8918639,True,402,True,True,2,True,True,191,
2026-09-30,x402-solvers.onrender.com,https://x402-solvers.onrender.com/v1/cycles/probe,POST,0xa238af2e66d9d7301f2d02932931851ddf900dcd,True,402,True,True,2,True,True,200,
2026-09-30,x402-stock-indicators.vercel.app,https://x402-stock-indicators.vercel.app/market-risk-sentiment,GET,0xe4181c7de066959bcca010525304ba68a84768e0,True,402,True,True,2,True,True,158,
2026-09-30,x402-stock-indicators.vercel.app,https://x402-stock-indicators.vercel.app/movers,GET,0xe4181c7de066959bcca010525304ba68a84768e0,True,402,True,True,2,True,True,186,
2026-09-30,x402-store.dgdb.workers.dev,https://x402-store.dgdb.workers.dev/v1/threats/recent,GET,0xd617a7145ca56e3ed58d639f9dec6999b22441ee,True,402,True,True,2,True,True,165,
2026-09-30,x402-tools.vercel.app,https://x402-tools.vercel.app/api/concerts,GET,0xbad1aa224bfe4feb460e12b2553dcdf98a7098d0,True,402,True,True,2,True,True,838,
2026-09-30,x402-trends-server.onrender.com,https://x402-trends-server.onrender.com/api/crypto-market,GET,0xf61f957d9ac432309219549b1ae79ae8b7c71ff5,True,402,True,True,2,True,True,200,
2026-09-30,x402-trends-server.onrender.com,https://x402-trends-server.onrender.com/api/exchange-rate,GET,0xf61f957d9ac432309219549b1ae79ae8b7c71ff5,True,402,True,True,2,True,True,308,
2026-09-30,x402-trends-server.onrender.com,https://x402-trends-server.onrender.com/api/scrape,POST,0xf61f957d9ac432309219549b1ae79ae8b7c71ff5,True,402,True,True,2,True,True,199,
2026-09-30,x402-trends-server.onrender.com,https://x402-trends-server.onrender.com/api/sports-game-brief,GET,0xf61f957d9ac432309219549b1ae79ae8b7c71ff5,True,402,True,True,2,True,True,304,
2026-09-30,x402-trends-server.onrender.com,https://x402-trends-server.onrender.com/api/weather,GET,0xf61f957d9ac432309219549b1ae79ae8b7c71ff5,True,402,True,True,2,True,True,178,
2026-09-30,x402-vault-service.vercel.app,https://x402-vault-service.vercel.app/api/veda-kraken-boosted/deposit,GET,0x3e6ce487f82bef79d699932d31ed87a5ce7c1852,True,402,True,True,2,True,True,222,
2026-09-30,x402-vault-service.vercel.app,https://x402-vault-service.vercel.app/api/veda-kraken-boosted/withdraw,POST,0x3e6ce487f82bef79d699932d31ed87a5ce7c1852,True,402,True,True,2,True,True,186,
2026-09-30,x402.911fund.io,https://x402.911fund.io/alpha/news,GET,0x1fa89e3b7b3ca98afdd801f35e721251149cea3b,True,402,True,True,2,True,True,309,
2026-09-30,x402.agentfund.net,https://x402.agentfund.net/x402/edgar_financials,POST,0xe22f691ed420143bfdab022a14e7d6873b33eef9,True,402,True,True,2,True,True,136,
2026-09-30,x402.agentfund.net,https://x402.agentfund.net/x402/edgar_full_text_search,POST,0xe22f691ed420143bfdab022a14e7d6873b33eef9,True,402,True,True,2,True,True,672,
2026-09-30,x402.agentfund.net,https://x402.agentfund.net/x402/onchain_gas,POST,0xe22f691ed420143bfdab022a14e7d6873b33eef9,True,402,True,True,2,True,True,371,
2026-09-30,x402.agentutility.ai,https://x402.agentutility.ai/amortization-schedule,POST,0x6c0752c09e7f6fa6526fcdf40e456a159ebb5621,True,0,False,,,,,,TimeoutError: The read operation timed out
2026-09-30,x402.agentutility.ai,https://x402.agentutility.ai/caption-translate-pack,POST,0x6c0752c09e7f6fa6526fcdf40e456a159ebb5621,True,402,True,True,2,True,True,115,
2026-09-30,x402.agentutility.ai,https://x402.agentutility.ai/flux-2-pro,POST,0x6c0752c09e7f6fa6526fcdf40e456a159ebb5621,True,0,False,,,,,,TimeoutError: The read operation timed out
2026-09-30,x402.agentutility.ai,https://x402.agentutility.ai/hacker-news-search,POST,0x6c0752c09e7f6fa6526fcdf40e456a159ebb5621,True,402,True,True,2,True,True,93,
2026-09-30,x402.agentutility.ai,https://x402.agentutility.ai/tweets-search,POST,0x6c0752c09e7f6fa6526fcdf40e456a159ebb5621,True,0,False,,,,,,TimeoutError: The read operation timed out
2026-09-30,x402.aispace.bot,https://x402.aispace.bot/api/v1/augment/scrape,POST,0xa7f3ad0e69f61864092fabba6cee00af6e584689,True,402,True,True,2,True,True,157,
2026-09-30,x402.aispace.bot,https://x402.aispace.bot/api/v1/augment/text-parser,POST,0xa7f3ad0e69f61864092fabba6cee00af6e584689,True,402,True,True,2,False,True,200,
2026-09-30,x402.aispace.bot,https://x402.aispace.bot/api/v1/embeddings,POST,0xa7f3ad0e69f61864092fabba6cee00af6e584689,True,402,True,True,2,True,True,167,
2026-09-30,x402.aispace.bot,https://x402.aispace.bot/api/v1/image/background-remove,POST,0xa7f3ad0e69f61864092fabba6cee00af6e584689,True,402,True,True,2,True,True,162,
2026-09-30,x402.aispace.bot,https://x402.aispace.bot/api/v1/video/transcriptions,POST,0xa7f3ad0e69f61864092fabba6cee00af6e584689,True,402,True,True,2,True,True,188,
2026-09-30,x402.api.browser-use.com,https://x402.api.browser-use.com/api/v3/sessions,POST,0xc0ce6bfb16bb6b6e10a9d806e509d8d20996380f,True,402,True,True,2,True,True,433,
2026-09-30,x402.asterpay.io,https://x402.asterpay.io/v1/agent/deep-analysis/:address,GET,0xd5f8481d8f25d3966d2010dbf9b47ffbdf745a9e,True,402,True,True,2,True,True,187,
2026-09-30,x402.asterpay.io,https://x402.asterpay.io/v1/market/price/bitcoin,GET,0xd5f8481d8f25d3966d2010dbf9b47ffbdf745a9e,True,402,True,True,2,True,True,152,
2026-09-30,x402.asterpay.io,https://x402.asterpay.io/v2/x402/agent-readiness,GET,0xd5f8481d8f25d3966d2010dbf9b47ffbdf745a9e,True,402,True,True,2,True,True,260,
2026-09-30,x402.asterpay.io,https://x402.asterpay.io/v2/x402/agent/trust-score/:address,GET,0xd5f8481d8f25d3966d2010dbf9b47ffbdf745a9e,True,402,True,True,2,True,True,698,
2026-09-30,x402.asterpay.io,https://x402.asterpay.io/v2/x402/ai/sentiment,POST,0xd5f8481d8f25d3966d2010dbf9b47ffbdf745a9e,True,402,True,True,2,True,True,175,
2026-09-30,x402.aubr.ai,https://x402.aubr.ai/api/chat,POST,0x44dc2dceaa22c7ef6b2e2cf2362fd3fb476b7c2c,True,402,True,True,2,True,True,366,
2026-09-30,x402.blackswan.wtf,https://x402.blackswan.wtf/smart-agents/core,POST,0x154b1006435e5cfe2206e7777c1003f9438119b1,True,402,True,True,2,True,True,317,
2026-09-30,x402.blackswan.wtf,https://x402.blackswan.wtf/smart-agents/flare,POST,0x154b1006435e5cfe2206e7777c1003f9438119b1,True,402,True,True,2,True,True,360,
2026-09-30,x402.botsmith.dev,https://x402.botsmith.dev/derivatives/perp,GET,0xcb9b3f94387389e38ef2a7b3c0b851fb8325d7e9,True,402,True,True,2,True,True,584,
2026-09-30,x402.botsmith.dev,https://x402.botsmith.dev/stablecoin/peg,GET,0xcb9b3f94387389e38ef2a7b3c0b851fb8325d7e9,True,402,True,True,2,True,True,496,
2026-09-30,x402.botsmith.dev,https://x402.botsmith.dev/x/dossier,GET,0xcb9b3f94387389e38ef2a7b3c0b851fb8325d7e9,True,402,True,True,2,True,True,502,
2026-09-30,x402.botsmith.dev,https://x402.botsmith.dev/x/search,GET,0xcb9b3f94387389e38ef2a7b3c0b851fb8325d7e9,True,402,True,True,2,True,True,488,
2026-09-30,x402.botsmith.dev,https://x402.botsmith.dev/x/user,GET,0xcb9b3f94387389e38ef2a7b3c0b851fb8325d7e9,True,402,True,True,2,True,True,494,
2026-09-30,x402.chainquery.com,https://x402.chainquery.com/v1/rpc/listbanned,GET,0x7cf45cd775bdf31a5a96fa0a5805df0b610d87ff,True,402,True,True,2,True,True,294,
2026-09-30,x402.chainquery.com,https://x402.chainquery.com/v1/rpc/uptime,GET,0x7cf45cd775bdf31a5a96fa0a5805df0b610d87ff,True,402,True,True,2,True,True,242,
2026-09-30,x402.charliemorrison.dev,https://x402.charliemorrison.dev/audit,GET,0x435afac555fe115f18e657e49960063c12c6aed0,True,402,True,True,2,True,True,130,
2026-09-30,x402.charliemorrison.dev,https://x402.charliemorrison.dev/extract,GET,0x435afac555fe115f18e657e49960063c12c6aed0,True,402,True,True,2,True,True,269,
2026-09-30,x402.clashofcoins.com,https://x402.clashofcoins.com/x402/cheap-health,GET,0x8b29dabd6fbb5a09dacbc7978eaed66a8540721d,True,402,True,True,2,True,True,1523,
2026-09-30,x402.coinopai.com,https://x402.coinopai.com/api/kronos/decision,GET,0x1304ec1a8945365e43a5c18a734065f107b417ca,True,402,True,True,2,True,True,180,
2026-09-30,x402.coinopai.com,https://x402.coinopai.com/api/kronos/futures/risk,GET,0x1304ec1a8945365e43a5c18a734065f107b417ca,True,402,True,True,2,True,True,375,
2026-09-30,x402.coinopai.com,https://x402.coinopai.com/api/kronos/risk,GET,0x1304ec1a8945365e43a5c18a734065f107b417ca,True,402,True,True,2,True,True,174,
2026-09-30,x402.coinopai.com,https://x402.coinopai.com/api/kronos/signals,GET,0x1304ec1a8945365e43a5c18a734065f107b417ca,True,402,True,True,2,True,True,327,
2026-09-30,x402.coinopai.com,https://x402.coinopai.com/api/signals,GET,0x1304ec1a8945365e43a5c18a734065f107b417ca,True,402,True,True,2,True,True,319,
2026-09-30,x402.coinstats.app,https://x402.coinstats.app/coins/:coinId,GET,0xa2ad8183209e5d2f7f0d8f995f5601a0bb5100c7,True,402,True,True,2,True,True,508,
2026-09-30,x402.coinstats.app,https://x402.coinstats.app/insights/fear-and-greed,GET,0xa2ad8183209e5d2f7f0d8f995f5601a0bb5100c7,True,402,True,True,2,True,True,83,
2026-09-30,x402.coinstats.app,https://x402.coinstats.app/markets,GET,0xa2ad8183209e5d2f7f0d8f995f5601a0bb5100c7,True,402,True,True,2,True,True,335,
2026-09-30,x402.coinstats.app,https://x402.coinstats.app/news/sources,GET,0xa2ad8183209e5d2f7f0d8f995f5601a0bb5100c7,True,402,True,True,2,True,True,240,
2026-09-30,x402.coinstats.app,https://x402.coinstats.app/tickers/markets,GET,0xa2ad8183209e5d2f7f0d8f995f5601a0bb5100c7,True,402,True,True,2,True,True,103,
2026-09-30,x402.dailyelo.com,https://x402.dailyelo.com/v1/listing/watch,GET,0xd617a7145ca56e3ed58d639f9dec6999b22441ee,True,402,True,True,2,True,True,99,
2026-09-30,x402.dailyelo.com,https://x402.dailyelo.com/v1/recipient-check,POST,0xd617a7145ca56e3ed58d639f9dec6999b22441ee,True,402,True,True,2,True,True,87,
2026-09-30,x402.dailyelo.com,https://x402.dailyelo.com/v1/reliability/recent,GET,0xd617a7145ca56e3ed58d639f9dec6999b22441ee,True,402,True,True,2,True,True,146,
2026-09-30,x402.dailyelo.com,https://x402.dailyelo.com/v1/rpc/health,GET,0xd617a7145ca56e3ed58d639f9dec6999b22441ee,True,402,True,True,2,True,True,87,
2026-09-30,x402.donnyautomation.com,https://x402.donnyautomation.com/avalanche/scan,GET,0x2740651e046c59ab2a6510401140643292d3a96f,True,402,True,True,2,True,True,165,
2026-09-30,x402.donnyautomation.com,https://x402.donnyautomation.com/edgar/filings,GET,0x2740651e046c59ab2a6510401140643292d3a96f,True,402,True,True,2,True,True,71,
2026-09-30,x402.donnyautomation.com,https://x402.donnyautomation.com/polygon/scan,GET,0x2740651e046c59ab2a6510401140643292d3a96f,True,402,True,True,2,True,True,84,
2026-09-30,x402.donnyautomation.com,https://x402.donnyautomation.com/treasury,GET,0x2740651e046c59ab2a6510401140643292d3a96f,True,402,True,True,2,True,True,76,
2026-09-30,x402.donnyautomation.com,https://x402.donnyautomation.com/v4hooks,GET,0x2740651e046c59ab2a6510401140643292d3a96f,True,402,True,True,2,True,True,76,
2026-09-30,x402.fenixfoundry.com,https://x402.fenixfoundry.com/probability,POST,0x737426d3ed53930b889b3f61774669a0fdf3be54,True,402,True,True,2,True,True,80,
2026-09-30,x402.fenixfoundry.com,https://x402.fenixfoundry.com/repair-json,POST,0x737426d3ed53930b889b3f61774669a0fdf3be54,True,402,True,True,2,True,True,87,
2026-09-30,x402.fenixfoundry.com,https://x402.fenixfoundry.com/resolution,GET,0x737426d3ed53930b889b3f61774669a0fdf3be54,True,402,True,True,2,True,True,461,
2026-09-30,x402.forgemesh.io,https://x402.forgemesh.io/car-complaints,POST,0x850363a27f0ac6feb9c7a3ec4c1d295262df9432,True,402,True,True,2,True,True,181,
2026-09-30,x402.forgemesh.io,https://x402.forgemesh.io/crash-test-ratings,POST,0x850363a27f0ac6feb9c7a3ec4c1d295262df9432,True,402,True,True,2,True,True,388,
2026-09-30,x402.forgemesh.io,https://x402.forgemesh.io/vehicle-recalls,POST,0x850363a27f0ac6feb9c7a3ec4c1d295262df9432,True,402,True,True,2,True,True,313,
2026-09-30,x402.forgemesh.io,https://x402.forgemesh.io/vin-decode,POST,0x850363a27f0ac6feb9c7a3ec4c1d295262df9432,True,402,True,True,2,True,True,172,
2026-09-30,x402.forgemesh.io,https://x402.forgemesh.io/weather-forecast,POST,0x850363a27f0ac6feb9c7a3ec4c1d295262df9432,True,402,True,True,2,True,True,1526,
2026-09-30,x402.freeq.one,https://x402.freeq.one/mcp,POST,0x90b0dc893406d6ea63bb077ed59f5e8340f98d84,True,402,True,True,2,True,True,73,
2026-09-30,x402.freeq.one,https://x402.freeq.one/tools/giftcard/api/buy,POST,0x90b0dc893406d6ea63bb077ed59f5e8340f98d84,True,402,True,True,2,False,True,153,
2026-09-30,x402.freeq.one,https://x402.freeq.one/tools/jobs,POST,0x90b0dc893406d6ea63bb077ed59f5e8340f98d84,True,402,True,True,2,True,True,97,
2026-09-30,x402.freeq.one,https://x402.freeq.one/tools/token_price,POST,0x90b0dc893406d6ea63bb077ed59f5e8340f98d84,True,402,True,True,2,True,True,87,
2026-09-30,x402.freeq.one,https://x402.freeq.one/tools/wallet_verify_solana,POST,0x90b0dc893406d6ea63bb077ed59f5e8340f98d84,True,402,True,True,2,True,True,74,
2026-09-30,x402.glassnode.com,https://x402.glassnode.com/v1/metadata/metric,GET,0x1f81da453901d15296c1710af83e0bc0371d39f1,True,402,True,True,2,True,True,517,
2026-09-30,x402.glassnode.com,https://x402.glassnode.com/v1/metrics/addresses/min_100_count,GET,0x1f81da453901d15296c1710af83e0bc0371d39f1,True,402,True,True,2,True,True,236,
2026-09-30,x402.glassnode.com,https://x402.glassnode.com/v1/metrics/distribution/balance_exchanges_relative,GET,0x1f81da453901d15296c1710af83e0bc0371d39f1,True,402,True,True,2,True,True,516,
2026-09-30,x402.glassnode.com,https://x402.glassnode.com/v1/metrics/institutions/us_spot_etf_balances_all,GET,0x1f81da453901d15296c1710af83e0bc0371d39f1,True,402,True,True,2,True,True,515,
2026-09-30,x402.glassnode.com,https://x402.glassnode.com/v1/metrics/transactions/transfers_volume_from_exchanges_sum,GET,0x1f81da453901d15296c1710af83e0bc0371d39f1,True,402,True,True,2,True,True,602,
2026-09-30,x402.hydratrader.ai,https://x402.hydratrader.ai/v1/cheap-errand,POST,0x55d06e282a699710e03088c218a9e79d2b1616fc,True,402,True,True,2,True,True,253,
2026-09-30,x402.hydratrader.ai,https://x402.hydratrader.ai/v1/keywords,POST,0x55d06e282a699710e03088c218a9e79d2b1616fc,True,402,True,True,2,True,True,267,
2026-09-30,x402.hydratrader.ai,https://x402.hydratrader.ai/v1/rewrite,POST,0x55d06e282a699710e03088c218a9e79d2b1616fc,True,402,True,True,2,True,True,267,
2026-09-30,x402.hydratrader.ai,https://x402.hydratrader.ai/v1/structured-extract,POST,0x55d06e282a699710e03088c218a9e79d2b1616fc,True,402,True,True,2,True,True,243,
2026-09-30,x402.hydratrader.ai,https://x402.hydratrader.ai/v1/summarize,POST,0x55d06e282a699710e03088c218a9e79d2b1616fc,True,402,True,True,2,True,True,419,
2026-09-30,x402.jmthomasofficial.com,https://x402.jmthomasofficial.com/v2/api/edgar-company-lookup,GET,0x624faf18c78456c8da5bf156cd77c1a2033f21c5,True,402,True,True,2,True,True,197,
2026-09-30,x402.klimalabs.com,https://x402.klimalabs.com/api/catalog,GET,0xf624f9fe1d3165c5ca32c7fbdbf82f4a5b1d2d0e,True,402,True,True,2,True,True,249,
2026-09-30,x402.lucidcove.org,https://x402.lucidcove.org/v1/ping,GET,0x75abce556c2450d58dad3779c57f5eb0885b9758,True,402,True,True,2,True,True,471,
2026-09-30,x402.miroshark.xyz,https://x402.miroshark.xyz/run,POST,0x6cab485fc28ec70d3845113b704d4824e4d2b24f,True,402,True,True,2,True,True,212,
2026-09-30,x402.monpham.work,https://x402.monpham.work/v1/cbs/chat/completions,GET,0x7eebd75b116a553e02cbaca28cfbd47bc411e6b1,True,402,True,True,2,True,True,698,
2026-09-30,x402.monpham.work,https://x402.monpham.work/v1/terra/chat/completions,GET,0x7eebd75b116a553e02cbaca28cfbd47bc411e6b1,True,402,True,True,2,True,True,659,
2026-09-30,x402.nsgoods.org,https://x402.nsgoods.org/preflight,GET,0xc87a06dee4c0e85912296002617120bbfd5ef990,True,402,True,True,2,True,True,329,
2026-09-30,x402.nsgoods.org,https://x402.nsgoods.org/settle,GET,0xc87a06dee4c0e85912296002617120bbfd5ef990,True,402,True,True,2,True,True,331,
2026-09-30,x402.ochinimus.app,https://x402.ochinimus.app/api/basis,GET,0x22db3a9686ee5261e7bf3ed4f91277232e8076e6,True,402,True,True,2,True,True,691,
2026-09-30,x402.ochinimus.app,https://x402.ochinimus.app/api/liq-heatmap,GET,0x22db3a9686ee5261e7bf3ed4f91277232e8076e6,True,402,True,True,2,True,True,285,
2026-09-30,x402.ochinimus.app,https://x402.ochinimus.app/api/peg-universe,GET,0x22db3a9686ee5261e7bf3ed4f91277232e8076e6,True,402,True,True,2,True,True,608,
2026-09-30,x402.ochinimus.app,https://x402.ochinimus.app/api/top-movers,GET,0x22db3a9686ee5261e7bf3ed4f91277232e8076e6,True,402,True,True,2,True,True,641,
2026-09-30,x402.ochinimus.app,https://x402.ochinimus.app/api/whale-trades,GET,0x22db3a9686ee5261e7bf3ed4f91277232e8076e6,True,402,True,True,2,True,True,261,
2026-09-30,x402.onhub.ai,https://x402.onhub.ai/v1/chat/completions,POST,0x53884ef9a486b805bfa5e4f55290ff66dca7c457,True,402,True,True,2,True,True,403,
2026-09-30,x402.onhub.ai,https://x402.onhub.ai/v1/search,POST,0x53884ef9a486b805bfa5e4f55290ff66dca7c457,True,402,True,True,2,True,True,441,
2026-09-30,x402.orthogonal.com,https://x402.orthogonal.com/abstractapi/v1/convert,GET,0x3fb1413adb2aadb1c84f34e762d9cacfd8b068c1,True,402,True,True,2,True,True,418,
2026-09-30,x402.orthogonal.com,https://x402.orthogonal.com/agentmail/v0/inboxes/x402test1786260932@agentmail.to/messages/send,POST,0xaa4a75114b5bda671844ae10256d2b048df8fdc3,True,402,True,True,2,True,True,288,
2026-09-30,x402.orthogonal.com,https://x402.orthogonal.com/apollo/api/v1/mixed_companies/search,POST,0xccd231829e24b42195b500028f8779b8f8b1131a,True,402,True,True,2,True,True,260,
2026-09-30,x402.orthogonal.com,https://x402.orthogonal.com/apollo/api/v1/mixed_people/api_search,POST,0xccd231829e24b42195b500028f8779b8f8b1131a,True,402,True,True,2,True,True,173,
2026-09-30,x402.orthogonal.com,https://x402.orthogonal.com/apollo/api/v1/organizations/enrich,GET,0xccd231829e24b42195b500028f8779b8f8b1131a,True,402,True,True,2,True,True,300,
2026-09-30,x402.orthogonal.com,https://x402.orthogonal.com/apollo/api/v1/people/match,POST,0xccd231829e24b42195b500028f8779b8f8b1131a,True,402,True,True,2,True,True,263,
2026-09-30,x402.orthogonal.com,https://x402.orthogonal.com/aviato/company/funds,GET,0x3078368e0740fa5f8d9b900ea428c946a1006cb7,True,402,True,True,2,True,True,1178,
2026-09-30,x402.orthogonal.com,https://x402.orthogonal.com/aviato/person/founded-companies,GET,0x3078368e0740fa5f8d9b900ea428c946a1006cb7,True,402,True,True,2,True,True,200,
2026-09-30,x402.orthogonal.com,https://x402.orthogonal.com/aviato/person/search,POST,0x3078368e0740fa5f8d9b900ea428c946a1006cb7,True,402,True,True,2,True,True,169,
2026-09-30,x402.orthogonal.com,https://x402.orthogonal.com/bytemine/contacts/enrich,POST,0xdcbc59a62c3a9c5cec58ac806ebc579fa13d67f7,True,402,True,True,2,True,True,187,
2026-09-30,x402.orthogonal.com,https://x402.orthogonal.com/bytemine/contacts/unlock,POST,0xdcbc59a62c3a9c5cec58ac806ebc579fa13d67f7,True,402,True,True,2,True,True,376,
2026-09-30,x402.orthogonal.com,https://x402.orthogonal.com/bytemine/crawl/start,POST,0xdcbc59a62c3a9c5cec58ac806ebc579fa13d67f7,True,402,True,True,2,True,True,169,
2026-09-30,x402.orthogonal.com,https://x402.orthogonal.com/bytemine/v1/apps/meeting-prep,POST,0xdcbc59a62c3a9c5cec58ac806ebc579fa13d67f7,True,402,True,True,2,True,True,321,
2026-09-30,x402.orthogonal.com,https://x402.orthogonal.com/bytemine/v1/apps/roi-calculator,POST,0xdcbc59a62c3a9c5cec58ac806ebc579fa13d67f7,True,402,True,True,2,True,True,175,
2026-09-30,x402.orthogonal.com,https://x402.orthogonal.com/company-enrich/companies,GET,0xa136b6919a7b3c45c2c793b069ce6e3441aec32a,True,402,True,True,2,True,True,161,
2026-09-30,x402.orthogonal.com,https://x402.orthogonal.com/company-enrich/companies/search,POST,0xa136b6919a7b3c45c2c793b069ce6e3441aec32a,True,402,True,True,2,True,True,368,
2026-09-30,x402.orthogonal.com,https://x402.orthogonal.com/company-enrich/companies/search/scroll,POST,0xa136b6919a7b3c45c2c793b069ce6e3441aec32a,True,402,True,True,2,True,True,210,
2026-09-30,x402.orthogonal.com,https://x402.orthogonal.com/company-enrich/people/search,POST,0xa136b6919a7b3c45c2c793b069ce6e3441aec32a,True,402,True,True,2,True,True,467,
2026-09-30,x402.orthogonal.com,https://x402.orthogonal.com/exchange-rates/v1/convert,GET,0x3fb1413adb2aadb1c84f34e762d9cacfd8b068c1,True,402,True,True,2,True,True,281,
2026-09-30,x402.orthogonal.com,https://x402.orthogonal.com/findymail/api/search/company,POST,0x24a5ec14de5dbf0ed1e27784d63d22dc9451998f,True,402,True,True,2,True,True,335,
2026-09-30,x402.orthogonal.com,https://x402.orthogonal.com/findymail/api/search/domain,POST,0x24a5ec14de5dbf0ed1e27784d63d22dc9451998f,True,402,True,True,2,True,True,175,
2026-09-30,x402.orthogonal.com,https://x402.orthogonal.com/findymail/api/search/name,POST,0x24a5ec14de5dbf0ed1e27784d63d22dc9451998f,True,402,True,True,2,True,True,287,
2026-09-30,x402.orthogonal.com,https://x402.orthogonal.com/findymail/api/technologies,POST,0x24a5ec14de5dbf0ed1e27784d63d22dc9451998f,True,402,True,True,2,True,True,198,
2026-09-30,x402.orthogonal.com,https://x402.orthogonal.com/findymail/api/verify,POST,0x24a5ec14de5dbf0ed1e27784d63d22dc9451998f,True,402,True,True,2,True,True,198,
2026-09-30,x402.orthogonal.com,https://x402.orthogonal.com/icypeas/api/find-people,POST,0x32a1ef342b5d6a82bc53208602341474d623e5c3,True,402,True,True,2,True,True,191,
2026-09-30,x402.orthogonal.com,https://x402.orthogonal.com/icypeas/api/reverse-email-lookups,POST,0x32a1ef342b5d6a82bc53208602341474d623e5c3,True,402,True,True,2,True,True,271,
2026-09-30,x402.orthogonal.com,https://x402.orthogonal.com/icypeas/api/scrape/profile,GET,0x32a1ef342b5d6a82bc53208602341474d623e5c3,True,402,True,True,2,True,True,189,
2026-09-30,x402.orthogonal.com,https://x402.orthogonal.com/icypeas/api/url-search/company,POST,0x32a1ef342b5d6a82bc53208602341474d623e5c3,True,402,True,True,2,True,True,207,
2026-09-30,x402.orthogonal.com,https://x402.orthogonal.com/icypeas/api/url-search/profile,POST,0x32a1ef342b5d6a82bc53208602341474d623e5c3,True,402,True,True,2,True,True,247,
2026-09-30,x402.orthogonal.com,https://x402.orthogonal.com/phone-intelligence/v1,GET,0x3fb1413adb2aadb1c84f34e762d9cacfd8b068c1,True,402,True,True,2,True,True,311,
2026-09-30,x402.orthogonal.com,https://x402.orthogonal.com/predictleads/v3/companies/stripe.com/github_repositories,GET,0xca37de138574432b96f92b0cd9826dadfd1cf443,True,402,True,True,2,True,True,180,
2026-09-30,x402.orthogonal.com,https://x402.orthogonal.com/predictleads/v3/companies/stripe.com/news_events,GET,0xca37de138574432b96f92b0cd9826dadfd1cf443,True,402,True,True,2,True,True,272,
2026-09-30,x402.orthogonal.com,https://x402.orthogonal.com/predictleads/v3/companies/stripe.com/similar_companies,GET,0xca37de138574432b96f92b0cd9826dadfd1cf443,True,402,True,True,2,True,True,318,
2026-09-30,x402.orthogonal.com,https://x402.orthogonal.com/predictleads/v3/discover/technologies/stripe/technology_detections,GET,0xca37de138574432b96f92b0cd9826dadfd1cf443,True,402,True,True,2,True,True,182,
2026-09-30,x402.orthogonal.com,https://x402.orthogonal.com/predictleads/v3/job_openings/:id,GET,0xca37de138574432b96f92b0cd9826dadfd1cf443,True,402,True,True,2,True,True,197,
2026-09-30,x402.orthogonal.com,https://x402.orthogonal.com/scrapecreators/v1/instagram/profile,GET,0x9edc06e69fbf71b191510ca9446fe09caa95668d,True,402,True,True,2,True,True,184,
2026-09-30,x402.orthogonal.com,https://x402.orthogonal.com/scrapecreators/v1/tiktok/profile,GET,0x9edc06e69fbf71b191510ca9446fe09caa95668d,True,402,True,True,2,True,True,306,
2026-09-30,x402.orthogonal.com,https://x402.orthogonal.com/scrapecreators/v1/twitter/profile,GET,0x9edc06e69fbf71b191510ca9446fe09caa95668d,True,402,True,True,2,True,True,327,
2026-09-30,x402.orthogonal.com,https://x402.orthogonal.com/scrapecreators/v1/twitter/tweet,GET,0x9edc06e69fbf71b191510ca9446fe09caa95668d,True,402,True,True,2,True,True,170,
2026-09-30,x402.orthogonal.com,https://x402.orthogonal.com/scrapecreators/v2/instagram/user/posts,GET,0x9edc06e69fbf71b191510ca9446fe09caa95668d,True,402,True,True,2,True,True,181,
2026-09-30,x402.orthogonal.com,https://x402.orthogonal.com/serper/search,POST,0x1563cde0042d17f53b23d91fd9b73ace9da26a09,True,402,True,True,2,True,True,1755,
2026-09-30,x402.orthogonal.com,https://x402.orthogonal.com/vat-validation/v1/calculate,GET,0x3fb1413adb2aadb1c84f34e762d9cacfd8b068c1,True,402,True,True,2,True,True,276,
2026-09-30,x402.orthogonal.com,https://x402.orthogonal.com/vat-validation/v1/validate,GET,0x3fb1413adb2aadb1c84f34e762d9cacfd8b068c1,True,402,True,True,2,True,True,264,
2026-09-30,x402.ottoai.services,https://x402.ottoai.services/13d-activist-watch,GET,0x0e84ddedaae6a779c462c22a59f301ec31b6b808,True,402,True,True,2,True,True,256,
2026-09-30,x402.ottoai.services,https://x402.ottoai.services/domain-report,GET,0x0e84ddedaae6a779c462c22a59f301ec31b6b808,True,402,True,True,2,True,True,404,
2026-09-30,x402.ottoai.services,https://x402.ottoai.services/hyperliquid-account,GET,0x5bb4b0c766e0d5d791d9403fc275c22064709f68,True,402,True,True,2,True,True,243,
2026-09-30,x402.ottoai.services,https://x402.ottoai.services/hyperliquid-market,GET,0x5bb4b0c766e0d5d791d9403fc275c22064709f68,True,402,True,True,2,True,True,237,
2026-09-30,x402.ottoai.services,https://x402.ottoai.services/llm-research,POST,0x0e84ddedaae6a779c462c22a59f301ec31b6b808,True,402,True,True,2,True,True,239,
2026-09-30,x402.ottoai.services,https://x402.ottoai.services/stock-pools,GET,0x0e84ddedaae6a779c462c22a59f301ec31b6b808,True,402,True,True,2,True,True,253,
2026-09-30,x402.ottoai.services,https://x402.ottoai.services/transaction-history,GET,0x5bb4b0c766e0d5d791d9403fc275c22064709f68,True,402,True,True,2,True,True,248,
2026-09-30,x402.ottoai.services,https://x402.ottoai.services/whois-lookup,GET,0x0e84ddedaae6a779c462c22a59f301ec31b6b808,True,402,True,True,2,True,True,453,
2026-09-30,x402.ottoai.services,https://x402.ottoai.services/yield-markets,GET,0x5bb4b0c766e0d5d791d9403fc275c22064709f68,True,402,True,True,2,True,True,240,
2026-09-30,x402.ottoai.services,https://x402.ottoai.services/yield-recommendations,GET,0x5bb4b0c766e0d5d791d9403fc275c22064709f68,True,402,True,True,2,True,True,238,
2026-09-30,x402.payperbyte.io,https://x402.payperbyte.io/feeds/earthquakes,GET,0xffff4b8da8c165b556326453446f6940c8afe0db,True,402,True,True,2,True,True,185,
2026-09-30,x402.payperbyte.io,https://x402.payperbyte.io/feeds/merchant-screen,POST,0xffff4b8da8c165b556326453446f6940c8afe0db,True,402,True,True,2,True,True,324,
2026-09-30,x402.payperbyte.io,https://x402.payperbyte.io/feeds/regime-signal,POST,0xffff4b8da8c165b556326453446f6940c8afe0db,True,402,True,True,2,True,True,438,
2026-09-30,x402.payperbyte.io,https://x402.payperbyte.io/feeds/weather,GET,0xffff4b8da8c165b556326453446f6940c8afe0db,True,402,True,True,2,True,True,377,
2026-09-30,x402.professorsausages.com,https://x402.professorsausages.com/gas-oracle/:chain/history,GET,0x54ebfcf3870439b9db62381848c5dabc05c70d5b,True,400,True,False,,,,540,
2026-09-30,x402.professorsausages.com,https://x402.professorsausages.com/insider-trades/company/:idOrTicker/summary,GET,0x54ebfcf3870439b9db62381848c5dabc05c70d5b,True,400,True,False,,,,327,
2026-09-30,x402.professorsausages.com,https://x402.professorsausages.com/news/crypto,GET,0x54ebfcf3870439b9db62381848c5dabc05c70d5b,True,402,True,True,2,True,True,124,
2026-09-30,x402.professorsausages.com,https://x402.professorsausages.com/nft/:chain/wallet/:address,GET,0x54ebfcf3870439b9db62381848c5dabc05c70d5b,True,400,True,False,,,,344,
2026-09-30,x402.professorsausages.com,https://x402.professorsausages.com/nft/:chain/wallet/:address/scam-exposure,GET,0x54ebfcf3870439b9db62381848c5dabc05c70d5b,True,400,True,False,,,,466,
2026-09-30,x402.shizu.me,https://x402.shizu.me/bounty,GET,0x217e5fe265eb78b29067bf8324ef03a7d8e167c4,True,402,True,True,2,True,True,581,
2026-09-30,x402.shizu.me,https://x402.shizu.me/classify,POST,0x217e5fe265eb78b29067bf8324ef03a7d8e167c4,True,402,True,True,2,True,True,596,
2026-09-30,x402.shizu.me,https://x402.shizu.me/funding,GET,0x217e5fe265eb78b29067bf8324ef03a7d8e167c4,True,402,True,True,2,True,True,588,
2026-09-30,x402.shizu.me,https://x402.shizu.me/news,GET,0x217e5fe265eb78b29067bf8324ef03a7d8e167c4,True,402,True,True,2,True,True,764,
2026-09-30,x402.shizu.me,https://x402.shizu.me/x402audit,GET,0x217e5fe265eb78b29067bf8324ef03a7d8e167c4,True,402,True,True,2,True,True,594,
2026-09-30,x402.smartmoney.market,https://x402.smartmoney.market/congress,GET,0x7194ec1f397bb6c02c82a2d8eb57d32443fc5164,True,402,True,True,2,True,True,523,
2026-09-30,x402.smartmoney.market,https://x402.smartmoney.market/fund-snapshot,GET,0x7194ec1f397bb6c02c82a2d8eb57d32443fc5164,True,402,True,True,2,True,True,296,
2026-09-30,x402.smartmoney.market,https://x402.smartmoney.market/ticker-insider,GET,0x7194ec1f397bb6c02c82a2d8eb57d32443fc5164,True,402,True,True,2,True,True,304,
2026-09-30,x402.spendthebits.com,https://x402.spendthebits.com/x402/giftcards/quote/,POST,0xcab797230aa7a9caa2d6da4ac8b2a06416225ca9,True,402,True,True,2,True,True,157,
2026-09-30,x402.swaphunt.dev,https://x402.swaphunt.dev/v1/context/weekend-liquidity,GET,0xd6b585dd2f48263d08fb75ea28c1598d845d23a8,True,402,True,True,2,True,True,265,
2026-09-30,x402.swaphunt.dev,https://x402.swaphunt.dev/v1/events/macro,GET,0xd6b585dd2f48263d08fb75ea28c1598d845d23a8,True,402,True,True,2,True,True,693,
2026-09-30,x402.swaphunt.dev,https://x402.swaphunt.dev/v1/market/alt-season,GET,0xd6b585dd2f48263d08fb75ea28c1598d845d23a8,True,402,True,True,2,True,True,278,
2026-09-30,x402.swaphunt.dev,https://x402.swaphunt.dev/v1/sanity/is-this-a-dip,GET,0xd6b585dd2f48263d08fb75ea28c1598d845d23a8,True,402,True,True,2,True,True,605,
2026-09-30,x402.swaphunt.dev,https://x402.swaphunt.dev/v1/sanity/is-this-oversold,GET,0xd6b585dd2f48263d08fb75ea28c1598d845d23a8,True,402,True,True,2,True,True,610,
2026-09-30,x402.twit.sh,https://x402.twit.sh/communities/posts,GET,0x9dba414637c611a16bea6f0796bfcbcbdc410df8,True,402,True,True,2,True,True,211,
2026-09-30,x402.twit.sh,https://x402.twit.sh/lists/members,GET,0x9dba414637c611a16bea6f0796bfcbcbdc410df8,True,402,True,True,2,True,True,236,
2026-09-30,x402.twit.sh,https://x402.twit.sh/tweets/mediaUpload,POST,0x9dba414637c611a16bea6f0796bfcbcbdc410df8,True,402,True,True,2,True,True,236,
2026-09-30,x402.twit.sh,https://x402.twit.sh/tweets/replies,GET,0x9dba414637c611a16bea6f0796bfcbcbdc410df8,True,402,True,True,2,True,True,334,
2026-09-30,x402.twit.sh,https://x402.twit.sh/tweets/search,GET,0x9dba414637c611a16bea6f0796bfcbcbdc410df8,True,402,True,True,2,True,True,220,
2026-09-30,x402endpoint-924155002144.us-west2.run.app,https://x402endpoint-924155002144.us-west2.run.app/get-image,GET,0xc3426919d3c3e822fde601187ada28ef41c5f85d,True,402,True,True,2,True,True,127,
2026-09-30,x402endpoint-924155002144.us-west2.run.app,https://x402endpoint-924155002144.us-west2.run.app/nuclear-prep/,GET,0xc3426919d3c3e822fde601187ada28ef41c5f85d,True,402,True,True,2,True,True,93,
2026-09-30,x402endpoint-924155002144.us-west2.run.app,https://x402endpoint-924155002144.us-west2.run.app/nuclear-prep/:query,GET,0xc3426919d3c3e822fde601187ada28ef41c5f85d,True,402,True,True,2,True,True,142,
2026-09-30,x402endpoint-924155002144.us-west2.run.app,https://x402endpoint-924155002144.us-west2.run.app/nuclear-prep/medical,GET,0xc3426919d3c3e822fde601187ada28ef41c5f85d,True,402,True,True,2,True,True,202,
2026-09-30,x402endpoint-924155002144.us-west2.run.app,https://x402endpoint-924155002144.us-west2.run.app/weather/:galaxy,GET,0xc3426919d3c3e822fde601187ada28ef41c5f85d,True,402,True,True,2,True,True,134,
2026-09-30,x402endpoint-utiwoa54hq-uc.a.run.app,https://x402endpoint-utiwoa54hq-uc.a.run.app/auth,GET,0x3291e96b3bff7ed56e3ca8364273c5b4654b2b37,True,402,True,True,2,True,True,174,
2026-09-30,x402engine.app,https://x402engine.app/api/crypto/price,GET,0x7dd5be069f2d2ead75ec7c3423b116ff043c2629,True,402,True,True,2,True,True,141,
2026-09-30,x402engine.app,https://x402engine.app/api/llm/gemini-flash,POST,0x7dd5be069f2d2ead75ec7c3423b116ff043c2629,True,400,True,False,,,,248,
2026-09-30,x402engine.app,https://x402engine.app/api/llm/kimi,POST,0x7dd5be069f2d2ead75ec7c3423b116ff043c2629,True,400,True,False,,,,154,
2026-09-30,x402engine.app,https://x402engine.app/api/tts/elevenlabs,POST,0x7dd5be069f2d2ead75ec7c3423b116ff043c2629,True,402,True,True,2,True,True,135,
2026-09-30,x402factory.ai,https://x402factory.ai/base/coinprice,POST,0x402faccc3faeb72351cc2b68c7966faf5f22b0d4,True,402,True,True,1,True,True,428,
2026-09-30,x402factory.ai,https://x402factory.ai/base/xprofile,POST,0x402faccc3faeb72351cc2b68c7966faf5f22b0d4,True,402,True,True,1,True,True,340,
2026-09-30,x402lifeadvice.vercel.app,https://x402lifeadvice.vercel.app/api/life-advice,GET,0x1350a77befebbcc05f8e3a13cc6d4ad781c59d34,True,402,True,True,2,True,True,207,
2026-09-30,x402stock.xyz,https://x402stock.xyz/api/v1/fda/shortages,GET,0x3070fbb3803819fb5bdfe9286fdc6325a877fa85,True,402,True,True,2,True,True,390,
2026-09-30,x402stock.xyz,https://x402stock.xyz/api/v1/fear-greed/liquidity,GET,0x3070fbb3803819fb5bdfe9286fdc6325a877fa85,True,402,True,True,2,True,True,212,
2026-09-30,x402stock.xyz,https://x402stock.xyz/api/v1/national-debt,GET,0x3070fbb3803819fb5bdfe9286fdc6325a877fa85,True,402,True,True,2,True,True,217,
2026-09-30,x402stock.xyz,https://x402stock.xyz/api/v1/pce,GET,0x3070fbb3803819fb5bdfe9286fdc6325a877fa85,True,402,True,True,2,True,True,338,
2026-09-30,x402stock.xyz,https://x402stock.xyz/api/v1/solana/jlp,GET,0x3070fbb3803819fb5bdfe9286fdc6325a877fa85,True,402,True,True,2,True,True,269,
2026-09-30,x402tap.com,https://x402tap.com/api/gas-price,GET,0xb810b599bc730aa85800babe7f5d160524322c86,True,402,True,True,2,True,True,326,
2026-09-30,x402tap.com,https://x402tap.com/api/ping,GET,0xb810b599bc730aa85800babe7f5d160524322c86,True,500,True,False,,,,230,
2026-09-30,x402tap.com,https://x402tap.com/api/polymarket-markets,GET,0xb810b599bc730aa85800babe7f5d160524322c86,True,402,True,True,2,True,True,226,
2026-09-30,x402tap.com,https://x402tap.com/api/rpc,GET,0xb810b599bc730aa85800babe7f5d160524322c86,True,402,True,True,2,True,True,276,
2026-09-30,x402tap.com,https://x402tap.com/api/weather,GET,0xb810b599bc730aa85800babe7f5d160524322c86,True,402,True,True,2,True,True,235,
2026-09-30,x402toll.com,https://x402toll.com/v1/commerce/tip-split,POST,0x1c9923489cd7d75dd2f6735c48090b8bd4c7e5a9,True,402,True,True,2,True,True,272,
2026-09-30,x402toll.com,https://x402toll.com/v1/paycheck,POST,0x1c9923489cd7d75dd2f6735c48090b8bd4c7e5a9,True,402,True,True,2,True,True,271,
2026-09-30,x402uselessfacts.vercel.app,https://x402uselessfacts.vercel.app/api/useless-fact,GET,0xd7d49d6a12ee3852f29a52a40908069bf4e48914,True,402,True,True,2,True,True,198,
2026-09-30,x402wordoftheday.vercel.app,https://x402wordoftheday.vercel.app/api/word-of-the-day,GET,0x2af91df69bd04ccf82d6477adc046c815b7ae129,True,402,True,True,2,True,True,179,
2026-09-30,xhagents.xyz,https://xhagents.xyz/api/howto/vps-gdrive-connect,POST,0x6cb53f00a586f7704e1f7121c2e397b579eb3ed0,True,402,True,True,2,True,True,996,
2026-09-30,xhagents.xyz,https://xhagents.xyz/api/howto/x402-register,POST,0x6cb53f00a586f7704e1f7121c2e397b579eb3ed0,True,402,True,True,2,True,True,1213,
2026-09-30,xhagents.xyz,https://xhagents.xyz/api/howto/youtube-auto-ai,POST,0x6cb53f00a586f7704e1f7121c2e397b579eb3ed0,True,402,True,True,2,True,True,1003,
2026-09-30,xhagents.xyz,https://xhagents.xyz/api/kb/ask,POST,0x6cb53f00a586f7704e1f7121c2e397b579eb3ed0,True,402,True,True,2,True,True,598,
2026-09-30,xhagents.xyz,https://xhagents.xyz/api/payment-verify,POST,0x6cb53f00a586f7704e1f7121c2e397b579eb3ed0,True,402,True,True,2,True,True,995,
2026-09-30,xmedia.use.x402atlas.com,https://xmedia.use.x402atlas.com/tweet,GET,0xb708af3bce13517357e498f8ffd277de93db9ef5,True,402,True,True,2,True,True,296,
2026-09-30,zaref.dev,https://zaref.dev/v1/bond-yields,GET,0x6382e6929a20b7eb02bdacfb5368362984b24c15,True,402,True,True,2,True,True,398,
2026-09-30,zaref.dev,https://zaref.dev/v1/changes,GET,0x6382e6929a20b7eb02bdacfb5368362984b24c15,True,402,True,True,2,True,True,391,
2026-09-30,zaref.dev,https://zaref.dev/v1/crypto-prices,GET,0x6382e6929a20b7eb02bdacfb5368362984b24c15,True,402,True,True,2,True,True,1038,
2026-09-30,zaref.dev,https://zaref.dev/v1/fuel-prices,GET,0x6382e6929a20b7eb02bdacfb5368362984b24c15,True,402,True,True,2,True,True,1085,
2026-09-30,zaref.dev,https://zaref.dev/v1/repo-prime,GET,0x6382e6929a20b7eb02bdacfb5368362984b24c15,True,402,True,True,2,True,True,980,
2026-09-30,zeroclass.pay.zeroclick.io,https://zeroclass.pay.zeroclick.io/v1/rules,GET,0xa7325ad60f46a05db8645a267d6c99321431b3eb,True,402,True,True,2,True,True,333,
2026-09-30,zeroclick.affiliate.com,https://zeroclick.affiliate.com/v1/tools/convert/asin-to-barcode,POST,0x6e9c2ebca537f861fe9242f8f974d99b3df762b2,True,402,True,True,2,True,True,455,
2026-09-30,zeroclick.affiliate.com,https://zeroclick.affiliate.com/v1/tools/convert/barcode-to-sku,POST,0x6e9c2ebca537f861fe9242f8f974d99b3df762b2,True,402,True,True,2,True,True,550,
2026-09-30,zeroclick.affiliate.com,https://zeroclick.affiliate.com/v1/tools/convert/sku-to-barcode,POST,0x6e9c2ebca537f861fe9242f8f974d99b3df762b2,True,402,True,True,2,True,True,657,
2026-09-30,zeroclick.affiliate.com,https://zeroclick.affiliate.com/v1/tools/convert/url-to-barcode,POST,0x6e9c2ebca537f861fe9242f8f974d99b3df762b2,True,402,True,True,2,True,True,613,
2026-09-30,zeroworker-mcp-preflight-api.zeroworker-lab.workers.dev,https://zeroworker-mcp-preflight-api.zeroworker-lab.workers.dev/v1/analyze,POST,0xad277cf8b5d9fa5008d06cbdbe349f5df3c0cc8f,True,402,True,True,2,True,True,531,
2026-09-30,zeroworker-security-api.zeroworker-lab.workers.dev,https://zeroworker-security-api.zeroworker-lab.workers.dev/v1/prioritize,POST,0xad277cf8b5d9fa5008d06cbdbe349f5df3c0cc8f,True,400,True,False,,,,275,
2026-09-30,zeroworker-web-action-api.zeroworker-lab.workers.dev,https://zeroworker-web-action-api.zeroworker-lab.workers.dev/v1/preflight,POST,0xad277cf8b5d9fa5008d06cbdbe349f5df3c0cc8f,True,422,True,False,,,,328,
2026-09-30,10x402.com,https://10x402.com/lint/envelope,POST,0x885e7bef433eb78f5976b28a7c10739c98db11e5,False,402,True,True,2,True,True,284,
2026-09-30,10x402.com,https://10x402.com/monitor/receipt,POST,0x885e7bef433eb78f5976b28a7c10739c98db11e5,False,402,True,True,2,True,True,276,
2026-09-30,2-28-111-166.sslip.io,https://2-28-111-166.sslip.io/v1/rewrite,POST,0x9cd9d96ded1522b0a086c712d6860ea0cd834c46,False,400,True,False,,,,581,
2026-09-30,402oracle.com,https://402oracle.com/verify/business,POST,0x7a19cd388c7f69145fef09b960853e0a429b6f4a,False,402,True,True,2,True,True,138,
2026-09-30,402sentinel.com,https://402sentinel.com/api/assess/deep,POST,0x1a9fa76f5b420e85de147c4419638bebe64d6de5,False,402,True,True,2,True,True,630,
2026-09-30,5108-x402.community.iamstarchild.com,https://5108-x402.community.iamstarchild.com/bazaar/crypto/price,GET,0xa709b6534f392c5f4cfb986a329b734ecddc8c6f,False,402,True,True,2,True,True,188,
2026-09-30,87-106-119-237.sslip.io,https://87-106-119-237.sslip.io/api/convert-weight,GET,0xb847fe425f54cbc586f8e735ae4270b82119771e,False,402,True,True,2,True,True,570,
2026-09-30,a2apay.io,https://a2apay.io/api/agent-service,POST,0x0928b96e482676440ea91f547a49aadbdc1a7eb9,False,402,True,True,2,True,True,292,
2026-09-30,aayatai.com,https://aayatai.com/company/profile,GET,0xba7d7dca32b3659dbab451e5b408ff8f23f13442,False,402,True,True,2,True,True,94,
2026-09-30,aayatai.com,https://aayatai.com/crawl,GET,0xba7d7dca32b3659dbab451e5b408ff8f23f13442,False,402,True,True,2,True,True,992,
2026-09-30,aayatai.com,https://aayatai.com/cve,GET,0xba7d7dca32b3659dbab451e5b408ff8f23f13442,False,402,True,True,2,True,True,93,
2026-09-30,aayatai.com,https://aayatai.com/image/caption,GET,0xba7d7dca32b3659dbab451e5b408ff8f23f13442,False,402,True,True,2,True,True,1168,
2026-09-30,aayatai.com,https://aayatai.com/news,GET,0xba7d7dca32b3659dbab451e5b408ff8f23f13442,False,402,True,True,2,True,True,995,
2026-09-30,aayatai.com,https://aayatai.com/page/changes/summary,POST,0xba7d7dca32b3659dbab451e5b408ff8f23f13442,False,402,True,True,2,True,True,111,
2026-09-30,aayatai.com,https://aayatai.com/repo/health,GET,0xba7d7dca32b3659dbab451e5b408ff8f23f13442,False,402,True,True,2,True,True,95,
2026-09-30,aayatai.com,https://aayatai.com/seo/audit,GET,0xba7d7dca32b3659dbab451e5b408ff8f23f13442,False,402,True,True,2,True,True,92,
2026-09-30,aayatai.com,https://aayatai.com/token/new,GET,0xba7d7dca32b3659dbab451e5b408ff8f23f13442,False,402,True,True,2,True,True,952,
2026-09-30,aayatai.com,https://aayatai.com/token/price,GET,0xba7d7dca32b3659dbab451e5b408ff8f23f13442,False,402,True,True,2,True,True,1101,
2026-09-30,aayatai.com,https://aayatai.com/token/unlocks,GET,0xba7d7dca32b3659dbab451e5b408ff8f23f13442,False,402,True,True,2,True,True,105,
2026-09-30,aayatai.com,https://aayatai.com/uk/area,GET,0xba7d7dca32b3659dbab451e5b408ff8f23f13442,False,402,True,True,2,True,True,1183,
2026-09-30,aayatai.com,https://aayatai.com/wallet/risk,GET,0xba7d7dca32b3659dbab451e5b408ff8f23f13442,False,402,True,True,2,True,True,1009,
2026-09-30,aayatai.com,https://aayatai.com/x402/find,GET,0xba7d7dca32b3659dbab451e5b408ff8f23f13442,False,402,True,True,2,True,True,124,
2026-09-30,aep-api.fly.dev,https://aep-api.fly.dev/v1/citation-report/large,POST,0xf184b4ed26e0866417487c56acda10ddb5411e9d,False,402,True,True,2,True,False,189,
2026-09-30,agdata.shveik.dev,https://agdata.shveik.dev/x402/google-search,POST,0xbba594f5549392df7a8182049291b605948f5f86,False,402,True,True,2,False,True,628,
2026-09-30,agdata.shveik.dev,https://agdata.shveik.dev/x402/youtube,POST,0xbba594f5549392df7a8182049291b605948f5f86,False,402,True,True,2,False,True,545,
2026-09-30,agent-api-production.tim1712.workers.dev,https://agent-api-production.tim1712.workers.dev/v1/business/eu-vat-check,POST,0x5229384bd502d85aa7eca0a31b515e5e48d3910f,False,402,True,True,2,True,True,379,
2026-09-30,agent-reader.gm-tools.workers.dev,https://agent-reader.gm-tools.workers.dev/v1/meta,GET,0x9a62b1fc2337a9437038d97105f75c369505b563,False,402,True,True,2,True,True,980,
2026-09-30,agent.apiguru.app,https://agent.apiguru.app/agent/v1/product,GET,0x766b4cc27333955bbb163a61e2b85afa6e491422,False,402,True,True,2,True,True,664,
2026-09-30,agent.apiguru.app,https://agent.apiguru.app/agent/v1/search,GET,0x766b4cc27333955bbb163a61e2b85afa6e491422,False,402,True,True,2,True,True,603,
2026-09-30,agent.apiguru.app,https://agent.apiguru.app/agent/v1/v2/deals,GET,0x766b4cc27333955bbb163a61e2b85afa6e491422,False,402,True,True,2,True,True,611,
2026-09-30,agentforge-taupe.vercel.app,https://agentforge-taupe.vercel.app/v1/contract-monitor,POST,0xfa6f352e71c44d217df04ecad902c82b72d2378c,False,402,True,True,2,True,True,237,
2026-09-30,agentforge-taupe.vercel.app,https://agentforge-taupe.vercel.app/v1/pool-snapshot,GET,0xfa6f352e71c44d217df04ecad902c82b72d2378c,False,402,True,True,2,True,True,214,
2026-09-30,agentic-x402.ai,https://agentic-x402.ai/api,GET,0x0bfd52ea41841d0f1121399167bfe36781d40ebb,False,402,True,True,2,True,True,409,
2026-09-30,agentrisk.dev,https://agentrisk.dev/scan,GET,0x42baa7debbb71afb90f14d0352f0390ae0c35abb,False,402,True,True,2,True,True,618,
2026-09-30,agents.allium.so,https://agents.allium.so/api/v1/developer/wallet/balances/history,POST,0x2042aaad6e72f8beeb82f4325ef3896774bc7a12,False,402,True,True,2,True,False,1073,
2026-09-30,agents.allium.so,https://agents.allium.so/api/v1/explorer/queries/run-async,POST,0xf9de04c532beb059d48291fc7ee69e260c7ebe0a,False,402,True,True,2,True,False,889,
2026-09-30,agents.bytemine.ai,https://agents.bytemine.ai/functions/v1/api-gateway/v1/intent/score,POST,0xe84185f9fdb32c5bfe679f025ccf86491157f6f2,False,402,True,True,2,,False,1862,
2026-09-30,agents.dyoeway.org,https://agents.dyoeway.org/audit,GET,0x834b189a1c087d0af169a905454979952f59e8ac,False,402,True,True,2,True,True,250,
2026-09-30,agents.dyoeway.org,https://agents.dyoeway.org/market,GET,0x834b189a1c087d0af169a905454979952f59e8ac,False,402,True,True,2,True,True,343,
2026-09-30,agents.dyoeway.org,https://agents.dyoeway.org/reputation,GET,0x834b189a1c087d0af169a905454979952f59e8ac,False,402,True,True,2,True,True,275,
2026-09-30,agents.getardaro.com,https://agents.getardaro.com/v1/receipt-intelligence/analyze,POST,0x32c50a19e5f8fa5157e5e441be0ccf4933728a28,False,402,True,True,2,True,True,300,
2026-09-30,agentshelf.syntexa.ch,https://agentshelf.syntexa.ch/v1/check-color-rgb,POST,0x1d61faa032d3f40d9c470d2bf3a3f53de0e55a38,False,402,True,True,2,True,True,552,
2026-09-30,agentshelf.syntexa.ch,https://agentshelf.syntexa.ch/v1/check-date-unix-ms,POST,0x1d61faa032d3f40d9c470d2bf3a3f53de0e55a38,False,402,True,True,2,True,True,545,
2026-09-30,agentshelf.syntexa.ch,https://agentshelf.syntexa.ch/v1/check-email-plus-reject,POST,0x1d61faa032d3f40d9c470d2bf3a3f53de0e55a38,False,402,True,True,2,True,True,555,
2026-09-30,agentshelf.syntexa.ch,https://agentshelf.syntexa.ch/v1/check-iban-bh,POST,0x1d61faa032d3f40d9c470d2bf3a3f53de0e55a38,False,402,True,True,2,True,True,551,
2026-09-30,agentshelf.syntexa.ch,https://agentshelf.syntexa.ch/v1/check-iban-do,POST,0x1d61faa032d3f40d9c470d2bf3a3f53de0e55a38,False,402,True,True,2,True,True,527,
2026-09-30,agentshelf.syntexa.ch,https://agentshelf.syntexa.ch/v1/check-iban-eg,POST,0x1d61faa032d3f40d9c470d2bf3a3f53de0e55a38,False,402,True,True,2,True,True,529,
2026-09-30,agentshelf.syntexa.ch,https://agentshelf.syntexa.ch/v1/check-iban-fi,POST,0x1d61faa032d3f40d9c470d2bf3a3f53de0e55a38,False,402,True,True,2,True,True,531,
2026-09-30,agentshelf.syntexa.ch,https://agentshelf.syntexa.ch/v1/check-iban-ge,POST,0x1d61faa032d3f40d9c470d2bf3a3f53de0e55a38,False,402,True,True,2,True,True,540,
2026-09-30,agentshelf.syntexa.ch,https://agentshelf.syntexa.ch/v1/check-iban-il,POST,0x1d61faa032d3f40d9c470d2bf3a3f53de0e55a38,False,402,True,True,2,True,True,532,
2026-09-30,agentshelf.syntexa.ch,https://agentshelf.syntexa.ch/v1/check-iban-li,POST,0x1d61faa032d3f40d9c470d2bf3a3f53de0e55a38,False,402,True,True,2,True,True,555,
2026-09-30,agentshelf.syntexa.ch,https://agentshelf.syntexa.ch/v1/check-iban-md,POST,0x1d61faa032d3f40d9c470d2bf3a3f53de0e55a38,False,402,True,True,2,True,True,541,
2026-09-30,agentshelf.syntexa.ch,https://agentshelf.syntexa.ch/v1/check-iban-mk,POST,0x1d61faa032d3f40d9c470d2bf3a3f53de0e55a38,False,402,True,True,2,True,True,547,
2026-09-30,agentshelf.syntexa.ch,https://agentshelf.syntexa.ch/v1/check-iban-tr,POST,0x1d61faa032d3f40d9c470d2bf3a3f53de0e55a38,False,402,True,True,2,True,True,542,
2026-09-30,agentshelf.syntexa.ch,https://agentshelf.syntexa.ch/v1/check-ip-cidr4,POST,0x1d61faa032d3f40d9c470d2bf3a3f53de0e55a38,False,402,True,True,2,True,True,540,
2026-09-30,agentshelf.syntexa.ch,https://agentshelf.syntexa.ch/v1/check-ip-cidr6,POST,0x1d61faa032d3f40d9c470d2bf3a3f53de0e55a38,False,402,True,True,2,True,True,545,
2026-09-30,agentshelf.syntexa.ch,https://agentshelf.syntexa.ch/v1/check-ip-ipv6,POST,0x1d61faa032d3f40d9c470d2bf3a3f53de0e55a38,False,402,True,True,2,True,True,544,
2026-09-30,agentshelf.syntexa.ch,https://agentshelf.syntexa.ch/v1/check-mac-colon,POST,0x1d61faa032d3f40d9c470d2bf3a3f53de0e55a38,False,402,True,True,2,True,True,564,
2026-09-30,agentshelf.syntexa.ch,https://agentshelf.syntexa.ch/v1/check-schema-draft-06,POST,0x1d61faa032d3f40d9c470d2bf3a3f53de0e55a38,False,402,True,True,2,True,True,550,
2026-09-30,agentshelf.syntexa.ch,https://agentshelf.syntexa.ch/v1/check-schema-draft-07,POST,0x1d61faa032d3f40d9c470d2bf3a3f53de0e55a38,False,402,True,True,2,True,True,539,
2026-09-30,agentshelf.syntexa.ch,https://agentshelf.syntexa.ch/v1/check-url-http,POST,0x1d61faa032d3f40d9c470d2bf3a3f53de0e55a38,False,402,True,True,2,True,True,560,
2026-09-30,agentshelf.syntexa.ch,https://agentshelf.syntexa.ch/v1/check-vat-be,POST,0x1d61faa032d3f40d9c470d2bf3a3f53de0e55a38,False,402,True,True,2,True,True,554,
2026-09-30,agentshelf.syntexa.ch,https://agentshelf.syntexa.ch/v1/check-vat-fr,POST,0x1d61faa032d3f40d9c470d2bf3a3f53de0e55a38,False,402,True,True,2,True,True,557,
2026-09-30,agentshelf.syntexa.ch,https://agentshelf.syntexa.ch/v1/cron-next-5-8,POST,0x1d61faa032d3f40d9c470d2bf3a3f53de0e55a38,False,402,True,True,2,True,True,547,
2026-09-30,agentshelf.syntexa.ch,https://agentshelf.syntexa.ch/v1/digest-blake2b512-base32-rawhex,POST,0x1d61faa032d3f40d9c470d2bf3a3f53de0e55a38,False,402,True,True,2,True,True,537,
2026-09-30,agentshelf.syntexa.ch,https://agentshelf.syntexa.ch/v1/digest-blake2b512-base64url-utf16,POST,0x1d61faa032d3f40d9c470d2bf3a3f53de0e55a38,False,402,True,True,2,True,True,538,
2026-09-30,agentshelf.syntexa.ch,https://agentshelf.syntexa.ch/v1/digest-blake2s256-base32-utf16,POST,0x1d61faa032d3f40d9c470d2bf3a3f53de0e55a38,False,402,True,True,2,True,True,564,
2026-09-30,agentshelf.syntexa.ch,https://agentshelf.syntexa.ch/v1/digest-blake2s256-base64-latin1,POST,0x1d61faa032d3f40d9c470d2bf3a3f53de0e55a38,False,402,True,True,2,True,True,543,
2026-09-30,agentshelf.syntexa.ch,https://agentshelf.syntexa.ch/v1/digest-md5-base32-latin1,POST,0x1d61faa032d3f40d9c470d2bf3a3f53de0e55a38,False,402,True,True,2,True,True,543,
2026-09-30,agentshelf.syntexa.ch,https://agentshelf.syntexa.ch/v1/digest-md5-base64-rawhex,POST,0x1d61faa032d3f40d9c470d2bf3a3f53de0e55a38,False,402,True,True,2,True,True,554,
2026-09-30,agentshelf.syntexa.ch,https://agentshelf.syntexa.ch/v1/digest-ripemd160-hex-rawhex,POST,0x1d61faa032d3f40d9c470d2bf3a3f53de0e55a38,False,402,True,True,2,True,True,763,
2026-09-30,agentshelf.syntexa.ch,https://agentshelf.syntexa.ch/v1/digest-ripemd160-hex-utf16,POST,0x1d61faa032d3f40d9c470d2bf3a3f53de0e55a38,False,402,True,True,2,True,True,555,
2026-09-30,agentshelf.syntexa.ch,https://agentshelf.syntexa.ch/v1/digest-sha256-base32-rawhex,POST,0x1d61faa032d3f40d9c470d2bf3a3f53de0e55a38,False,402,True,True,2,True,True,547,
2026-09-30,agentshelf.syntexa.ch,https://agentshelf.syntexa.ch/v1/digest-sha256-base64-rawhex,POST,0x1d61faa032d3f40d9c470d2bf3a3f53de0e55a38,False,402,True,True,2,True,True,556,
2026-09-30,agentshelf.syntexa.ch,https://agentshelf.syntexa.ch/v1/digest-sha256-hex-rawhex,POST,0x1d61faa032d3f40d9c470d2bf3a3f53de0e55a38,False,402,True,True,2,True,True,526,
2026-09-30,agentshelf.syntexa.ch,https://agentshelf.syntexa.ch/v1/digest-sha3-224-base64-utf16,POST,0x1d61faa032d3f40d9c470d2bf3a3f53de0e55a38,False,402,True,True,2,True,True,554,
2026-09-30,agentshelf.syntexa.ch,https://agentshelf.syntexa.ch/v1/digest-sha3-224-hex-latin1,POST,0x1d61faa032d3f40d9c470d2bf3a3f53de0e55a38,False,402,True,True,2,True,True,547,
2026-09-30,agentshelf.syntexa.ch,https://agentshelf.syntexa.ch/v1/digest-sha3-224-hex-rawhex,POST,0x1d61faa032d3f40d9c470d2bf3a3f53de0e55a38,False,402,True,True,2,True,True,547,
2026-09-30,agentshelf.syntexa.ch,https://agentshelf.syntexa.ch/v1/digest-sha3-256-base64-rawhex,POST,0x1d61faa032d3f40d9c470d2bf3a3f53de0e55a38,False,402,True,True,2,True,True,553,
2026-09-30,agentshelf.syntexa.ch,https://agentshelf.syntexa.ch/v1/digest-sha3-384-base64url-latin1,POST,0x1d61faa032d3f40d9c470d2bf3a3f53de0e55a38,False,402,True,True,2,True,True,559,
2026-09-30,agentshelf.syntexa.ch,https://agentshelf.syntexa.ch/v1/digest-sha3-512-base64-utf16,POST,0x1d61faa032d3f40d9c470d2bf3a3f53de0e55a38,False,402,True,True,2,True,True,537,
2026-09-30,agentshelf.syntexa.ch,https://agentshelf.syntexa.ch/v1/digest-sha3-512-hex-rawhex,POST,0x1d61faa032d3f40d9c470d2bf3a3f53de0e55a38,False,402,True,True,2,True,True,543,
2026-09-30,agentshelf.syntexa.ch,https://agentshelf.syntexa.ch/v1/digest-sha384-base32-utf16,POST,0x1d61faa032d3f40d9c470d2bf3a3f53de0e55a38,False,402,True,True,2,True,True,554,
2026-09-30,agentshelf.syntexa.ch,https://agentshelf.syntexa.ch/v1/digest-sha384-base64url-rawhex,POST,0x1d61faa032d3f40d9c470d2bf3a3f53de0e55a38,False,402,True,True,2,True,True,539,
2026-09-30,agentshelf.syntexa.ch,https://agentshelf.syntexa.ch/v1/digest-sha512-256-base32-latin1,POST,0x1d61faa032d3f40d9c470d2bf3a3f53de0e55a38,False,402,True,True,2,True,True,533,
2026-09-30,agentshelf.syntexa.ch,https://agentshelf.syntexa.ch/v1/digest-sha512-256-base64url-latin1,POST,0x1d61faa032d3f40d9c470d2bf3a3f53de0e55a38,False,402,True,True,2,True,True,575,
2026-09-30,agentshelf.syntexa.ch,https://agentshelf.syntexa.ch/v1/digest-sha512-base32-utf16,POST,0x1d61faa032d3f40d9c470d2bf3a3f53de0e55a38,False,402,True,True,2,True,True,545,
2026-09-30,agentshelf.syntexa.ch,https://agentshelf.syntexa.ch/v1/digest-sha512-base64url-latin1,POST,0x1d61faa032d3f40d9c470d2bf3a3f53de0e55a38,False,402,True,True,2,True,True,544,
2026-09-30,agentshelf.syntexa.ch,https://agentshelf.syntexa.ch/v1/digest-sha512-base64url-rawhex,POST,0x1d61faa032d3f40d9c470d2bf3a3f53de0e55a38,False,402,True,True,2,True,True,551,
2026-09-30,agentshelf.syntexa.ch,https://agentshelf.syntexa.ch/v1/json-drop-null,POST,0x1d61faa032d3f40d9c470d2bf3a3f53de0e55a38,False,402,True,True,2,True,True,566,
2026-09-30,agentshelf.syntexa.ch,https://agentshelf.syntexa.ch/v1/json-pretty-tab,POST,0x1d61faa032d3f40d9c470d2bf3a3f53de0e55a38,False,402,True,True,2,True,True,548,
2026-09-30,agentshelf.syntexa.ch,https://agentshelf.syntexa.ch/v1/lines-drop-empty,POST,0x1d61faa032d3f40d9c470d2bf3a3f53de0e55a38,False,402,True,True,2,True,True,545,
2026-09-30,agentshelf.syntexa.ch,https://agentshelf.syntexa.ch/v1/lines-unique,POST,0x1d61faa032d3f40d9c470d2bf3a3f53de0e55a38,False,402,True,True,2,True,True,559,
2026-09-30,agentshelf.syntexa.ch,https://agentshelf.syntexa.ch/v1/ngram-byte-1,POST,0x1d61faa032d3f40d9c470d2bf3a3f53de0e55a38,False,402,True,True,2,True,True,556,
2026-09-30,agentshelf.syntexa.ch,https://agentshelf.syntexa.ch/v1/redact-mac,POST,0x1d61faa032d3f40d9c470d2bf3a3f53de0e55a38,False,402,True,True,2,True,True,539,
2026-09-30,agentshelf.syntexa.ch,https://agentshelf.syntexa.ch/v1/redact-pem,POST,0x1d61faa032d3f40d9c470d2bf3a3f53de0e55a38,False,402,True,True,2,True,True,548,
2026-09-30,agentshelf.syntexa.ch,https://agentshelf.syntexa.ch/v1/regex-arxiv,POST,0x1d61faa032d3f40d9c470d2bf3a3f53de0e55a38,False,402,True,True,2,True,True,562,
2026-09-30,agentshelf.syntexa.ch,https://agentshelf.syntexa.ch/v1/regex-ipv6,POST,0x1d61faa032d3f40d9c470d2bf3a3f53de0e55a38,False,402,True,True,2,True,True,560,
2026-09-30,agentshelf.syntexa.ch,https://agentshelf.syntexa.ch/v1/regex-orcid,POST,0x1d61faa032d3f40d9c470d2bf3a3f53de0e55a38,False,402,True,True,2,True,True,546,
2026-09-30,agentshelf.syntexa.ch,https://agentshelf.syntexa.ch/v1/regex-time,POST,0x1d61faa032d3f40d9c470d2bf3a3f53de0e55a38,False,402,True,True,2,True,True,544,
2026-09-30,agentshelf.syntexa.ch,https://agentshelf.syntexa.ch/v1/regex-url,POST,0x1d61faa032d3f40d9c470d2bf3a3f53de0e55a38,False,402,True,True,2,True,True,556,
2026-09-30,agenttrust.uk,https://agenttrust.uk/v1/scan,POST,0xe08e64d4044cd7ce4bfbb44d908e358c4eafde09,False,402,True,True,2,True,True,474,
2026-09-30,ai.stable-jack.com,https://ai.stable-jack.com/x402/tools/onchain_user_activity,POST,0x68b7e8be8f1a62f99e37f1ac191dd23486e8a2ad,False,400,True,False,,,,184,
2026-09-30,aiagentsarchive.com,https://aiagentsarchive.com/api/handoffs/AAA-2474/body,GET,0x2be121e010deb3c6c3a9442021e9217356f43580,False,402,True,True,2,True,True,194,
2026-09-30,aicomglobal.com,https://aicomglobal.com/agora/message,POST,0x671eae6b65be7282c0ce74016d22a3d579e7834e,False,503,True,False,,,,301,
2026-09-30,ali-acids-helmet-cindy.trycloudflare.com,https://ali-acids-helmet-cindy.trycloudflare.com/api/check,GET,0x16706c173e945a1949695a2517b32f635e50fd4d,False,402,True,True,2,True,True,1290,
2026-09-30,alpha402x.com,https://alpha402x.com/wacc-build/AAPL/fye-2025-09-27,GET,0x73ace32013985f715b5e00e5a341259cce17d220,False,402,True,True,2,True,True,1124,
2026-09-30,alphapipeline-eu.onrender.com,https://alphapipeline-eu.onrender.com/v1/calendar/macro-dday,GET,0x2bcfa4f7e1fa5e96934846a7dea623398ed7f752,False,402,True,True,2,True,True,296,
2026-09-30,alphapipeline-eu.onrender.com,https://alphapipeline-eu.onrender.com/v1/dex/liquidity-slippage,GET,0x2bcfa4f7e1fa5e96934846a7dea623398ed7f752,False,402,True,True,2,True,True,697,
2026-09-30,amanchain-relay.gitajhd.workers.dev,https://amanchain-relay.gitajhd.workers.dev/api/x402/aman-crypto-prices,POST,0xfb5625d44be488414606773244f0de35410b2f39,False,402,True,True,2,False,True,410,
2026-09-30,amanchain-relay.gitajhd.workers.dev,https://amanchain-relay.gitajhd.workers.dev/api/x402/aman-ens-resolve,POST,0xfb5625d44be488414606773244f0de35410b2f39,False,402,True,True,2,False,True,598,
2026-09-30,amanchain-relay.gitajhd.workers.dev,https://amanchain-relay.gitajhd.workers.dev/api/x402/aman-keywords,POST,0xfb5625d44be488414606773244f0de35410b2f39,False,402,True,True,2,False,True,590,
2026-09-30,amanchain-relay.gitajhd.workers.dev,https://amanchain-relay.gitajhd.workers.dev/api/x402/aman-market-summary,POST,0xfb5625d44be488414606773244f0de35410b2f39,False,402,True,True,2,False,True,1037,
2026-09-30,amanchain-relay.gitajhd.workers.dev,https://amanchain-relay.gitajhd.workers.dev/api/x402/aman-weather,POST,0xfb5625d44be488414606773244f0de35410b2f39,False,402,True,True,2,False,True,1407,
2026-09-30,anime-intelligence.goodmy0312.workers.dev,https://anime-intelligence.goodmy0312.workers.dev/v1/deadline,GET,,False,402,True,True,2,,,261,
2026-09-30,anime-intelligence.goodmy0312.workers.dev,https://anime-intelligence.goodmy0312.workers.dev/v1/landed-cost,GET,,False,402,True,True,2,,,376,
2026-09-30,answerpool.io,https://answerpool.io/v1/graph/subsidiaries,GET,0xb3ba3ca99f9742b32fc527cf62688c83b39aed8c,False,402,True,True,2,True,True,257,
2026-09-30,answerpool.io,https://answerpool.io/v1/impact/company,GET,0xb3ba3ca99f9742b32fc527cf62688c83b39aed8c,False,402,True,True,2,True,True,274,
2026-09-30,answerpool.io,https://answerpool.io/v1/impact/docket,GET,0xb3ba3ca99f9742b32fc527cf62688c83b39aed8c,False,402,True,True,2,True,True,273,
2026-09-30,answerpool.io,https://answerpool.io/v1/impact/rule,GET,0xb3ba3ca99f9742b32fc527cf62688c83b39aed8c,False,402,True,True,2,True,True,285,
2026-09-30,answerpool.io,https://answerpool.io/v1/peers/similar,GET,0xb3ba3ca99f9742b32fc527cf62688c83b39aed8c,False,402,True,True,2,True,True,283,
2026-09-30,answerpool.io,https://answerpool.io/v1/regs/effective,GET,0xb3ba3ca99f9742b32fc527cf62688c83b39aed8c,False,402,True,True,2,True,True,264,
2026-09-30,answerpool.io,https://answerpool.io/v1/sec/8k,GET,0xb3ba3ca99f9742b32fc527cf62688c83b39aed8c,False,200,True,False,,,,282,
2026-09-30,answerpool.io,https://answerpool.io/v1/sec/8k/officer-change,GET,0xb3ba3ca99f9742b32fc527cf62688c83b39aed8c,False,402,True,True,2,True,True,277,
2026-09-30,answerpool.io,https://answerpool.io/v1/sec/filings/cadence,GET,0xb3ba3ca99f9742b32fc527cf62688c83b39aed8c,False,402,True,True,2,True,True,278,
2026-09-30,answerpool.io,https://answerpool.io/v1/sec/formd/funds,GET,0xb3ba3ca99f9742b32fc527cf62688c83b39aed8c,False,200,True,False,,,,309,
2026-09-30,answerpool.io,https://answerpool.io/v1/sec/insider/screen,GET,0xb3ba3ca99f9742b32fc527cf62688c83b39aed8c,False,402,True,True,2,True,True,288,
2026-09-30,answerpool.io,https://answerpool.io/v1/sec/trends/form,GET,0xb3ba3ca99f9742b32fc527cf62688c83b39aed8c,False,402,True,True,2,True,True,322,
2026-09-30,answerpool.io,https://answerpool.io/v1/sec/xbrl/frame,GET,0xb3ba3ca99f9742b32fc527cf62688c83b39aed8c,False,402,True,True,2,True,True,293,
2026-09-30,answerpool.io,https://answerpool.io/v1/technology/momentum,GET,0xb3ba3ca99f9742b32fc527cf62688c83b39aed8c,False,402,True,True,2,True,True,261,
2026-09-30,api-dev.cueframe.ai,https://api-dev.cueframe.ai/v1/projects,POST,,False,402,True,True,2,,,1132,
2026-09-30,api.aestheticdata.io,https://api.aestheticdata.io/x402/brands,GET,0x407ebfbe56172fac4795541eb5aef6f463cfc868,False,402,True,True,2,True,True,390,
2026-09-30,api.agent-payload-tools.workers.dev,https://api.agent-payload-tools.workers.dev/payload-inspect,POST,0x6b2683f66d35b91ed05a1646c0305b02260b6acb,False,402,True,True,2,True,True,598,
2026-09-30,api.agent-payload-tools.workers.dev,https://api.agent-payload-tools.workers.dev/text-diff,POST,0x6b2683f66d35b91ed05a1646c0305b02260b6acb,False,402,True,True,2,True,True,500,
2026-09-30,api.agentmercantile.com,https://api.agentmercantile.com/v1/web-change-snapshot,POST,0xdb7b2b54f80479826222749a2ea73a8acc306e1e,False,400,True,False,,,,623,
2026-09-30,api.agentsouk.dev,https://api.agentsouk.dev/v1/x402/lst_01M1XYP3W5ZY5DSQETSK7G2ZG6,POST,0xa0a2494006b72109137630bc026434a809731c07,False,402,True,True,2,True,True,245,
2026-09-30,api.agentsouk.dev,https://api.agentsouk.dev/v1/x402/lst_01M2ER4Q7KTYH6WYWWXRT0XT0X,POST,0xa0a2494006b72109137630bc026434a809731c07,False,402,True,True,2,True,True,329,
2026-09-30,api.automaton-sovereign.workers.dev,https://api.automaton-sovereign.workers.dev/v1/hash,GET,0x71deac098914a009e3720524642a6be6f65ee528,False,402,True,True,2,True,True,249,
2026-09-30,api.automaton-sovereign.workers.dev,https://api.automaton-sovereign.workers.dev/v1/random,GET,0x71deac098914a009e3720524642a6be6f65ee528,False,402,True,True,2,True,True,94,
2026-09-30,api.automaton-sovereign.workers.dev,https://api.automaton-sovereign.workers.dev/v2/oracle/base,GET,0x71deac098914a009e3720524642a6be6f65ee528,False,402,True,True,2,True,True,1653,
2026-09-30,api.automaton-sovereign.workers.dev,https://api.automaton-sovereign.workers.dev/v2/sentiment,GET,0x71deac098914a009e3720524642a6be6f65ee528,False,402,True,True,2,True,True,1067,
2026-09-30,api.automaton-sovereign.workers.dev,https://api.automaton-sovereign.workers.dev/v2/sentinel/stream,GET,0x71deac098914a009e3720524642a6be6f65ee528,False,402,True,True,2,True,True,1673,
2026-09-30,api.automaton-sovereign.workers.dev,https://api.automaton-sovereign.workers.dev/v2/token/liquidity-risk,POST,0x71deac098914a009e3720524642a6be6f65ee528,False,402,True,True,2,True,True,1043,
2026-09-30,api.basefeed.io,https://api.basefeed.io/v1/base/yields,GET,0xefc3f6ba8a706af67162ebab84fc2d09fa73360e,False,402,True,True,2,True,True,453,
2026-09-30,api.cookin.fun,https://api.cookin.fun/v1/tokens/graduated,GET,,False,402,True,True,2,,,616,
2026-09-30,api.cookin.fun,https://api.cookin.fun/v1/traders/:address,GET,,False,402,True,True,2,,,607,
2026-09-30,api.cra-agent.tech,https://api.cra-agent.tech/v1/paid/arc/token,GET,0x33b37c6d7a98b58da3ccb3f36a4b578053d0ea74,False,402,True,True,2,True,True,911,
2026-09-30,api.cra-agent.tech,https://api.cra-agent.tech/v1/paid/arc/usyc,GET,0x33b37c6d7a98b58da3ccb3f36a4b578053d0ea74,False,402,True,True,2,True,True,538,
2026-09-30,api.cra-agent.tech,https://api.cra-agent.tech/v1/paid/arc/wallet,GET,0x33b37c6d7a98b58da3ccb3f36a4b578053d0ea74,False,402,True,True,2,True,True,496,
2026-09-30,api.cra-agent.tech,https://api.cra-agent.tech/v1/paid/web/check,GET,0x33b37c6d7a98b58da3ccb3f36a4b578053d0ea74,False,402,True,True,2,True,True,564,
2026-09-30,api.cra-agent.tech,https://api.cra-agent.tech/v1/paid/wiki/article,GET,0x33b37c6d7a98b58da3ccb3f36a4b578053d0ea74,False,402,True,True,2,True,True,561,
2026-09-30,api.creativeforesight.io,https://api.creativeforesight.io/v1/flows,GET,0x9edb521a5ad936ef5d7054ed94252d4d7978cf90,False,402,True,True,2,True,True,716,
2026-09-30,api.deepnets.ai,https://api.deepnets.ai/api/flagged-tokens,GET,,False,402,True,True,2,,,368,
2026-09-30,api.deepnets.ai,https://api.deepnets.ai/api/social-research,GET,,False,402,True,True,2,,,178,
2026-09-30,api.dexl.io,https://api.dexl.io/api/agents,GET,0x0ccd097f92475d3eaf88e3b73e38a4dd4cb08667,False,402,True,True,2,True,True,757,
2026-09-30,api.duoleads.com,https://api.duoleads.com/v1/chain/address,GET,0xcd673f7e1dad254347aeab6be0defe8b9c6b3a39,False,402,True,True,2,True,True,443,
2026-09-30,api.duoleads.com,https://api.duoleads.com/v1/chain/selector,GET,0xcd673f7e1dad254347aeab6be0defe8b9c6b3a39,False,402,True,True,2,True,True,118,
2026-09-30,api.duoleads.com,https://api.duoleads.com/v1/num/allocate,GET,0xcd673f7e1dad254347aeab6be0defe8b9c6b3a39,False,402,True,True,2,True,True,482,
2026-09-30,api.duoleads.com,https://api.duoleads.com/v1/num/words,GET,0xcd673f7e1dad254347aeab6be0defe8b9c6b3a39,False,402,True,True,2,True,True,307,
2026-09-30,api.duoleads.com,https://api.duoleads.com/v1/ref/country,GET,0xcd673f7e1dad254347aeab6be0defe8b9c6b3a39,False,402,True,True,2,True,True,112,
2026-09-30,api.duoleads.com,https://api.duoleads.com/v1/text/similarity,GET,0xcd673f7e1dad254347aeab6be0defe8b9c6b3a39,False,402,True,True,2,True,True,439,
2026-09-30,api.duoleads.com,https://api.duoleads.com/v1/text/slug,GET,0xcd673f7e1dad254347aeab6be0defe8b9c6b3a39,False,402,True,True,2,True,True,91,
2026-09-30,api.duoleads.com,https://api.duoleads.com/v1/time/business-days,GET,0xcd673f7e1dad254347aeab6be0defe8b9c6b3a39,False,402,True,True,2,True,True,574,
2026-09-30,api.duoleads.com,https://api.duoleads.com/v1/time/dst,GET,0xcd673f7e1dad254347aeab6be0defe8b9c6b3a39,False,402,True,True,2,True,True,93,
2026-09-30,api.duoleads.com,https://api.duoleads.com/v1/time/rrule,GET,0xcd673f7e1dad254347aeab6be0defe8b9c6b3a39,False,402,True,True,2,True,True,99,
2026-09-30,api.edifiedlab.com,https://api.edifiedlab.com/v1/market/fx-convert,POST,0x5037546753d64f77a6fa95b6f85659b6a4a7f6fd,False,402,True,True,2,True,True,256,
2026-09-30,api.fairseal.io,https://api.fairseal.io/v1/notarize,POST,0xbd5eb5559f5ac14475ac0c81b6735a4d9106ce28,False,402,True,True,2,True,True,662,
2026-09-30,api.forum-labs.com,https://api.forum-labs.com/v1/trust/report,POST,0xffa3e5fa7ae5f0dd1fd196cbd41d40325e4aa831,False,402,True,True,2,True,True,373,
2026-09-30,api.glianalabs.com,https://api.glianalabs.com/x402/eleven-v3,POST,0x7662e00f8ab4c362166e1ff649ff6c2a638c80ad,False,402,True,True,2,True,True,317,
2026-09-30,api.gocreativeai.com,https://api.gocreativeai.com/v1/lookup/bluesky/:var1,GET,0xbaf55b24ca99bd7393b6e627093b13c6628b53cc,False,502,True,False,,,,343,
2026-09-30,api.gocreativeai.com,https://api.gocreativeai.com/v1/seo/traffic/:var1,GET,0xbaf55b24ca99bd7393b6e627093b13c6628b53cc,False,502,True,False,,,,314,
2026-09-30,api.gocreativeai.com,https://api.gocreativeai.com/v1/verdict/adverse-media/:var1,GET,0xbaf55b24ca99bd7393b6e627093b13c6628b53cc,False,502,True,False,,,,295,
2026-09-30,api.grip.fyi,https://api.grip.fyi/v1/compare,POST,0xb0ba20954ea83f6e5417b893b3999d82cb061d3e,False,402,True,True,2,True,True,1094,
2026-09-30,api.ideafactorylab.org,https://api.ideafactorylab.org/x402/weather,GET,0x8a694a869badec00a333e9213e2914dcd90d53ff,False,402,True,True,2,True,True,672,
2026-09-30,api.invoket.com,https://api.invoket.com/legal/diff/batch,POST,0x4465825b0ac713aa2fa07ea29023020804a128ee,False,402,True,True,2,False,True,506,
2026-09-30,api.invoket.com,https://api.invoket.com/weather/forecast/daily,GET,0x4465825b0ac713aa2fa07ea29023020804a128ee,False,402,True,True,2,True,True,895,
2026-09-30,api.jagent.dev,https://api.jagent.dev/v1/wallet-profile,POST,0x079a5ac8cbab926ecd2b2fccc13b693fb88e12bb,False,402,True,True,2,True,True,627,
2026-09-30,api.jamton.network,https://api.jamton.network/v1/purchases/xauh/requests/x402,POST,0x0c926035c8c3b8c2237b9d4efe30c54a6b709c4e,False,402,True,True,2,True,True,842,
2026-09-30,api.jpverify.com,https://api.jpverify.com/v1/invoices/counterparty-check,POST,0xe4a4e5b226be71e7b6ed523bc7a91089c770572f,False,402,True,True,2,True,True,485,
2026-09-30,api.koreafilings.com,https://api.koreafilings.com/v1/disclosures/summary,GET,0x8467be164c75824246cfd0fca8e7f7009fb8f720,False,402,True,True,2,True,True,600,
2026-09-30,api.lastlookdata.com,https://api.lastlookdata.com/api/derived/policy-spread,GET,0xb4848d1b4b7e31b75b9b30d717f89777dc65d68e,False,402,True,True,2,True,True,164,
2026-09-30,api.liquidagent.ai,https://api.liquidagent.ai/v1/polymarket/xrp-5m,GET,0x487b28a4fbba8cf46eb6e1d72e6959202bb75e90,False,402,True,True,2,False,True,309,
2026-09-30,api.liquidagent.ai,https://api.liquidagent.ai/v1/signals,GET,0x487b28a4fbba8cf46eb6e1d72e6959202bb75e90,False,402,True,True,2,False,True,349,
2026-09-30,api.magentlab.com,https://api.magentlab.com/api/calc/ada_diabetes,POST,0x836be278f1739fb4308091cd1852f7971bc19ee2,False,402,True,True,2,True,True,257,
2026-09-30,api.magentlab.com,https://api.magentlab.com/api/calc/allowable_blood_loss,POST,0x836be278f1739fb4308091cd1852f7971bc19ee2,False,402,True,True,2,True,True,231,
2026-09-30,api.magentlab.com,https://api.magentlab.com/api/calc/apache_ii,POST,0x836be278f1739fb4308091cd1852f7971bc19ee2,False,402,True,True,2,True,True,1975,
2026-09-30,api.magentlab.com,https://api.magentlab.com/api/calc/asas_axial_spa,POST,0x836be278f1739fb4308091cd1852f7971bc19ee2,False,402,True,True,2,True,True,166,
2026-09-30,api.magentlab.com,https://api.magentlab.com/api/calc/astral,POST,0x836be278f1739fb4308091cd1852f7971bc19ee2,False,402,True,True,2,True,True,549,
2026-09-30,api.magentlab.com,https://api.magentlab.com/api/calc/bam,POST,0x836be278f1739fb4308091cd1852f7971bc19ee2,False,402,True,True,2,True,True,856,
2026-09-30,api.magentlab.com,https://api.magentlab.com/api/calc/baws,POST,0x836be278f1739fb4308091cd1852f7971bc19ee2,False,402,True,True,2,True,True,156,
2026-09-30,api.magentlab.com,https://api.magentlab.com/api/calc/cam_icu,POST,0x836be278f1739fb4308091cd1852f7971bc19ee2,False,402,True,True,2,True,True,281,
2026-09-30,api.magentlab.com,https://api.magentlab.com/api/calc/canadian_cspine,POST,0x836be278f1739fb4308091cd1852f7971bc19ee2,False,402,True,True,2,True,True,208,
2026-09-30,api.magentlab.com,https://api.magentlab.com/api/calc/canadian_ct_head,POST,0x836be278f1739fb4308091cd1852f7971bc19ee2,False,402,True,True,2,True,True,198,
2026-09-30,api.magentlab.com,https://api.magentlab.com/api/calc/canrisk,POST,0x836be278f1739fb4308091cd1852f7971bc19ee2,False,402,True,True,2,True,True,933,
2026-09-30,api.magentlab.com,https://api.magentlab.com/api/calc/capd,POST,0x836be278f1739fb4308091cd1852f7971bc19ee2,False,402,True,True,2,True,True,186,
2026-09-30,api.magentlab.com,https://api.magentlab.com/api/calc/cas,POST,0x836be278f1739fb4308091cd1852f7971bc19ee2,False,402,True,True,2,True,True,264,
2026-09-30,api.magentlab.com,https://api.magentlab.com/api/calc/chip,POST,0x836be278f1739fb4308091cd1852f7971bc19ee2,False,402,True,True,2,True,True,314,
2026-09-30,api.magentlab.com,https://api.magentlab.com/api/calc/cpes,POST,0x836be278f1739fb4308091cd1852f7971bc19ee2,False,402,True,True,2,True,True,195,
2026-09-30,api.magentlab.com,https://api.magentlab.com/api/calc/crash,POST,0x836be278f1739fb4308091cd1852f7971bc19ee2,False,402,True,True,2,True,True,450,
2026-09-30,api.magentlab.com,https://api.magentlab.com/api/calc/csrs,POST,0x836be278f1739fb4308091cd1852f7971bc19ee2,False,402,True,True,2,True,True,404,
2026-09-30,api.magentlab.com,https://api.magentlab.com/api/calc/das28_esr,POST,0x836be278f1739fb4308091cd1852f7971bc19ee2,False,402,True,True,2,True,True,280,
2026-09-30,api.magentlab.com,https://api.magentlab.com/api/calc/dhaka,POST,0x836be278f1739fb4308091cd1852f7971bc19ee2,False,402,True,True,2,True,True,874,
2026-09-30,api.magentlab.com,https://api.magentlab.com/api/calc/dire,POST,0x836be278f1739fb4308091cd1852f7971bc19ee2,False,402,True,True,2,True,True,176,
2026-09-30,api.magentlab.com,https://api.magentlab.com/api/calc/fracture_index,POST,0x836be278f1739fb4308091cd1852f7971bc19ee2,False,402,True,True,2,True,True,187,
2026-09-30,api.magentlab.com,https://api.magentlab.com/api/calc/ganzoni,POST,0x836be278f1739fb4308091cd1852f7971bc19ee2,False,402,True,True,2,True,True,189,
2026-09-30,api.magentlab.com,https://api.magentlab.com/api/calc/hat,POST,0x836be278f1739fb4308091cd1852f7971bc19ee2,False,402,True,True,2,True,True,173,
2026-09-30,api.magentlab.com,https://api.magentlab.com/api/calc/hfa_icos_anthracycline,POST,0x836be278f1739fb4308091cd1852f7971bc19ee2,False,402,True,True,2,True,True,459,
2026-09-30,api.magentlab.com,https://api.magentlab.com/api/calc/impact,POST,0x836be278f1739fb4308091cd1852f7971bc19ee2,False,402,True,True,2,True,True,211,
2026-09-30,api.magentlab.com,https://api.magentlab.com/api/calc/iota,POST,0x836be278f1739fb4308091cd1852f7971bc19ee2,False,402,True,True,2,True,True,206,
2026-09-30,api.magentlab.com,https://api.magentlab.com/api/calc/ips_e,POST,0x836be278f1739fb4308091cd1852f7971bc19ee2,False,402,True,True,2,True,True,157,
2026-09-30,api.magentlab.com,https://api.magentlab.com/api/calc/isth_dic,POST,0x836be278f1739fb4308091cd1852f7971bc19ee2,False,402,True,True,2,True,True,194,
2026-09-30,api.magentlab.com,https://api.magentlab.com/api/calc/ivt_contraindications,POST,0x836be278f1739fb4308091cd1852f7971bc19ee2,False,402,True,True,2,True,True,223,
2026-09-30,api.magentlab.com,https://api.magentlab.com/api/calc/karnofsky,POST,0x836be278f1739fb4308091cd1852f7971bc19ee2,False,402,True,True,2,True,True,248,
2026-09-30,api.magentlab.com,https://api.magentlab.com/api/calc/levothyroxine_dose,POST,0x836be278f1739fb4308091cd1852f7971bc19ee2,False,402,True,True,2,True,True,189,
2026-09-30,api.magentlab.com,https://api.magentlab.com/api/calc/mapi,POST,0x836be278f1739fb4308091cd1852f7971bc19ee2,False,402,True,True,2,True,True,301,
2026-09-30,api.magentlab.com,https://api.magentlab.com/api/calc/mess,POST,0x836be278f1739fb4308091cd1852f7971bc19ee2,False,402,True,True,2,True,True,488,
2026-09-30,api.magentlab.com,https://api.magentlab.com/api/calc/mnihss,POST,0x836be278f1739fb4308091cd1852f7971bc19ee2,False,402,True,True,2,True,True,672,
2026-09-30,api.magentlab.com,https://api.magentlab.com/api/calc/modified_hoehn_yahr,POST,0x836be278f1739fb4308091cd1852f7971bc19ee2,False,402,True,True,2,True,True,221,
2026-09-30,api.magentlab.com,https://api.magentlab.com/api/calc/msofa,POST,0x836be278f1739fb4308091cd1852f7971bc19ee2,False,402,True,True,2,True,True,171,
2026-09-30,api.magentlab.com,https://api.magentlab.com/api/calc/nccn_ipi,POST,0x836be278f1739fb4308091cd1852f7971bc19ee2,False,402,True,True,2,True,True,171,
2026-09-30,api.magentlab.com,https://api.magentlab.com/api/calc/nhfs,POST,0x836be278f1739fb4308091cd1852f7971bc19ee2,False,402,True,True,2,True,True,191,
2026-09-30,api.magentlab.com,https://api.magentlab.com/api/calc/nihss,POST,0x836be278f1739fb4308091cd1852f7971bc19ee2,False,402,True,True,2,True,True,198,
2026-09-30,api.magentlab.com,https://api.magentlab.com/api/calc/nincds_adrda,POST,0x836be278f1739fb4308091cd1852f7971bc19ee2,False,402,True,True,2,True,True,171,
2026-09-30,api.magentlab.com,https://api.magentlab.com/api/calc/nps,POST,0x836be278f1739fb4308091cd1852f7971bc19ee2,False,402,True,True,2,True,True,187,
2026-09-30,api.magentlab.com,https://api.magentlab.com/api/calc/pawss,POST,0x836be278f1739fb4308091cd1852f7971bc19ee2,False,402,True,True,2,True,True,191,
2026-09-30,api.magentlab.com,https://api.magentlab.com/api/calc/pediatric_nihss,POST,0x836be278f1739fb4308091cd1852f7971bc19ee2,False,402,True,True,2,True,True,577,
2026-09-30,api.magentlab.com,https://api.magentlab.com/api/calc/pedocs,POST,0x836be278f1739fb4308091cd1852f7971bc19ee2,False,402,True,True,2,True,True,159,
2026-09-30,api.magentlab.com,https://api.magentlab.com/api/calc/pre_score,POST,0x836be278f1739fb4308091cd1852f7971bc19ee2,False,402,True,True,2,True,True,387,
2026-09-30,api.magentlab.com,https://api.magentlab.com/api/calc/rapid_hip,POST,0x836be278f1739fb4308091cd1852f7971bc19ee2,False,402,True,True,2,True,True,175,
2026-09-30,api.magentlab.com,https://api.magentlab.com/api/calc/rcvs2,POST,0x836be278f1739fb4308091cd1852f7971bc19ee2,False,402,True,True,2,True,True,165,
2026-09-30,api.magentlab.com,https://api.magentlab.com/api/calc/rebound_hyperbilirubinemia,POST,0x836be278f1739fb4308091cd1852f7971bc19ee2,False,402,True,True,2,True,True,808,
2026-09-30,api.magentlab.com,https://api.magentlab.com/api/calc/regiscar,POST,0x836be278f1739fb4308091cd1852f7971bc19ee2,False,402,True,True,2,True,True,186,
2026-09-30,api.magentlab.com,https://api.magentlab.com/api/calc/rema,POST,0x836be278f1739fb4308091cd1852f7971bc19ee2,False,402,True,True,2,True,True,184,
2026-09-30,api.magentlab.com,https://api.magentlab.com/api/calc/rems,POST,0x836be278f1739fb4308091cd1852f7971bc19ee2,False,402,True,True,2,True,True,351,
2026-09-30,api.magentlab.com,https://api.magentlab.com/api/calc/renal_nephrometry,POST,0x836be278f1739fb4308091cd1852f7971bc19ee2,False,402,True,True,2,True,True,1131,
2026-09-30,api.magentlab.com,https://api.magentlab.com/api/calc/reticulocyte_index,POST,0x836be278f1739fb4308091cd1852f7971bc19ee2,False,402,True,True,2,True,True,149,
2026-09-30,api.magentlab.com,https://api.magentlab.com/api/calc/ribscore,POST,0x836be278f1739fb4308091cd1852f7971bc19ee2,False,402,True,True,2,True,True,408,
2026-09-30,api.magentlab.com,https://api.magentlab.com/api/calc/stanford_sleepiness,POST,0x836be278f1739fb4308091cd1852f7971bc19ee2,False,402,True,True,2,True,True,183,
2026-09-30,api.magentlab.com,https://api.magentlab.com/api/calc/tpe,POST,0x836be278f1739fb4308091cd1852f7971bc19ee2,False,402,True,True,2,True,True,257,
2026-09-30,api.magentlab.com,https://api.magentlab.com/api/calc/trunk_impairment,POST,0x836be278f1739fb4308091cd1852f7971bc19ee2,False,402,True,True,2,True,True,274,
2026-09-30,api.magentlab.com,https://api.magentlab.com/api/calc/vexus,POST,0x836be278f1739fb4308091cd1852f7971bc19ee2,False,402,True,True,2,True,True,470,
2026-09-30,api.magentlab.com,https://api.magentlab.com/api/calc/webster,POST,0x836be278f1739fb4308091cd1852f7971bc19ee2,False,402,True,True,2,True,True,223,
2026-09-30,api.magentlab.com,https://api.magentlab.com/api/calc/wisconsin_criteria,POST,0x836be278f1739fb4308091cd1852f7971bc19ee2,False,402,True,True,2,True,True,257,
2026-09-30,api.maxwellinternational.ai,https://api.maxwellinternational.ai/v1/edgar/filing,GET,0x5976376b0c2125655e01d0a7758c744c43fb6d93,False,402,True,True,2,True,True,267,
2026-09-30,api.maxwellinternational.ai,https://api.maxwellinternational.ai/v1/edgar/financials,GET,0x5976376b0c2125655e01d0a7758c744c43fb6d93,False,402,True,True,2,True,True,262,
2026-09-30,api.maxwellinternational.ai,https://api.maxwellinternational.ai/v1/gov/ch/legislation,GET,0x5976376b0c2125655e01d0a7758c744c43fb6d93,False,402,True,True,2,True,True,278,
2026-09-30,api.maxwellinternational.ai,https://api.maxwellinternational.ai/v1/gov/ch/open-data,GET,0x5976376b0c2125655e01d0a7758c744c43fb6d93,False,402,True,True,2,True,True,589,
2026-09-30,api.maxwellinternational.ai,https://api.maxwellinternational.ai/v1/insider-info,GET,0x5976376b0c2125655e01d0a7758c744c43fb6d93,False,402,True,True,2,True,True,648,
2026-09-30,api.maxwellinternational.ai,https://api.maxwellinternational.ai/v1/market/quotes,GET,0x5976376b0c2125655e01d0a7758c744c43fb6d93,False,402,True,True,2,True,True,277,
2026-09-30,api.maxwellinternational.ai,https://api.maxwellinternational.ai/v1/nvd/cve,GET,0x5976376b0c2125655e01d0a7758c744c43fb6d93,False,402,True,True,2,True,True,261,
2026-09-30,api.maxwellinternational.ai,https://api.maxwellinternational.ai/v1/registry/npm,GET,0x5976376b0c2125655e01d0a7758c744c43fb6d93,False,402,True,True,2,True,True,577,
2026-09-30,api.maxwellinternational.ai,https://api.maxwellinternational.ai/v1/weather/observation,GET,0x5976376b0c2125655e01d0a7758c744c43fb6d93,False,402,True,True,2,True,True,557,
2026-09-30,api.maxwellinternational.ai,https://api.maxwellinternational.ai/v1/weather/point,GET,0x5976376b0c2125655e01d0a7758c744c43fb6d93,False,402,True,True,2,True,True,580,
2026-09-30,api.melvea.com,https://api.melvea.com/v1/catalog,GET,0xf4efe76fe83e7e2e865cdf4ccf35ba71f91426c6,False,402,True,True,2,True,False,1611,
2026-09-30,api.melvea.com,https://api.melvea.com/v1/recommend,POST,0x7a9b696f3bec23eef6fc278adb922d0334a213c4,False,402,True,True,2,True,False,1586,
2026-09-30,api.moltrust.ch,https://api.moltrust.ch/guard/api/agent/score/:address,GET,0x380238347e58435f40b4da1f1a045a271d5838f5,False,402,True,True,2,True,True,621,
2026-09-30,api.nimatron.com,https://api.nimatron.com/v1/cot/summary,GET,0x306c8148a5e433ceddf184a0b0db4a6631e74e51,False,402,True,True,2,True,True,350,
2026-09-30,api.polym.uk,https://api.polym.uk/market-intelligence/:conditionId,GET,0x7b13107779cfda1beba3289d0fbe27310436f3e3,False,402,True,True,2,True,True,755,
2026-09-30,api.posttosource.com,https://api.posttosource.com/api/x402/extract,POST,0xd1502efbd2674236508bf6d39c81c2abad21cb1e,False,402,True,True,2,True,True,224,
2026-09-30,api.proxyllm.ai,https://api.proxyllm.ai/x402/llm-cost-scout,POST,0xf4d43bdaae23a7d2012c49cb9f57eaab89d4ffc2,False,402,True,True,1,True,True,231,
2026-09-30,api.regressionincoming.fyi,https://api.regressionincoming.fyi/v1/draft-board/half-ppr/%7Bplayer_id%7D,GET,0x3567c566e194dd25ed580ad917160b8700fe7460,False,402,True,True,2,True,True,778,
2026-09-30,api.remix.live,https://api.remix.live/mcp/x402-http/compile,POST,0x4cf33ccb14b43d76b4f672c3fede297d1d763ace,False,402,True,True,2,True,True,630,
2026-09-30,api.remix.live,https://api.remix.live/mcp/x402-http/get_audit_checklist,POST,0x4cf33ccb14b43d76b4f672c3fede297d1d763ace,False,402,True,True,2,True,True,593,
2026-09-30,api.robotsshop.io,https://api.robotsshop.io/v0/snapshot,GET,0x53831fab63ba75a958115c3b4eb598a10cfcc7e0,False,200,True,False,,,,585,
2026-09-30,api.secondedoracle.xyz,https://api.secondedoracle.xyz/v1/x402/checks,POST,0x010ab46d566cde25cca0ee55eb105e781c7bcf3a,False,422,True,False,,,,334,
2026-09-30,api.solenrich.com,https://api.solenrich.com/entrypoints/compare-tokens/invoke,POST,0x8ede9ed2e6acdd9b2bafa42ff4078d3f3263607c,False,402,True,True,2,True,True,79,
2026-09-30,api.solenrich.com,https://api.solenrich.com/entrypoints/copy-trade-signals/invoke,POST,0x8ede9ed2e6acdd9b2bafa42ff4078d3f3263607c,False,402,True,True,2,True,True,86,
2026-09-30,api.solenrich.com,https://api.solenrich.com/entrypoints/due-diligence/invoke,POST,0x8ede9ed2e6acdd9b2bafa42ff4078d3f3263607c,False,402,True,True,2,True,True,68,
2026-09-30,api.solenrich.com,https://api.solenrich.com/entrypoints/enrich-token-light/invoke,POST,0x8ede9ed2e6acdd9b2bafa42ff4078d3f3263607c,False,402,True,True,2,True,True,92,
2026-09-30,api.solenrich.com,https://api.solenrich.com/entrypoints/parse-transaction/invoke,POST,0x8ede9ed2e6acdd9b2bafa42ff4078d3f3263607c,False,402,True,True,2,True,True,75,
2026-09-30,api.solenrich.com,https://api.solenrich.com/entrypoints/perps-trader-profile/invoke,POST,0x8ede9ed2e6acdd9b2bafa42ff4078d3f3263607c,False,402,True,True,2,True,True,162,
2026-09-30,api.solenrich.com,https://api.solenrich.com/entrypoints/trenches-scan/invoke,POST,0x8ede9ed2e6acdd9b2bafa42ff4078d3f3263607c,False,402,True,True,2,True,True,81,
2026-09-30,api.solenrich.com,https://api.solenrich.com/entrypoints/trending-signals/invoke,POST,0x8ede9ed2e6acdd9b2bafa42ff4078d3f3263607c,False,402,True,True,2,True,True,77,
2026-09-30,api.solgiery.com,https://api.solgiery.com/v1/random/choice,POST,0x12fe99c184192a0d4a3c507602ad4b03aa3a6fbb,False,402,True,True,2,True,True,607,
2026-09-30,api.solsentry.app,https://api.solsentry.app/x402/v1/token/:solana_address,GET,,False,402,True,True,2,,,360,
2026-09-30,api.stakedbots.com,https://api.stakedbots.com/leaderboard,GET,0x21b077b26bfda6d2b8fdf0130977362d61e18912,False,402,True,True,1,True,True,636,
2026-09-30,api.tokenplans.dev,https://api.tokenplans.dev/cost-rules,GET,0x6b9fea865421422997654b35ac4a6c0e06b959f0,False,402,True,True,2,True,True,908,
2026-09-30,api.tradebot.devs.surf,https://api.tradebot.devs.surf/v1/market-data-attestation,POST,0x1bdd0cf6c2457765afeb717bc1e5d74b27d45a0f,False,402,True,True,2,True,True,730,
2026-09-30,api.trustsource.cc,https://api.trustsource.cc/headers,GET,0xc1fe5ce97fb6038527d9660cf290b716a264e874,False,402,True,True,2,True,True,163,
2026-09-30,api.truthbear.co,https://api.truthbear.co/gauge/carbon-region,GET,0x2d16a243ba9facc6ac85519d5efad2149dc4c6c3,False,402,True,True,1,True,True,598,
2026-09-30,api.truthbear.co,https://api.truthbear.co/gauge/drug-detail-region,GET,0x2d16a243ba9facc6ac85519d5efad2149dc4c6c3,False,402,True,True,1,True,True,628,
2026-09-30,api.truthbear.co,https://api.truthbear.co/gauge/japan-region,GET,0x2d16a243ba9facc6ac85519d5efad2149dc4c6c3,False,402,True,True,1,True,True,598,
2026-09-30,api.truthbear.co,https://api.truthbear.co/gauge/precip,GET,0x2d16a243ba9facc6ac85519d5efad2149dc4c6c3,False,402,True,True,1,True,True,604,
2026-09-30,api.truthbear.co,https://api.truthbear.co/gauge/wildfire-region,GET,0x2d16a243ba9facc6ac85519d5efad2149dc4c6c3,False,402,True,True,1,True,True,599,
2026-09-30,api.truthbear.co,https://api.truthbear.co/stable/census,GET,0x2d16a243ba9facc6ac85519d5efad2149dc4c6c3,False,402,True,True,1,True,True,576,
2026-09-30,api.truthbear.co,https://api.truthbear.co/stable/coin,GET,0x2d16a243ba9facc6ac85519d5efad2149dc4c6c3,False,402,True,True,1,True,True,578,
2026-09-30,api.truthbear.co,https://api.truthbear.co/stable/graveyard,GET,0x2d16a243ba9facc6ac85519d5efad2149dc4c6c3,False,402,True,True,1,True,True,595,
2026-09-30,api.truthbear.co,https://api.truthbear.co/stablecoin-deaths,GET,0x2d16a243ba9facc6ac85519d5efad2149dc4c6c3,False,402,True,True,1,True,True,615,
2026-09-30,api.useatelier.ai,https://api.useatelier.ai/api/x402/pay/svc_1780812536114_y6pg8e7aw,POST,0xa8cc4011eb545ee5d436a599c9a8bd03dd1e1df3,False,402,True,True,2,True,True,279,
2026-09-30,api.usesaferoute.com,https://api.usesaferoute.com/v1/quote,POST,0x08a6a2ddecdebdbfcb29d725042a6f3d74849e08,False,402,True,True,2,True,True,250,
2026-09-30,api.vextorium.com,https://api.vextorium.com/beefy-mejores-pago,POST,0xb9f06d2734b7e9d7b21b64c4d8b95bd774b71acf,False,402,True,True,2,True,True,262,
2026-09-30,api.vextorium.com,https://api.vextorium.com/beefy-vault-pago,POST,0xb9f06d2734b7e9d7b21b64c4d8b95bd774b71acf,False,402,True,True,2,True,True,282,
2026-09-30,api.vextorium.com,https://api.vextorium.com/comprobar-salud-pago,POST,0xb9f06d2734b7e9d7b21b64c4d8b95bd774b71acf,False,402,True,True,2,True,True,618,
2026-09-30,api.vextorium.com,https://api.vextorium.com/defi-rendimientos-pago,POST,0xb9f06d2734b7e9d7b21b64c4d8b95bd774b71acf,False,402,True,True,2,True,True,277,
2026-09-30,api.vextorium.com,https://api.vextorium.com/empresa-fundamentales-pago,POST,0xb9f06d2734b7e9d7b21b64c4d8b95bd774b71acf,False,402,True,True,2,True,True,263,
2026-09-30,api.vextorium.com,https://api.vextorium.com/extraer-pdf-pago,POST,0xb9f06d2734b7e9d7b21b64c4d8b95bd774b71acf,False,402,True,True,2,True,True,264,
2026-09-30,api.vextorium.com,https://api.vextorium.com/gas-red-pago,POST,0xb9f06d2734b7e9d7b21b64c4d8b95bd774b71acf,False,402,True,True,2,True,True,280,
2026-09-30,api.vextorium.com,https://api.vextorium.com/horario-eeuu-pago,POST,0xb9f06d2734b7e9d7b21b64c4d8b95bd774b71acf,False,402,True,True,2,True,True,615,
2026-09-30,api.vextorium.com,https://api.vextorium.com/liquidaciones-pago,POST,0xb9f06d2734b7e9d7b21b64c4d8b95bd774b71acf,False,402,True,True,2,True,True,573,
2026-09-30,api.vextorium.com,https://api.vextorium.com/nft-info-pago,POST,0xb9f06d2734b7e9d7b21b64c4d8b95bd774b71acf,False,402,True,True,2,True,True,265,
2026-09-30,api.vextorium.com,https://api.vextorium.com/regulacion-eeuu-pago,POST,0xb9f06d2734b7e9d7b21b64c4d8b95bd774b71acf,False,402,True,True,2,True,True,634,
2026-09-30,api.vextorium.com,https://api.vextorium.com/resumir-pago,POST,0xb9f06d2734b7e9d7b21b64c4d8b95bd774b71acf,False,402,True,True,2,True,True,269,
2026-09-30,api.vextorium.com,https://api.vextorium.com/saldo-multired-pago,POST,0xb9f06d2734b7e9d7b21b64c4d8b95bd774b71acf,False,402,True,True,2,True,True,258,
2026-09-30,api.vextorium.com,https://api.vextorium.com/sol-cuenta-pago,POST,0xb9f06d2734b7e9d7b21b64c4d8b95bd774b71acf,False,402,True,True,2,True,True,271,
2026-09-30,api.vextorium.com,https://api.vextorium.com/sol-dominio-inverso-pago,POST,0xb9f06d2734b7e9d7b21b64c4d8b95bd774b71acf,False,402,True,True,2,True,True,269,
2026-09-30,api.vextorium.com,https://api.vextorium.com/sol-dominio-pago,POST,0xb9f06d2734b7e9d7b21b64c4d8b95bd774b71acf,False,402,True,True,2,True,True,272,
2026-09-30,api.vextorium.com,https://api.vextorium.com/validar-iban-pago,POST,0xb9f06d2734b7e9d7b21b64c4d8b95bd774b71acf,False,402,True,True,2,True,True,627,
2026-09-30,api.vrsai.tech,https://api.vrsai.tech/v1/capabilities/decision_optimization,POST,0x6746dff7bdb1ed4940dbe50024795ad97cba09af,False,402,True,True,2,True,True,943,
2026-09-30,api.vrsai.tech,https://api.vrsai.tech/v1/capabilities/sql_preflight,POST,0x6746dff7bdb1ed4940dbe50024795ad97cba09af,False,402,True,True,2,True,True,586,
2026-09-30,api.wines.bet,https://api.wines.bet/v1/wine/investment,GET,0x350a947254e59291fab58430e03a86589e0d8ba8,False,402,True,True,2,False,True,1075,
2026-09-30,api.wines.bet,https://api.wines.bet/v1/wine/sommelier,GET,0x350a947254e59291fab58430e03a86589e0d8ba8,False,402,True,True,2,True,True,1321,
2026-09-30,api.x402-hosting.com,https://api.x402-hosting.com/v1/projects/:id/uploads,POST,0xac0bba6e3241a398b1911528a3e19f87aee12f6e,False,402,True,True,2,True,True,587,
2026-09-30,app.heinrichstech.com,https://app.heinrichstech.com/v1/cdp/chain/erc20-balance,POST,0xda2f35d283c42dd60b965322394bc658a5c1769f,False,402,True,True,2,True,True,323,
2026-09-30,app.tenna.ai,https://app.tenna.ai/api/x402/lumi/launch_digest,POST,0x7eaf3c393a8996e124c0fa7ccbc55019854c4c5b,False,402,True,True,2,True,True,504,
2026-09-30,app.tenna.ai,https://app.tenna.ai/api/x402/lumi/lpc_nft_info,POST,0x7eaf3c393a8996e124c0fa7ccbc55019854c4c5b,False,402,True,True,2,True,True,446,
2026-09-30,app.tenna.ai,https://app.tenna.ai/api/x402/tenna/observatory_round_preview,POST,0x7eaf3c393a8996e124c0fa7ccbc55019854c4c5b,False,402,True,True,2,True,True,458,
2026-09-30,asistent-crypto.vercel.app,https://asistent-crypto.vercel.app/api/x402/data/address,POST,0xbeebd30639e99bbce11faa2b463fcccf6215831b,False,402,True,True,2,True,True,151,
2026-09-30,asistent-crypto.vercel.app,https://asistent-crypto.vercel.app/api/x402/data/news,POST,0xbeebd30639e99bbce11faa2b463fcccf6215831b,False,402,True,True,2,True,True,179,
2026-09-30,asistent-crypto.vercel.app,https://asistent-crypto.vercel.app/api/x402/data/tradfi-quotes,POST,0xbeebd30639e99bbce11faa2b463fcccf6215831b,False,402,True,True,2,True,True,161,
2026-09-30,asistent-crypto.vercel.app,https://asistent-crypto.vercel.app/api/x402/query,POST,0xbeebd30639e99bbce11faa2b463fcccf6215831b,False,402,True,True,2,True,True,156,
2026-09-30,astryx-core.shabless1.workers.dev,https://astryx-core.shabless1.workers.dev/v1/calibrate,POST,,False,402,True,True,1,,,804,
2026-09-30,atomic-verify-claim-poc.topadvancement-atomic.workers.dev,https://atomic-verify-claim-poc.topadvancement-atomic.workers.dev/api/resolve-redirect-chain,POST,0x16f619c78f5f85d00663a7275cca3d4a01f82b11,False,402,True,True,2,True,True,514,
2026-09-30,aura-revenue.helionixlabs.com,https://aura-revenue.helionixlabs.com/x402/data/bazaar-market-pulse,POST,0x56a093255d6e0536109b5f255fc71bb74bfe5838,False,402,True,True,2,True,True,463,
2026-09-30,aura.rohnelt.dev,https://aura.rohnelt.dev/v1/credit/deposit/1,POST,0xa61446444dae6c570813656ced71c18d68a5f0fd,False,402,True,True,2,True,True,408,
2026-09-30,ausrine-who.onrender.com,https://ausrine-who.onrender.com/x402/export/sellers.csv,GET,0x15841575b048291622909439029bb674753ae2db,False,402,True,True,2,True,True,293,
2026-09-30,automatoncolony.xyz,https://automatoncolony.xyz/api/v1/x402/datos/estado-cadena,GET,0x3a6e1866f38385025fa9024304882cf59e3330ab,False,402,True,True,2,True,True,666,
2026-09-30,base.mapleai.shop,https://base.mapleai.shop/v1/chat/completions,POST,0x63db6eaf635a31bbc6714fe37bdc85243864f611,False,402,True,True,2,False,True,609,
2026-09-30,bazaar.fronesislabs.com,https://bazaar.fronesislabs.com/evaluate/quality,POST,0xb790ed3796194e5511c44411cf045f67e069cdc0,False,402,True,True,2,True,True,759,
2026-09-30,calendars.stockql.ai,https://calendars.stockql.ai/calendars/americas,GET,0xb85d42c13a3d7a40d6a1c2dbeaba412e49b0fb9d,False,402,True,True,2,True,True,265,
2026-09-30,cc0.company,https://cc0.company/api/store/agent-services/darkfarms-gen/invoke,POST,0x14849afa040edeee524a40c52b877fe1b6e6c2c5,False,402,True,True,2,True,True,487,
2026-09-30,cf-exclusion-check.cf-exclusion-check.workers.dev,https://cf-exclusion-check.cf-exclusion-check.workers.dev/v1/report,GET,0xca28eb92657f8a81afb5493b3a04a740b204d816,False,402,True,True,2,True,True,452,
2026-09-30,chat-api.memchat.io,https://chat-api.memchat.io/api/v1/x402/video-gen,POST,0x9deebb5d1b22e4a6e027977cead13893a7e4cc1a,False,422,True,False,,,,292,
2026-09-30,chess402.vercel.app,https://chess402.vercel.app/api/cloud-eval,POST,0xfbd46201267609ad3c66bd1b99b7f1cc80b1852f,False,402,True,True,2,True,True,338,
2026-09-30,claim-grounding.prospectintel.workers.dev,https://claim-grounding.prospectintel.workers.dev/v1/verify_claim,POST,0x485ffc037f02dddc154a454a9ca89c4b1b29e25b,False,402,True,True,2,False,True,390,
2026-09-30,clinic.sapthumbprint.com,https://clinic.sapthumbprint.com/v1/line,GET,0x5b078ab958921613b71bc2a849b092db83f07b46,False,402,True,True,2,True,True,283,
2026-09-30,cloud.trycorpus.ai,https://cloud.trycorpus.ai/v1/gpu/index,GET,0x3f60008dfd0efc03f476d9b489d6c5b13b3ebf2c,False,402,True,True,2,True,True,219,
2026-09-30,cloud.trycorpus.ai,https://cloud.trycorpus.ai/v1/tokens/board,GET,0x3f60008dfd0efc03f476d9b489d6c5b13b3ebf2c,False,402,True,True,2,True,True,342,
2026-09-30,cloud.trycorpus.ai,https://cloud.trycorpus.ai/v1/tokens/history,GET,0x3f60008dfd0efc03f476d9b489d6c5b13b3ebf2c,False,402,True,True,2,True,True,163,
2026-09-30,codepulse-api.hahavoid0.workers.dev,https://codepulse-api.hahavoid0.workers.dev/mailbox/messages,POST,0x4a82f147c8a4339409c9097adc1eedfd56e85bfe,False,402,True,True,2,True,True,344,
2026-09-30,contextiq.trango-compute.com,https://contextiq.trango-compute.com/api/v1/erc8004-inspector/x402-v2,POST,0x4eba5ea3cf0f3fc307099317e17e54390f7a4c58,False,402,True,True,2,True,True,204,
2026-09-30,contextiq.trango-compute.com,https://contextiq.trango-compute.com/api/v1/policy-check/receipt/x402-v2,POST,0x4eba5ea3cf0f3fc307099317e17e54390f7a4c58,False,402,True,True,2,True,True,292,
2026-09-30,cron402-api.user-defaults.workers.dev,https://cron402-api.user-defaults.workers.dev/v1/crons/topup/10,POST,0xc7d7b6d856ab058a9373e61cf46a85d1f73da695,False,402,True,True,2,True,False,412,
2026-09-30,crosscheckapi.com,https://crosscheckapi.com/v1/check,POST,0x2fe63598ad75281fa36d271f4c155a074296a943,False,402,True,True,2,True,True,338,
2026-09-30,cyre.dev,https://cyre.dev/api/circuit/heartbeat,GET,0x9ff25c4acf1dcddf15fd2702c127a285f1dfa712,False,402,True,True,2,True,True,240,
2026-09-30,cyre.dev,https://cyre.dev/api/circuit/seal,GET,0x9ff25c4acf1dcddf15fd2702c127a285f1dfa712,False,402,True,True,2,True,True,161,
2026-09-30,cyre.dev,https://cyre.dev/api/exchange/match,GET,0x9ff25c4acf1dcddf15fd2702c127a285f1dfa712,False,402,True,True,2,True,True,166,
2026-09-30,cyre.dev,https://cyre.dev/api/stream/events,GET,0x9ff25c4acf1dcddf15fd2702c127a285f1dfa712,False,402,True,True,2,True,True,156,
2026-09-30,data.intel.rallylive.ca,https://data.intel.rallylive.ca/data/air-quality/milan,GET,0xfc24fd34da9e49a0110dcaee3ad30ec54175ebb3,False,402,True,True,2,True,True,478,
2026-09-30,data.intel.rallylive.ca,https://data.intel.rallylive.ca/data/forecast/hamilton,GET,0xfc24fd34da9e49a0110dcaee3ad30ec54175ebb3,False,402,True,True,2,True,True,472,
2026-09-30,data.intel.rallylive.ca,https://data.intel.rallylive.ca/data/sun/halifax,GET,0xfc24fd34da9e49a0110dcaee3ad30ec54175ebb3,False,402,True,True,2,True,True,100,
2026-09-30,datoka-api.bhazarstudio.workers.dev,https://datoka-api.bhazarstudio.workers.dev/v1/operations/issue_api_receipt,POST,0x4a7a972f84e2a64b3b9b64ac1383df5c413c0e59,False,400,True,False,,,,489,
2026-09-30,decipherranker.com,https://decipherranker.com/api/report/merchant,POST,0x289aa17875d1adbe3dc66d7658218d14258d81f2,False,402,True,True,2,True,True,461,
2026-09-30,deepgram.x402.paysponge.com,https://deepgram.x402.paysponge.com/v1/speak,POST,0x6302d9e6dbb22fec3c350551568bb39b4b35ad57,False,402,True,True,2,True,True,292,
2026-09-30,defi-ops-402.vercel.app,https://defi-ops-402.vercel.app/api/best,GET,0xdfc32f8cb9d893dfb9692143a4552b9ddd352e08,False,402,True,True,2,True,True,187,
2026-09-30,defi.agent-layer.tech,https://defi.agent-layer.tech/skills/defi-yield-and-looping,GET,0x65003c15622f8fbecfa60805777f9c5ae8fb77fc,False,402,True,True,2,True,True,1263,
2026-09-30,delvorn.site,https://delvorn.site/api/x402/nickel-pulse,GET,0x48ad35617e5f8b70d8c693a0c9295ab7a16634ec,False,402,True,True,2,True,True,424,
2026-09-30,deploy.acu.run,https://deploy.acu.run,POST,0x9b442c40daac631f74de4094f2998e4ac016098a,False,402,True,True,2,True,True,594,
2026-09-30,depscout.vercel.app,https://depscout.vercel.app/risk/package,POST,0xe682dc3c6b79c1c87dfd17e5e25b1a07834b9f5d,False,402,True,True,2,True,True,191,
2026-09-30,dev-agent402.throuzlabs.com,https://dev-agent402.throuzlabs.com/x/echo,GET,,False,402,True,True,2,,,522,
2026-09-30,dev.intel.rallylive.ca,https://dev.intel.rallylive.ca/dev/convert/l100km-to-mpg,GET,0xfc24fd34da9e49a0110dcaee3ad30ec54175ebb3,False,402,True,True,2,True,True,117,
2026-09-30,dev.intel.rallylive.ca,https://dev.intel.rallylive.ca/dev/convert/short-tons-to-kg,GET,0xfc24fd34da9e49a0110dcaee3ad30ec54175ebb3,False,402,True,True,2,True,True,528,
2026-09-30,dev.intel.rallylive.ca,https://dev.intel.rallylive.ca/dev/nuget/itextsharp,GET,0xfc24fd34da9e49a0110dcaee3ad30ec54175ebb3,False,402,True,True,2,True,True,745,
2026-09-30,dev.intel.rallylive.ca,https://dev.intel.rallylive.ca/dev/rfc/8705,GET,0xfc24fd34da9e49a0110dcaee3ad30ec54175ebb3,False,402,True,True,2,True,True,660,
2026-09-30,dicta-notes.com,https://dicta-notes.com/routes/x402/transcribe-long,POST,0x1f2a484ef654d49c58c625b09e78b538501d652d,False,402,True,True,2,True,True,298,
2026-09-30,dns.intel.rallylive.ca,https://dns.intel.rallylive.ca/dns/dkim/sendgrid,GET,0xfc24fd34da9e49a0110dcaee3ad30ec54175ebb3,False,402,True,True,2,True,True,467,
2026-09-30,dns.intel.rallylive.ca,https://dns.intel.rallylive.ca/dns/tld/aero,GET,0xfc24fd34da9e49a0110dcaee3ad30ec54175ebb3,False,402,True,True,2,True,True,105,
2026-09-30,dns.intel.rallylive.ca,https://dns.intel.rallylive.ca/watch/dns/verification/onetrust,GET,0xfc24fd34da9e49a0110dcaee3ad30ec54175ebb3,False,402,True,True,2,True,True,97,
2026-09-30,doctor.promoclube.online,https://doctor.promoclube.online/diagnose,POST,0x3f9dbb57e651e1870f2f005b43470f709371f358,False,402,True,True,2,True,True,381,
2026-09-30,draconic21-x402-api.onrender.com,https://draconic21-x402-api.onrender.com/v1/edgar_company_facts,POST,0x1520ef5530aa71350049be2903cf078b38c40ae5,False,402,True,True,2,True,True,203,
2026-09-30,draconic21-x402-api.onrender.com,https://draconic21-x402-api.onrender.com/v1/signal_latest,POST,0x1520ef5530aa71350049be2903cf078b38c40ae5,False,402,True,True,2,True,True,115,
2026-09-30,email.intel.rallylive.ca,https://email.intel.rallylive.ca/bulk/email/local-part/brand-impersonation,GET,0xfc24fd34da9e49a0110dcaee3ad30ec54175ebb3,False,402,True,True,2,True,True,100,
2026-09-30,email.intel.rallylive.ca,https://email.intel.rallylive.ca/email/role/office,GET,0xfc24fd34da9e49a0110dcaee3ad30ec54175ebb3,False,402,True,True,2,True,True,431,
2026-09-30,evensteven.bet,https://evensteven.bet/api/markets/agent,GET,0x6cf0a0b5282409e24dc35e2c1834f9111315603b,False,402,True,True,1,True,True,249,
2026-09-30,exp-100k-001-v2.vercel.app,https://exp-100k-001-v2.vercel.app/v1/verticals/medical-equipment/buyer-map,GET,0x1e937abc519f7b9f959986bfe259d29f745f6ecf,False,402,True,True,2,True,True,1157,
2026-09-30,fetchdelta.com,https://fetchdelta.com/api/diff,GET,0x788aa4a08da3025c5b5a68be80752ca244e73158,False,402,True,True,2,True,True,260,
2026-09-30,fetchdelta.com,https://fetchdelta.com/api/resolve,GET,0x788aa4a08da3025c5b5a68be80752ca244e73158,False,402,True,True,2,True,True,367,
2026-09-30,fetchharbor.benlab.download,https://fetchharbor.benlab.download/html-to-md,GET,0xaed4a496fed1132b94c0a5f9fb5ee7cf63d869c2,False,402,True,True,2,True,True,263,
2026-09-30,fetchharbor.benlab.download,https://fetchharbor.benlab.download/scrape,GET,0xaed4a496fed1132b94c0a5f9fb5ee7cf63d869c2,False,402,True,True,2,True,True,634,
2026-09-30,financial-analyst.ai,https://financial-analyst.ai/amortization/schedule,POST,0xda158f96c7d02e787ec75858d108366bda6aaeb3,False,402,True,True,2,True,True,151,
2026-09-30,fittings.sh,https://fittings.sh/v1/brand/logo,GET,0xe025442c0d6dc17ad2b9eb888b3565bdfcd98638,False,402,True,True,2,,True,8074,
2026-09-30,fittings.sh,https://fittings.sh/v1/crypto/random-bytes,GET,0xe025442c0d6dc17ad2b9eb888b3565bdfcd98638,False,0,False,,,,,,TimeoutError: The read operation timed out
2026-09-30,flint.network,https://flint.network/api/x402/scan,POST,0x7586b801b79a85fb9898b2017b786f7800bba691,False,402,True,True,2,True,True,214,
2026-09-30,flint.network,https://flint.network/api/x402/verify,POST,0x7586b801b79a85fb9898b2017b786f7800bba691,False,402,True,True,2,True,True,168,
2026-09-30,foundry-csv-pipeline-integrity-mainnet.inference-chip-index.workers.dev,https://foundry-csv-pipeline-integrity-mainnet.inference-chip-index.workers.dev/v1/csv/integrity,POST,0x25e8245f07d5e4873987293dad666afbe56a9608,False,400,True,False,,,,228,
2026-09-30,foundry-open-scholarly-evidence-mainnet.inference-chip-index.workers.dev,https://foundry-open-scholarly-evidence-mainnet.inference-chip-index.workers.dev/v1/scholarly/evidence,POST,0x25e8245f07d5e4873987293dad666afbe56a9608,False,402,True,True,2,True,True,621,
2026-09-30,foundry-par007-machine-revenue-mainnet.inference-chip-index.workers.dev,https://foundry-par007-machine-revenue-mainnet.inference-chip-index.workers.dev/v1/csv/profile,POST,0x25e8245f07d5e4873987293dad666afbe56a9608,False,400,True,False,,,,340,
2026-09-30,free-api-resell.relayhop.workers.dev,https://free-api-resell.relayhop.workers.dev/v1/defillama/yields,GET,0x20beffad24499e9b3d45dd0971b1d6afb0ae925d,False,402,True,True,2,True,True,128,
2026-09-30,free-api-resell.relayhop.workers.dev,https://free-api-resell.relayhop.workers.dev/v1/polymarket/markets,GET,0x20beffad24499e9b3d45dd0971b1d6afb0ae925d,False,402,True,True,2,True,True,198,
2026-09-30,functions.miniup.app,https://functions.miniup.app/wallet-intel/activity,POST,0x36256c1d592ed0161082b4971988ae880af29a32,False,402,True,True,2,True,True,820,
2026-09-30,gate-network.matsutake-lab.workers.dev,https://gate-network.matsutake-lab.workers.dev/v1/gates/twilio.messages.create/preflight,POST,0x3429dd2c405f03a8a836d650e7dea43e3e9c2401,False,402,True,True,2,True,True,675,
2026-09-30,geld-machen-x402.fly.dev,https://geld-machen-x402.fly.dev/product/bazaar-check/report.json,GET,0x524bf56b92400bd232bf85348660b652e0dddb2a,False,402,True,True,2,True,True,261,
2026-09-30,genesis.palsus2023.workers.dev,https://genesis.palsus2023.workers.dev/v1/repair_json,POST,0x899be41c39d88c97c264f91a95784707341047ec,False,402,True,True,2,True,True,1269,
2026-09-30,goodsong.dev,https://goodsong.dev/verify/filing,POST,0xf3b36a95913eb2676fcdedb2ba6b0c96ade58de1,False,402,True,True,2,True,True,249,
2026-09-30,gpt.558686.xyz,https://gpt.558686.xyz/v1/chat,POST,0x1f0130669ca6fd02e025a984cc038f139df19a2f,False,402,True,True,2,True,True,259,
2026-09-30,gpt.558686.xyz,https://gpt.558686.xyz/v1/guard/tx,POST,0x1f0130669ca6fd02e025a984cc038f139df19a2f,False,402,True,True,2,True,True,645,
2026-09-30,grov.fun,https://grov.fun/api/solana/fblikes,POST,,False,400,True,False,,,,1688,
2026-09-30,hermesplant.com,https://hermesplant.com/api/agent-services/action-safety/quick,POST,0x5171c72a59b994a80097b6ab52d4a4fcb8bf4c1b,False,402,True,True,2,True,True,1021,
2026-09-30,http--forest-gas-station--lcjl27p8lmjs.code.run,https://http--forest-gas-station--lcjl27p8lmjs.code.run/commerce/canonical-product,POST,,False,402,True,True,2,,,498,
2026-09-30,http--forest-gas-station--lcjl27p8lmjs.code.run,https://http--forest-gas-station--lcjl27p8lmjs.code.run/commerce/product-identifiers,POST,,False,402,True,True,2,,,484,
2026-09-30,http--forest-gas-station--lcjl27p8lmjs.code.run,https://http--forest-gas-station--lcjl27p8lmjs.code.run/domain/mail-preflight,POST,,False,402,True,True,2,,,482,
2026-09-30,http--forest-gas-station--lcjl27p8lmjs.code.run,https://http--forest-gas-station--lcjl27p8lmjs.code.run/domain/registration-state,POST,,False,402,True,True,2,,,482,
2026-09-30,http--forest-gas-station--lcjl27p8lmjs.code.run,https://http--forest-gas-station--lcjl27p8lmjs.code.run/job/preflight,POST,,False,402,True,True,2,,,485,
2026-09-30,http--forest-gas-station--lcjl27p8lmjs.code.run,https://http--forest-gas-station--lcjl27p8lmjs.code.run/marketplace/seller-state,POST,,False,402,True,True,2,,,510,
2026-09-30,http--forest-gas-station--lcjl27p8lmjs.code.run,https://http--forest-gas-station--lcjl27p8lmjs.code.run/mcp/discover,POST,,False,402,True,True,2,,,478,
2026-09-30,http--forest-gas-station--lcjl27p8lmjs.code.run,https://http--forest-gas-station--lcjl27p8lmjs.code.run/page/downloads,POST,,False,402,True,True,2,,,481,
2026-09-30,http--forest-gas-station--lcjl27p8lmjs.code.run,https://http--forest-gas-station--lcjl27p8lmjs.code.run/x402/discover,POST,,False,402,True,True,2,,,483,
2026-09-30,imagcon.app,https://imagcon.app/routes/x402/generate-splash-screens,POST,0x1f2a484ef654d49c58c625b09e78b538501d652d,False,402,True,True,2,True,True,230,
2026-09-30,imagcon.app,https://imagcon.app/routes/x402/splash-from-image,POST,0x1f2a484ef654d49c58c625b09e78b538501d652d,False,402,True,True,2,True,True,145,
2026-09-30,img402.dev,https://img402.dev/api/upload,POST,0x77f3c9bcb898ad1d30e9a336e2cc3108d88d6c09,False,402,True,True,2,True,True,274,
2026-09-30,intel.rallylive.ca,https://intel.rallylive.ca/bulk/email-verify,POST,0x91d568599fb802cb3f03f067d2063785dbaf0abd,False,402,True,True,2,False,False,697,
2026-09-30,intel.rallylive.ca,https://intel.rallylive.ca/data/dedupe,POST,0x91d568599fb802cb3f03f067d2063785dbaf0abd,False,402,True,True,2,True,False,679,
2026-09-30,intel.rallylive.ca,https://intel.rallylive.ca/data/diff,POST,0x91d568599fb802cb3f03f067d2063785dbaf0abd,False,402,True,True,2,True,False,108,
2026-09-30,intel.rallylive.ca,https://intel.rallylive.ca/data/holidays/au,GET,0xfc24fd34da9e49a0110dcaee3ad30ec54175ebb3,False,402,True,True,2,True,True,119,
2026-09-30,intel.rallylive.ca,https://intel.rallylive.ca/data/json-to-csv,POST,0x91d568599fb802cb3f03f067d2063785dbaf0abd,False,402,True,True,2,True,False,113,
2026-09-30,intel.rallylive.ca,https://intel.rallylive.ca/data/lorem,POST,0x91d568599fb802cb3f03f067d2063785dbaf0abd,False,402,True,True,2,True,False,137,
2026-09-30,intel.rallylive.ca,https://intel.rallylive.ca/data/npm,POST,0x91d568599fb802cb3f03f067d2063785dbaf0abd,False,402,True,True,2,True,False,95,
2026-09-30,intel.rallylive.ca,https://intel.rallylive.ca/data/npm-downloads,POST,0x91d568599fb802cb3f03f067d2063785dbaf0abd,False,402,True,True,2,True,False,92,
2026-09-30,intel.rallylive.ca,https://intel.rallylive.ca/data/rate/usd-mxn,GET,0xfc24fd34da9e49a0110dcaee3ad30ec54175ebb3,False,402,True,True,2,True,True,115,
2026-09-30,intel.rallylive.ca,https://intel.rallylive.ca/data/roman,POST,0x91d568599fb802cb3f03f067d2063785dbaf0abd,False,402,True,True,2,True,False,705,
2026-09-30,intel.rallylive.ca,https://intel.rallylive.ca/data/units,POST,0x91d568599fb802cb3f03f067d2063785dbaf0abd,False,402,True,True,2,True,False,93,
2026-09-30,intel.rallylive.ca,https://intel.rallylive.ca/data/uuid,POST,0x91d568599fb802cb3f03f067d2063785dbaf0abd,False,402,True,True,2,True,False,599,
2026-09-30,intel.rallylive.ca,https://intel.rallylive.ca/data/weather/weatherseoul,GET,0xfc24fd34da9e49a0110dcaee3ad30ec54175ebb3,False,402,True,True,2,True,True,114,
2026-09-30,intel.rallylive.ca,https://intel.rallylive.ca/dev/agent-card,POST,0x91d568599fb802cb3f03f067d2063785dbaf0abd,False,402,True,True,2,False,False,91,
2026-09-30,intel.rallylive.ca,https://intel.rallylive.ca/dev/ai-crawler-policy,POST,0x91d568599fb802cb3f03f067d2063785dbaf0abd,False,402,True,True,2,True,False,82,
2026-09-30,intel.rallylive.ca,https://intel.rallylive.ca/dev/cron-next,POST,0x91d568599fb802cb3f03f067d2063785dbaf0abd,False,402,True,True,2,True,False,82,
2026-09-30,intel.rallylive.ca,https://intel.rallylive.ca/dev/feed-validate,POST,0x91d568599fb802cb3f03f067d2063785dbaf0abd,False,402,True,True,2,True,False,95,
2026-09-30,intel.rallylive.ca,https://intel.rallylive.ca/dev/github-latest-release,POST,0x91d568599fb802cb3f03f067d2063785dbaf0abd,False,402,True,True,2,True,False,86,
2026-09-30,intel.rallylive.ca,https://intel.rallylive.ca/dev/http-header-explain,POST,0x91d568599fb802cb3f03f067d2063785dbaf0abd,False,402,True,True,2,True,False,110,
2026-09-30,intel.rallylive.ca,https://intel.rallylive.ca/dev/json-path,POST,0x91d568599fb802cb3f03f067d2063785dbaf0abd,False,402,True,True,2,True,False,94,
2026-09-30,intel.rallylive.ca,https://intel.rallylive.ca/dev/json-schema-validate,POST,0x91d568599fb802cb3f03f067d2063785dbaf0abd,False,402,True,True,2,True,False,110,
2026-09-30,intel.rallylive.ca,https://intel.rallylive.ca/dev/mime-list,POST,0x91d568599fb802cb3f03f067d2063785dbaf0abd,False,402,True,True,2,True,False,92,
2026-09-30,intel.rallylive.ca,https://intel.rallylive.ca/dns/ns-provider,POST,0x91d568599fb802cb3f03f067d2063785dbaf0abd,False,402,True,True,2,True,False,97,
2026-09-30,intel.rallylive.ca,https://intel.rallylive.ca/dns/propagation,POST,0x91d568599fb802cb3f03f067d2063785dbaf0abd,False,402,True,True,2,True,False,93,
2026-09-30,intel.rallylive.ca,https://intel.rallylive.ca/ip/asn-prefixes,POST,0x91d568599fb802cb3f03f067d2063785dbaf0abd,False,402,True,True,2,True,False,94,
2026-09-30,intel.rallylive.ca,https://intel.rallylive.ca/ip/validate,POST,0x91d568599fb802cb3f03f067d2063785dbaf0abd,False,402,True,True,2,True,False,82,
2026-09-30,intel.rallylive.ca,https://intel.rallylive.ca/library/language/ar,GET,0x91d568599fb802cb3f03f067d2063785dbaf0abd,False,402,True,True,2,True,False,91,
2026-09-30,intel.rallylive.ca,https://intel.rallylive.ca/library/language/en,GET,0x91d568599fb802cb3f03f067d2063785dbaf0abd,False,402,True,True,2,True,False,93,
2026-09-30,intel.rallylive.ca,https://intel.rallylive.ca/library/language/eo,GET,0x91d568599fb802cb3f03f067d2063785dbaf0abd,False,402,True,True,2,True,False,100,
2026-09-30,intel.rallylive.ca,https://intel.rallylive.ca/library/language/fi,GET,0x91d568599fb802cb3f03f067d2063785dbaf0abd,False,402,True,True,2,True,False,88,
2026-09-30,intel.rallylive.ca,https://intel.rallylive.ca/library/language/no,GET,0x91d568599fb802cb3f03f067d2063785dbaf0abd,False,402,True,True,2,True,False,87,
2026-09-30,intel.rallylive.ca,https://intel.rallylive.ca/library/subject/british,GET,0x91d568599fb802cb3f03f067d2063785dbaf0abd,False,402,True,True,2,True,False,95,
2026-09-30,intel.rallylive.ca,https://intel.rallylive.ca/library/subject/catholic-church,GET,0x91d568599fb802cb3f03f067d2063785dbaf0abd,False,402,True,True,2,True,False,106,
2026-09-30,intel.rallylive.ca,https://intel.rallylive.ca/library/subject/country-life,GET,0x91d568599fb802cb3f03f067d2063785dbaf0abd,False,402,True,True,2,True,False,97,
2026-09-30,intel.rallylive.ca,https://intel.rallylive.ca/library/subject/courtship,GET,0x91d568599fb802cb3f03f067d2063785dbaf0abd,False,402,True,True,2,True,False,103,
2026-09-30,intel.rallylive.ca,https://intel.rallylive.ca/library/subject/fairy-tales,GET,0x91d568599fb802cb3f03f067d2063785dbaf0abd,False,402,True,True,2,True,False,92,
2026-09-30,intel.rallylive.ca,https://intel.rallylive.ca/library/subject/family,GET,0x91d568599fb802cb3f03f067d2063785dbaf0abd,False,402,True,True,2,True,False,99,
2026-09-30,intel.rallylive.ca,https://intel.rallylive.ca/library/subject/france,GET,0x91d568599fb802cb3f03f067d2063785dbaf0abd,False,402,True,True,2,True,False,85,
2026-09-30,intel.rallylive.ca,https://intel.rallylive.ca/library/subject/humorous-stories,GET,0x91d568599fb802cb3f03f067d2063785dbaf0abd,False,402,True,True,2,True,False,96,
2026-09-30,intel.rallylive.ca,https://intel.rallylive.ca/library/subject/italian-fiction,GET,0x91d568599fb802cb3f03f067d2063785dbaf0abd,False,402,True,True,2,True,False,91,
2026-09-30,intel.rallylive.ca,https://intel.rallylive.ca/library/subject/murder,GET,0x91d568599fb802cb3f03f067d2063785dbaf0abd,False,402,True,True,2,True,False,83,
2026-09-30,intel.rallylive.ca,https://intel.rallylive.ca/library/subject/natural-history,GET,0x91d568599fb802cb3f03f067d2063785dbaf0abd,False,402,True,True,2,True,False,97,
2026-09-30,intel.rallylive.ca,https://intel.rallylive.ca/library/subject/new-york-n-y,GET,0x91d568599fb802cb3f03f067d2063785dbaf0abd,False,402,True,True,2,True,False,85,
2026-09-30,intel.rallylive.ca,https://intel.rallylive.ca/library/subject/sailors,GET,0x91d568599fb802cb3f03f067d2063785dbaf0abd,False,402,True,True,2,True,False,125,
2026-09-30,intel.rallylive.ca,https://intel.rallylive.ca/library/subject/shipwrecks,GET,0x91d568599fb802cb3f03f067d2063785dbaf0abd,False,402,True,True,2,True,False,92,
2026-09-30,intel.rallylive.ca,https://intel.rallylive.ca/library/subject/soldiers,GET,0x91d568599fb802cb3f03f067d2063785dbaf0abd,False,402,True,True,2,True,False,92,
2026-09-30,intel.rallylive.ca,https://intel.rallylive.ca/library/subject/voyages-and-travels,GET,0x91d568599fb802cb3f03f067d2063785dbaf0abd,False,402,True,True,2,True,False,94,
2026-09-30,intel.rallylive.ca,https://intel.rallylive.ca/library/subject/young-women,GET,0x91d568599fb802cb3f03f067d2063785dbaf0abd,False,402,True,True,2,True,False,91,
2026-09-30,intel.rallylive.ca,https://intel.rallylive.ca/list/history-books,GET,0xfc24fd34da9e49a0110dcaee3ad30ec54175ebb3,False,402,True,True,2,True,True,109,
2026-09-30,intel.rallylive.ca,https://intel.rallylive.ca/local/verified-place,GET,0x91d568599fb802cb3f03f067d2063785dbaf0abd,False,402,True,True,2,False,False,107,
2026-09-30,intel.rallylive.ca,https://intel.rallylive.ca/monitor/latency,POST,0x91d568599fb802cb3f03f067d2063785dbaf0abd,False,402,True,True,2,True,False,106,
2026-09-30,intel.rallylive.ca,https://intel.rallylive.ca/page/faq,POST,0x91d568599fb802cb3f03f067d2063785dbaf0abd,False,402,True,True,2,True,False,94,
2026-09-30,intel.rallylive.ca,https://intel.rallylive.ca/page/main-image,POST,0x91d568599fb802cb3f03f067d2063785dbaf0abd,False,402,True,True,2,True,False,105,
2026-09-30,intel.rallylive.ca,https://intel.rallylive.ca/site/broken-links,POST,0x91d568599fb802cb3f03f067d2063785dbaf0abd,False,402,True,True,2,True,False,470,
2026-09-30,intel.rallylive.ca,https://intel.rallylive.ca/site/cookies,POST,0x91d568599fb802cb3f03f067d2063785dbaf0abd,False,402,True,True,2,True,False,121,
2026-09-30,intel.rallylive.ca,https://intel.rallylive.ca/site/keywords,POST,0x91d568599fb802cb3f03f067d2063785dbaf0abd,False,402,True,True,2,True,False,84,
2026-09-30,intel.rallylive.ca,https://intel.rallylive.ca/site/redirect-audit,POST,0x91d568599fb802cb3f03f067d2063785dbaf0abd,False,402,True,True,2,True,False,142,
2026-09-30,intel.rallylive.ca,https://intel.rallylive.ca/site/screenshot-meta,POST,0x91d568599fb802cb3f03f067d2063785dbaf0abd,False,402,True,True,2,True,False,112,
2026-09-30,intel.rallylive.ca,https://intel.rallylive.ca/site/third-parties,POST,0x91d568599fb802cb3f03f067d2063785dbaf0abd,False,402,True,True,2,True,False,110,
2026-09-30,intel.rallylive.ca,https://intel.rallylive.ca/watch/seo-audit,GET,0x91d568599fb802cb3f03f067d2063785dbaf0abd,False,402,True,True,2,False,False,102,
2026-09-30,ioswarm.io,https://ioswarm.io/api/v1/x402/run/astrology,POST,0xe4b6e29305b5eef77aa296dc87d8683e9750ed8f,False,402,True,True,2,True,True,244,
2026-09-30,ioswarm.io,https://ioswarm.io/api/v1/x402/run/seo,POST,0xe4b6e29305b5eef77aa296dc87d8683e9750ed8f,False,402,True,True,2,True,True,253,
2026-09-30,ioswarm.io,https://ioswarm.io/api/v1/x402/topup,POST,0xe4b6e29305b5eef77aa296dc87d8683e9750ed8f,False,402,True,True,2,True,True,297,
2026-09-30,ip.intel.rallylive.ca,https://ip.intel.rallylive.ca/bulk/ip/port/22,GET,0xfc24fd34da9e49a0110dcaee3ad30ec54175ebb3,False,402,True,True,2,True,True,458,
2026-09-30,ip.intel.rallylive.ca,https://ip.intel.rallylive.ca/watch/ip/port/464,GET,0xfc24fd34da9e49a0110dcaee3ad30ec54175ebb3,False,402,True,True,2,True,True,553,
2026-09-30,irm-api.canvas-cart.workers.dev,https://irm-api.canvas-cart.workers.dev/section/:id/full,GET,0xa40dadc75b69bee8325e8089258235213293f8f4,False,402,True,True,2,True,True,349,
2026-09-30,japan-business-day-api.matchan962.workers.dev,https://japan-business-day-api.matchan962.workers.dev/v1/koyomi/find,GET,0x1d813e4e4c7b0ae7900a6d2b6bca560941102859,False,402,True,True,2,True,True,154,
2026-09-30,jobs.rqmtechnologies.com,https://jobs.rqmtechnologies.com/x402/buyer-jobs/failed-workflow-diagnosis-v1,POST,0x8f43274b121663b18a0246e9908bac8eac866c12,False,402,True,True,2,True,True,406,
2026-09-30,jobs.rqmtechnologies.com,https://jobs.rqmtechnologies.com/x402/buyer-jobs/gate-signal-capture-v1,POST,0x8f43274b121663b18a0246e9908bac8eac866c12,False,402,True,True,2,True,True,497,
2026-09-30,jobs.rqmtechnologies.com,https://jobs.rqmtechnologies.com/x402/buyer-jobs/robotics.diagnose-trajectory-instability.v1,POST,0x8f43274b121663b18a0246e9908bac8eac866c12,False,402,True,True,2,True,True,343,
2026-09-30,jobs.rqmtechnologies.com,https://jobs.rqmtechnologies.com/x402/buyer-jobs/robotics.validate-closed-loop-stability.v1,POST,0x8f43274b121663b18a0246e9908bac8eac866c12,False,402,True,True,2,True,True,672,
2026-09-30,kaisha-api.hp-vladic.workers.dev,https://kaisha-api.hp-vladic.workers.dev/calendar/holidays,GET,0xf2a6416ebb0c594ab2977695bed061729ddeb47b,False,402,True,True,2,True,True,367,
2026-09-30,kino402.com,https://kino402.com/v1/audio/tts,POST,0x2a266c87f7b0d1f8a471d2d5234f5cf4fb62b206,False,402,True,True,2,False,True,354,
2026-09-30,kleros-ipfs-gateway.fly.dev,https://kleros-ipfs-gateway.fly.dev/upload-to-ipfs,POST,0xf1c7c037891525e360c59f708739ac09a7670c59,False,402,True,True,1,True,True,376,
2026-09-30,lab.paidapis.net,https://lab.paidapis.net/api/alerts/subscribe,POST,0xf74f2020ac3d73f2bf5ee0f8bf635475ea881319,False,402,True,True,2,True,True,234,
2026-09-30,lab.paidapis.net,https://lab.paidapis.net/api/attestation-log,GET,0xf74f2020ac3d73f2bf5ee0f8bf635475ea881319,False,402,True,True,2,True,True,241,
2026-09-30,lab.paidapis.net,https://lab.paidapis.net/api/bundle/subscribe,POST,0xf74f2020ac3d73f2bf5ee0f8bf635475ea881319,False,402,True,True,2,True,True,270,
2026-09-30,lab.paidapis.net,https://lab.paidapis.net/api/enrich-address,GET,0xf74f2020ac3d73f2bf5ee0f8bf635475ea881319,False,402,True,True,2,True,True,266,
2026-09-30,lab.paidapis.net,https://lab.paidapis.net/api/freshness-priced-data,GET,0xf74f2020ac3d73f2bf5ee0f8bf635475ea881319,False,402,True,True,2,True,True,324,
2026-09-30,library.proofivy.com,https://library.proofivy.com/apple_devices/:content_proofivy_cid,GET,0x16e5a48ec75a3fe91c82ddc38dfb3424db53fadf,False,402,True,True,2,False,False,251,
2026-09-30,liquita-x402-edge.liquita.workers.dev,https://liquita-x402-edge.liquita.workers.dev/v1/leaderboard,GET,0x6ede3258bce2ef32f9bb614c781818b4efd0e765,False,402,True,True,1,True,True,530,
2026-09-30,long.events,https://long.events/functions/v1/api-event-weeks,GET,0x1a4ce63eef34e46ee63f410e667bd27a52954ab7,False,402,True,True,2,True,True,450,
2026-09-30,machine-commerce-lab.machinecommercelab.workers.dev,https://machine-commerce-lab.machinecommercelab.workers.dev/dns,GET,0x9bc6982ffe208329b2bf076f5db8a53e9d5795ad,False,402,True,True,2,True,True,419,
2026-09-30,macro-pulse-x402.onrender.com,https://macro-pulse-x402.onrender.com/macro-pulse/:country_code,GET,0xb4a9238c9400a7f1bb7924606ff2ea634a0f3ec4,False,400,True,False,,,,195,
2026-09-30,market.datapackvibe.com,https://market.datapackvibe.com/x402/arena-hazards,POST,0x8bc2aecdd86097f74a1a5fa17764108d9a683c8c,False,402,True,True,2,True,True,563,
2026-09-30,market.datapackvibe.com,https://market.datapackvibe.com/x402/dungeon-names,POST,0x8bc2aecdd86097f74a1a5fa17764108d9a683c8c,False,402,True,True,2,True,True,931,
2026-09-30,market.datapackvibe.com,https://market.datapackvibe.com/x402/elf-city-names,POST,0x8bc2aecdd86097f74a1a5fa17764108d9a683c8c,False,402,True,True,2,True,True,230,
2026-09-30,market.datapackvibe.com,https://market.datapackvibe.com/x402/kingdom-names,POST,0x8bc2aecdd86097f74a1a5fa17764108d9a683c8c,False,402,True,True,2,True,True,1826,
2026-09-30,market.datapackvibe.com,https://market.datapackvibe.com/x402/level-layout-seeds,POST,0x8bc2aecdd86097f74a1a5fa17764108d9a683c8c,False,402,True,True,2,True,True,233,
2026-09-30,market.datapackvibe.com,https://market.datapackvibe.com/x402/movement-time-calculator,POST,0x8bc2aecdd86097f74a1a5fa17764108d9a683c8c,False,402,True,True,2,True,True,1047,
2026-09-30,market.datapackvibe.com,https://market.datapackvibe.com/x402/npc-voices,POST,0x8bc2aecdd86097f74a1a5fa17764108d9a683c8c,False,402,True,True,2,True,True,241,
2026-09-30,market.datapackvibe.com,https://market.datapackvibe.com/x402/region-biomes,POST,0x8bc2aecdd86097f74a1a5fa17764108d9a683c8c,False,402,True,True,2,True,True,225,
2026-09-30,market.datapackvibe.com,https://market.datapackvibe.com/x402/resource-regen-timer,POST,0x8bc2aecdd86097f74a1a5fa17764108d9a683c8c,False,402,True,True,2,True,True,1060,
2026-09-30,market.datapackvibe.com,https://market.datapackvibe.com/x402/shopkeeper-dialogue,POST,0x8bc2aecdd86097f74a1a5fa17764108d9a683c8c,False,402,True,True,2,True,True,247,
2026-09-30,market.datapackvibe.com,https://market.datapackvibe.com/x402/wizard-spell-names,POST,0x8bc2aecdd86097f74a1a5fa17764108d9a683c8c,False,402,True,True,2,True,True,250,
2026-09-30,mcp.blocksize.info,https://mcp.blocksize.info/v1/metal/XAUUSD,GET,0x52c76f43aa871b407e242dcc396ccc54a8c70ade,False,402,True,True,2,True,True,293,
2026-09-30,mcp.dropenginehq.com,https://mcp.dropenginehq.com/api/estimate-trade-execution,POST,0xc7693f1ba43e6d1f1885292e1194dc1fdc6e7585,False,400,True,False,,,,170,
2026-09-30,mcp.dropenginehq.com,https://mcp.dropenginehq.com/api/route-tool,POST,0xc7693f1ba43e6d1f1885292e1194dc1fdc6e7585,False,400,True,False,,,,72,
2026-09-30,mcp.zensched.com,https://mcp.zensched.com/x402/tools/account_set_contact,POST,0x081d7f97ca4478dac465569e1fe3f5846ad598dd,False,402,True,True,2,True,True,263,
2026-09-30,mcp.zensched.com,https://mcp.zensched.com/x402/tools/location_create,POST,0x081d7f97ca4478dac465569e1fe3f5846ad598dd,False,402,True,True,2,True,True,264,
2026-09-30,mcp.zensched.com,https://mcp.zensched.com/x402/tools/shift_list,POST,0x081d7f97ca4478dac465569e1fe3f5846ad598dd,False,402,True,True,2,True,True,318,
2026-09-30,merchant-audit.clankerceo.workers.dev,https://merchant-audit.clankerceo.workers.dev/audit,GET,0xca03fb4b1d2f66f5a83a5ca91021b874ac4a34a3,False,402,True,True,2,True,True,150,
2026-09-30,merchant-production-c224.up.railway.app,https://merchant-production-c224.up.railway.app/v1/buy/hoodi,GET,0x9a8d6b1bc202c4b2203bb05d6fe5a8232ceb6f85,False,402,True,True,2,True,True,282,
2026-09-30,monitor.intel.rallylive.ca,https://monitor.intel.rallylive.ca/monitor/cert/pypi-org,GET,0xfc24fd34da9e49a0110dcaee3ad30ec54175ebb3,False,402,True,True,2,True,True,130,
2026-09-30,monitor.intel.rallylive.ca,https://monitor.intel.rallylive.ca/watch/monitor/status/discord,GET,0xfc24fd34da9e49a0110dcaee3ad30ec54175ebb3,False,402,True,True,2,True,True,95,
2026-09-30,nfl-form-x402.owenlvll.workers.dev,https://nfl-form-x402.owenlvll.workers.dev/team/:season/:week/:team,GET,0xdaa8d9befefdadf1d8753cb26164892e5a6d7089,False,402,True,True,2,True,True,427,
2026-09-30,obol.danieldutoit.net,https://obol.danieldutoit.net/v1/base/network-status,GET,0x4094383033c1861e2686eac4d4bbae6f0031f5d2,False,402,True,True,2,True,True,1074,
2026-09-30,omniterminal.app,https://omniterminal.app/api/x402/v1/liquidations/:symbol,GET,0x733f40a4fa0cd13d59abade04b9ed2e9acac6457,False,400,True,False,,,,662,
2026-09-30,omniterminal.app,https://omniterminal.app/api/x402/v1/symbols/resolve,POST,0x733f40a4fa0cd13d59abade04b9ed2e9acac6457,False,400,True,False,,,,1659,
2026-09-30,open-research-agent.com,https://open-research-agent.com/api/reports/deep,POST,0xb6b9c5a895afba1c119b571981eb84b2e715b367,False,402,True,True,2,True,True,607,
2026-09-30,oraclepost.higgsfield.app,https://oraclepost.higgsfield.app/api/block,GET,0x9e53eecec0374290bfb1342f75e26eab27305a75,False,402,True,True,2,True,True,1411,
2026-09-30,oraclepost.higgsfield.app,https://oraclepost.higgsfield.app/api/board,POST,0x913805a5419c573075fc05bfb0133462e8ffbd69,False,503,True,False,,,,1661,
2026-09-30,oraclepost.higgsfield.app,https://oraclepost.higgsfield.app/api/convert,GET,0x9939fd16c796ea47e3fe89e24ca54fadf8f05ac3,False,503,True,False,,,,1600,
2026-09-30,oraclepost.higgsfield.app,https://oraclepost.higgsfield.app/api/ens,POST,0xf57dc3fba89260a8126cbd190f44a6248e650b22,False,503,True,False,,,,1583,
2026-09-30,oraclepost.higgsfield.app,https://oraclepost.higgsfield.app/api/premium/balance,GET,0x72df68e7b3e1e2fcfbaedc7183810b92cb6ddbd7,False,503,True,False,,,,1591,
2026-09-30,oraclepost.higgsfield.app,https://oraclepost.higgsfield.app/api/premium/time,GET,0x1c4d18c39b1f7a3f5987ad2d877d6cfed675d9e0,False,503,True,False,,,,1587,
2026-09-30,oracles-production.up.railway.app,https://oracles-production.up.railway.app/v1/reg-ai-governance/changes,GET,0xc66ee26cae6cd34970f51f644f36d720826d392a,False,402,True,True,2,True,True,101,
2026-09-30,orcpin.dev,https://orcpin.dev/v1/door-report,POST,0x8b1cf12e7efe6aea59cd1124ebbe7709e3ac6085,False,402,True,True,2,True,True,235,
2026-09-30,otomo-world-id.vercel.app,https://otomo-world-id.vercel.app/api/services/taro/page-report,POST,,False,402,True,True,2,,,1621,
2026-09-30,oyapicks.app,https://oyapicks.app/api/x402/resolutions,GET,0x7df9c5edbf039b1c645d7697f58efd143f0986e1,False,402,True,True,2,True,True,252,
2026-09-30,pack.api.williamrobinson.dev,https://pack.api.williamrobinson.dev/v1/pack/plan,POST,0x26026370fe8b2bb17af9092a17691c76519366da,False,402,True,True,2,True,True,368,
2026-09-30,paddock.finance,https://paddock.finance/api/paddock/mcp/best-value,GET,0x153aa87807d8f6deb65bd53b137cee7ad2daccdb,False,402,True,True,2,True,True,444,
2026-09-30,paddock.finance,https://paddock.finance/api/paddock/mcp/token-metrics,GET,0x153aa87807d8f6deb65bd53b137cee7ad2daccdb,False,402,True,True,2,True,True,379,
2026-09-30,page.fluidrack.com,https://page.fluidrack.com/v1/pages,POST,0xa51701c330992d1c3997551b2d69a14ac402c29e,False,402,True,True,2,True,True,248,
2026-09-30,parallax402.com,https://parallax402.com/v1/basket,GET,0x790fe337b89900028e16fe63cc087112f7a2ba49,False,402,True,True,2,True,True,368,
2026-09-30,parallax402.com,https://parallax402.com/v1/seller,GET,0x790fe337b89900028e16fe63cc087112f7a2ba49,False,402,True,True,2,True,True,525,
2026-09-30,pay.retraced.site,https://pay.retraced.site/x/user/:handle,GET,0xcf216a76abd93674026f1a62b39aa57e2499e57a,False,402,True,True,2,True,True,631,
2026-09-30,peoplescourt.ai,https://peoplescourt.ai/api/x402/dispute-readiness,POST,0x1db0475da5d6a9375ca99f1fc275e8e9c119fbd3,False,402,True,True,2,True,True,557,
2026-09-30,poketpoker.com,https://poketpoker.com/api/advice,GET,0x59f45516ea4a2481ff45cf431d753d24b0ca6213,False,402,True,True,2,True,True,607,
2026-09-30,ppu43fkyhimq5fiqpmo42eh5ri0yypid.lambda-url.us-east-1.on.aws,https://ppu43fkyhimq5fiqpmo42eh5ri0yypid.lambda-url.us-east-1.on.aws/capRateCalculator,POST,0x548efd4f4d4a5c3669dbb4cbb2b1a637feeec5f6,False,402,True,True,2,True,True,280,
2026-09-30,ppu43fkyhimq5fiqpmo42eh5ri0yypid.lambda-url.us-east-1.on.aws,https://ppu43fkyhimq5fiqpmo42eh5ri0yypid.lambda-url.us-east-1.on.aws/coastFireCalculator,POST,0x548efd4f4d4a5c3669dbb4cbb2b1a637feeec5f6,False,402,True,True,2,True,True,269,
2026-09-30,ppu43fkyhimq5fiqpmo42eh5ri0yypid.lambda-url.us-east-1.on.aws,https://ppu43fkyhimq5fiqpmo42eh5ri0yypid.lambda-url.us-east-1.on.aws/colorConvert,POST,0x548efd4f4d4a5c3669dbb4cbb2b1a637feeec5f6,False,402,True,True,2,True,True,279,
2026-09-30,ppu43fkyhimq5fiqpmo42eh5ri0yypid.lambda-url.us-east-1.on.aws,https://ppu43fkyhimq5fiqpmo42eh5ri0yypid.lambda-url.us-east-1.on.aws/evaluateExpression,POST,0x548efd4f4d4a5c3669dbb4cbb2b1a637feeec5f6,False,402,True,True,2,True,True,267,
2026-09-30,ppu43fkyhimq5fiqpmo42eh5ri0yypid.lambda-url.us-east-1.on.aws,https://ppu43fkyhimq5fiqpmo42eh5ri0yypid.lambda-url.us-east-1.on.aws/generateDateData,POST,0x548efd4f4d4a5c3669dbb4cbb2b1a637feeec5f6,False,402,True,True,2,True,True,274,
2026-09-30,ppu43fkyhimq5fiqpmo42eh5ri0yypid.lambda-url.us-east-1.on.aws,https://ppu43fkyhimq5fiqpmo42eh5ri0yypid.lambda-url.us-east-1.on.aws/houseHackingCalculator,POST,0x548efd4f4d4a5c3669dbb4cbb2b1a637feeec5f6,False,402,True,True,2,True,True,254,
2026-09-30,ppu43fkyhimq5fiqpmo42eh5ri0yypid.lambda-url.us-east-1.on.aws,https://ppu43fkyhimq5fiqpmo42eh5ri0yypid.lambda-url.us-east-1.on.aws/isURL,POST,0x548efd4f4d4a5c3669dbb4cbb2b1a637feeec5f6,False,402,True,True,2,True,True,285,
2026-09-30,ppu43fkyhimq5fiqpmo42eh5ri0yypid.lambda-url.us-east-1.on.aws,https://ppu43fkyhimq5fiqpmo42eh5ri0yypid.lambda-url.us-east-1.on.aws/urlEncode,POST,0x548efd4f4d4a5c3669dbb4cbb2b1a637feeec5f6,False,402,True,True,2,True,True,261,
2026-09-30,prediction-bot-iggf.onrender.com,https://prediction-bot-iggf.onrender.com/shift,GET,0xaa94e1f602ca71695a257c289fb54bd4f9a6ba15,False,402,True,True,2,False,True,155,
2026-09-30,predix-agent-api.fly.dev,https://predix-agent-api.fly.dev/agent/markets/:id,GET,,False,402,True,True,2,,,102,
2026-09-30,preflight402.com,https://preflight402.com/v1/btc/tx-context,POST,0xb9db3966c7f18283624c97e860a84cef7f9ba607,False,402,True,True,2,True,True,811,
2026-09-30,preview-chat-c6089071-758a-449d-b4a7-6fa19ebc955c.space-z.ai,https://preview-chat-c6089071-758a-449d-b4a7-6fa19ebc955c.space-z.ai/api/x402/aman-crypto-price,POST,0x215200bd7e6973ad2d2927bdd3e04a61531f5629,False,402,True,True,2,False,False,840,
2026-09-30,preview-chat-c6089071-758a-449d-b4a7-6fa19ebc955c.space-z.ai,https://preview-chat-c6089071-758a-449d-b4a7-6fa19ebc955c.space-z.ai/api/x402/aman-email-validate,POST,0x215200bd7e6973ad2d2927bdd3e04a61531f5629,False,402,True,True,2,False,False,845,
2026-09-30,preview-chat-c6089071-758a-449d-b4a7-6fa19ebc955c.space-z.ai,https://preview-chat-c6089071-758a-449d-b4a7-6fa19ebc955c.space-z.ai/api/x402/aman-gas-price,POST,0x215200bd7e6973ad2d2927bdd3e04a61531f5629,False,402,True,True,2,False,False,828,
2026-09-30,preview-chat-c6089071-758a-449d-b4a7-6fa19ebc955c.space-z.ai,https://preview-chat-c6089071-758a-449d-b4a7-6fa19ebc955c.space-z.ai/api/x402/aman-market-summary,POST,0x215200bd7e6973ad2d2927bdd3e04a61531f5629,False,402,True,True,2,False,False,1590,
2026-09-30,preview-chat-c6089071-758a-449d-b4a7-6fa19ebc955c.space-z.ai,https://preview-chat-c6089071-758a-449d-b4a7-6fa19ebc955c.space-z.ai/api/x402/aman-token-audit,POST,0x215200bd7e6973ad2d2927bdd3e04a61531f5629,False,402,True,True,2,False,False,1150,
2026-09-30,preview-chat-c6089071-758a-449d-b4a7-6fa19ebc955c.space-z.ai,https://preview-chat-c6089071-758a-449d-b4a7-6fa19ebc955c.space-z.ai/api/x402/aman-translate,POST,0x215200bd7e6973ad2d2927bdd3e04a61531f5629,False,402,True,True,2,False,False,824,
2026-09-30,preview-chat-c6089071-758a-449d-b4a7-6fa19ebc955c.space-z.ai,https://preview-chat-c6089071-758a-449d-b4a7-6fa19ebc955c.space-z.ai/api/x402/aman-world-clock,POST,0x215200bd7e6973ad2d2927bdd3e04a61531f5629,False,402,True,True,2,False,False,807,
2026-09-30,prospect-intelligence.prospectintel.workers.dev,https://prospect-intelligence.prospectintel.workers.dev/v1/basic,POST,0x485ffc037f02dddc154a454a9ca89c4b1b29e25b,False,402,True,True,2,True,True,237,
2026-09-30,proxy.suverse.io,https://proxy.suverse.io/v1/data/suverse-anime-top,POST,0x1b258d4962e2a0103e932c155a3b9efcac40964a,False,402,True,True,2,True,True,536,
2026-09-30,proxy.suverse.io,https://proxy.suverse.io/v1/data/suverse-openlibrary-subject,POST,0x7d7ce550251fd81457bfe9afb40c800c2cd50a73,False,402,True,True,2,True,True,526,
2026-09-30,proxy.suverse.io,https://proxy.suverse.io/v1/data/suverse-time-coordinate,POST,0x2d50131399ddb89de63eee353eeda2c7ab97dfba,False,402,True,True,2,True,True,541,
2026-09-30,proxy.suverse.io,https://proxy.suverse.io/v1/data/suverse-trivia-quiz-questions,POST,0xe90316121189715cdc2515b7c2673658b810b751,False,402,True,True,2,True,True,541,
2026-09-30,proxy.suverse.io,https://proxy.suverse.io/v1/data/suverse-wb-mobile-subscriptions,POST,0x7d7ce550251fd81457bfe9afb40c800c2cd50a73,False,402,True,True,2,True,True,534,
2026-09-30,pulse-api-production-7aae.up.railway.app,https://pulse-api-production-7aae.up.railway.app/arbitrum/v1/preflight,POST,,False,400,True,False,,,,163,
2026-09-30,pulsefeed.dev,https://pulsefeed.dev/momentum,GET,0x7f5f784ba98cecfc0ba4336f0e48222a3d4d69a8,False,402,True,True,1,True,True,742,
2026-09-30,quantum-artificer.surewhynot.app,https://quantum-artificer.surewhynot.app/v1/quantum/simulate,POST,0xf786a555be87c6d3b316c976b643c70326565f3f,False,400,True,False,,,,355,
2026-09-30,quietstore-production.edge-7e13f.workers.dev,https://quietstore-production.edge-7e13f.workers.dev/v1/tools/claim-check,POST,0x8f9ef7f8c4744bfaedaa5d315c21f9770c10f931,False,402,True,True,2,True,True,171,
2026-09-30,r3l4y58.bithash.cc,https://r3l4y58.bithash.cc/fastlane,GET,0xe39571a1b62c21454dbee4dc699cb20ed40b372f,False,402,True,True,2,True,True,372,
2026-09-30,redlynr.com,https://redlynr.com/run,POST,0x1a9a7c72208abf3552750eb1c4a4f2ca9e8733e5,False,402,True,True,2,True,True,663,
2026-09-30,reduce.api.williamrobinson.dev,https://reduce.api.williamrobinson.dev/v1/reduce/minimize,POST,0x26026370fe8b2bb17af9092a17691c76519366da,False,402,True,True,2,True,True,442,
2026-09-30,reel24-web-792007954609.us-central1.run.app,https://reel24-web-792007954609.us-central1.run.app/api/agent/commission,POST,0x429dfa4010511d0d4ed43e7f90ab07fa5533bcea,False,402,True,True,2,,True,1115,
2026-09-30,rekt-ceo-brandification.onrender.com,https://rekt-ceo-brandification.onrender.com/api/captions/suggest,POST,0x054469c7ed9560706148a37e75017fa9e08b3980,False,402,True,True,2,True,True,192,
2026-09-30,rest.staging.wagmi.productions,https://rest.staging.wagmi.productions/v3/agentFriendly/assets_search,GET,,False,402,True,True,2,,,807,
2026-09-30,reusefulshop.com,https://reusefulshop.com/api/deal,GET,0xb876145625b6ed670657116187aef7facf1ac288,False,400,True,False,,,,150,
2026-09-30,risk-graph-gx7v4.ondigitalocean.app,https://risk-graph-gx7v4.ondigitalocean.app/api/v1/agent/schema,GET,0x58f42c60dfe9b662b9e573c13358e5d773790699,False,402,True,True,2,True,True,164,
2026-09-30,rtt.phoenix-ai.work,https://rtt.phoenix-ai.work/api/v1/safe,GET,0xbb967f16c7f3e9b4c1626680684445d41dbe44ab,False,402,True,True,2,True,True,254,
2026-09-30,saylorinnovations.com,https://saylorinnovations.com/api/apps/app/1232780281,GET,0xa2a8df0f7caabea4e120a2568118f141569fc8aa,False,402,True,True,2,True,True,291,
2026-09-30,saylorinnovations.com,https://saylorinnovations.com/api/color/info,GET,0xa2a8df0f7caabea4e120a2568118f141569fc8aa,False,402,True,True,2,True,True,480,
2026-09-30,saylorinnovations.com,https://saylorinnovations.com/api/country/:country,GET,0xa2a8df0f7caabea4e120a2568118f141569fc8aa,False,400,True,False,,,,419,
2026-09-30,saylorinnovations.com,https://saylorinnovations.com/api/defi/flows,GET,0xa2a8df0f7caabea4e120a2568118f141569fc8aa,False,402,True,True,2,True,True,244,
2026-09-30,saylorinnovations.com,https://saylorinnovations.com/api/defi/yields,GET,0xa2a8df0f7caabea4e120a2568118f141569fc8aa,False,402,True,True,2,True,True,1728,
2026-09-30,saylorinnovations.com,https://saylorinnovations.com/api/evm/arbitrum/estimate-gas,GET,0xa2a8df0f7caabea4e120a2568118f141569fc8aa,False,402,True,True,2,True,True,289,
2026-09-30,saylorinnovations.com,https://saylorinnovations.com/api/evm/base/:chain,GET,0xf8a376ebf123d7252cd7b66bcd77a727a4def22f,False,404,True,False,,,,379,
2026-09-30,saylorinnovations.com,https://saylorinnovations.com/api/evm/base/events/:address,GET,0xa2a8df0f7caabea4e120a2568118f141569fc8aa,False,400,True,False,,,,205,
2026-09-30,saylorinnovations.com,https://saylorinnovations.com/api/evm/base/nonce/:address,GET,0xa2a8df0f7caabea4e120a2568118f141569fc8aa,False,400,True,False,,,,209,
2026-09-30,saylorinnovations.com,https://saylorinnovations.com/api/evm/bsc/allowance/:address/:address2/:address3,GET,0xa2a8df0f7caabea4e120a2568118f141569fc8aa,False,400,True,False,,,,213,
2026-09-30,saylorinnovations.com,https://saylorinnovations.com/api/evm/bsc/block/latest,GET,0xa2a8df0f7caabea4e120a2568118f141569fc8aa,False,402,True,True,2,True,True,212,
2026-09-30,saylorinnovations.com,https://saylorinnovations.com/api/evm/ethereum/contract/:address,GET,0xa2a8df0f7caabea4e120a2568118f141569fc8aa,False,400,True,False,,,,195,
2026-09-30,saylorinnovations.com,https://saylorinnovations.com/api/evm/ethereum/nfts/:address/:address2,GET,0xa2a8df0f7caabea4e120a2568118f141569fc8aa,False,400,True,False,,,,201,
2026-09-30,saylorinnovations.com,https://saylorinnovations.com/api/evm/ethereum/nonce/:address,GET,0xa2a8df0f7caabea4e120a2568118f141569fc8aa,False,400,True,False,,,,209,
2026-09-30,saylorinnovations.com,https://saylorinnovations.com/api/evm/optimism/contract/:address,GET,0xa2a8df0f7caabea4e120a2568118f141569fc8aa,False,400,True,False,,,,191,
2026-09-30,saylorinnovations.com,https://saylorinnovations.com/api/evm/polygon/:chain,GET,0xf8a376ebf123d7252cd7b66bcd77a727a4def22f,False,404,True,False,,,,185,
2026-09-30,saylorinnovations.com,https://saylorinnovations.com/api/evm/polygon/events/:address,GET,0xa2a8df0f7caabea4e120a2568118f141569fc8aa,False,400,True,False,,,,228,
2026-09-30,saylorinnovations.com,https://saylorinnovations.com/api/genetics/gene/:symbol,GET,0xa2a8df0f7caabea4e120a2568118f141569fc8aa,False,400,True,False,,,,420,
2026-09-30,saylorinnovations.com,https://saylorinnovations.com/api/hazards/tsunami,GET,0xa2a8df0f7caabea4e120a2568118f141569fc8aa,False,402,True,True,2,True,True,246,
2026-09-30,saylorinnovations.com,https://saylorinnovations.com/api/holders/:mint,GET,0xa2a8df0f7caabea4e120a2568118f141569fc8aa,False,400,True,False,,,,351,
2026-09-30,saylorinnovations.com,https://saylorinnovations.com/api/kb/agent-cost-latency-budget,GET,0xa2a8df0f7caabea4e120a2568118f141569fc8aa,False,402,True,True,2,True,True,358,
2026-09-30,saylorinnovations.com,https://saylorinnovations.com/api/kb/agent-sandbox-execution,GET,0xa2a8df0f7caabea4e120a2568118f141569fc8aa,False,402,True,True,2,True,True,427,
2026-09-30,saylorinnovations.com,https://saylorinnovations.com/api/kb/building-an-ai-agent-that-pays-with-x402,GET,0xa2a8df0f7caabea4e120a2568118f141569fc8aa,False,402,True,True,2,True,True,202,
2026-09-30,saylorinnovations.com,https://saylorinnovations.com/api/kb/dex-pool-health,GET,0xa2a8df0f7caabea4e120a2568118f141569fc8aa,False,402,True,True,2,True,True,189,
2026-09-30,saylorinnovations.com,https://saylorinnovations.com/api/kb/durable-agent-workflows,GET,0xa2a8df0f7caabea4e120a2568118f141569fc8aa,False,402,True,True,2,True,True,217,
2026-09-30,saylorinnovations.com,https://saylorinnovations.com/api/kb/lead-list-quality,GET,0xa2a8df0f7caabea4e120a2568118f141569fc8aa,False,402,True,True,2,True,True,611,
2026-09-30,saylorinnovations.com,https://saylorinnovations.com/api/kb/mapping-a-new-url-in-google-sites,GET,0xa2a8df0f7caabea4e120a2568118f141569fc8aa,False,402,True,True,2,True,True,190,
2026-09-30,saylorinnovations.com,https://saylorinnovations.com/api/kb/multi-agent-coordination,GET,0xa2a8df0f7caabea4e120a2568118f141569fc8aa,False,402,True,True,2,True,True,205,
2026-09-30,saylorinnovations.com,https://saylorinnovations.com/api/kb/safe-outbound-messaging,GET,0xa2a8df0f7caabea4e120a2568118f141569fc8aa,False,402,True,True,2,True,True,330,
2026-09-30,saylorinnovations.com,https://saylorinnovations.com/api/kb/solana-token-authority,GET,0xa2a8df0f7caabea4e120a2568118f141569fc8aa,False,402,True,True,2,True,True,437,
2026-09-30,saylorinnovations.com,https://saylorinnovations.com/api/kb/ssh-lockout-recovery,GET,0xa2a8df0f7caabea4e120a2568118f141569fc8aa,False,402,True,True,2,True,True,230,
2026-09-30,saylorinnovations.com,https://saylorinnovations.com/api/kb/support-triage-resolution,GET,0xa2a8df0f7caabea4e120a2568118f141569fc8aa,False,402,True,True,2,True,True,210,
2026-09-30,saylorinnovations.com,https://saylorinnovations.com/api/kb/trading-bot-profitability,GET,0xa2a8df0f7caabea4e120a2568118f141569fc8aa,False,402,True,True,2,True,True,282,
2026-09-30,saylorinnovations.com,https://saylorinnovations.com/api/kb/understanding-extra-pcb-soldering-pads,GET,0xa2a8df0f7caabea4e120a2568118f141569fc8aa,False,402,True,True,2,True,True,233,
2026-09-30,saylorinnovations.com,https://saylorinnovations.com/api/kb/web-performance-vitals,GET,0xa2a8df0f7caabea4e120a2568118f141569fc8aa,False,402,True,True,2,True,True,197,
2026-09-30,saylorinnovations.com,https://saylorinnovations.com/api/lottery/check,GET,0xa2a8df0f7caabea4e120a2568118f141569fc8aa,False,402,True,True,2,True,True,232,
2026-09-30,saylorinnovations.com,https://saylorinnovations.com/api/package/search,GET,0xa2a8df0f7caabea4e120a2568118f141569fc8aa,False,402,True,True,2,True,True,226,
2026-09-30,saylorinnovations.com,https://saylorinnovations.com/api/predictions/kalshi/KXPRESNOMD-28,GET,0xa2a8df0f7caabea4e120a2568118f141569fc8aa,False,402,True,True,2,True,True,237,
2026-09-30,saylorinnovations.com,https://saylorinnovations.com/api/sanctions/address/:address,GET,0xa2a8df0f7caabea4e120a2568118f141569fc8aa,False,400,True,False,,,,198,
2026-09-30,saylorinnovations.com,https://saylorinnovations.com/api/ta/BTC-USD,GET,0xa2a8df0f7caabea4e120a2568118f141569fc8aa,False,402,True,True,2,True,True,354,
2026-09-30,saylorinnovations.com,https://saylorinnovations.com/api/token-price/bsc/:address,GET,0xa2a8df0f7caabea4e120a2568118f141569fc8aa,False,400,True,False,,,,475,
2026-09-30,saylorinnovations.com,https://saylorinnovations.com/api/transit/london/status,GET,0xa2a8df0f7caabea4e120a2568118f141569fc8aa,False,402,True,True,2,True,True,230,
2026-09-30,saylorinnovations.com,https://saylorinnovations.com/api/trends/now,GET,0xa2a8df0f7caabea4e120a2568118f141569fc8aa,False,402,True,True,2,True,True,497,
2026-09-30,saylorinnovations.com,https://saylorinnovations.com/api/util/holidays,GET,0xa2a8df0f7caabea4e120a2568118f141569fc8aa,False,402,True,True,2,True,True,218,
2026-09-30,saylorinnovations.com,https://saylorinnovations.com/api/web/domain/:domain,GET,0xa2a8df0f7caabea4e120a2568118f141569fc8aa,False,400,True,False,,,,217,
2026-09-30,scopeapi.dev,https://scopeapi.dev/news-research,POST,0xd0cb67af1adbf8982ed1cd085cd4b845704609ce,False,402,True,True,2,True,True,636,
2026-09-30,scout-bazaar-api.dimitri-base-eth.chatgpt.site,https://scout-bazaar-api.dimitri-base-eth.chatgpt.site/scout-deep,POST,0x812db9b2691a457b67eb72f6b76a7fb4413d33f7,False,402,True,True,2,True,True,1384,
2026-09-30,search.combify.app,https://search.combify.app/fast,POST,0x9340d1d596fc63693b71a454516367ece2526f39,False,402,True,True,2,True,True,266,
2026-09-30,secondlook.edgecasesystems.workers.dev,https://secondlook.edgecasesystems.workers.dev/v1/paid/second-look,POST,0xc077a55e71a43ad002fbac7bf91d48e9866e5727,False,402,True,True,2,True,True,668,
2026-09-30,sentinel.rootstuff.io,https://sentinel.rootstuff.io/x402/payment-envelope,POST,0x38287535a4f47f53360940cfad8bf9ac5bc04a69,False,402,True,True,2,True,True,366,
2026-09-30,seoul-weather-402.fly.dev,https://seoul-weather-402.fly.dev/weather/seoul/current,GET,0x1e15e64e815473385b571deec7bce4f0cc262817,False,402,True,True,2,True,True,216,
2026-09-30,settled.justinedwardvolmer.workers.dev,https://settled.justinedwardvolmer.workers.dev/v1/payto/:address,GET,0xb92bb76e3c5575160a2a561913047727d33af9a6,False,402,True,True,2,True,True,880,
2026-09-30,settled.tools,https://settled.tools/v1/pass,POST,0xb92bb76e3c5575160a2a561913047727d33af9a6,False,402,True,True,2,True,True,516,
2026-09-30,shadowharness.com,https://shadowharness.com/v1/sidera/discovery,GET,0x637482e9bbc3f23aa2561ffef50349e0addfafc3,False,200,True,False,,,,456,
2026-09-30,shelf-production-43b5.up.railway.app,https://shelf-production-43b5.up.railway.app/v1/sepolia/block-height/q1,GET,,False,402,True,True,2,,,98,
2026-09-30,shopscout.forgemesh.io,https://shopscout.forgemesh.io/v1/compare,POST,0xabf4fc4feda1e02444247650a23f4acb4e308f66,False,400,True,False,,,,357,
2026-09-30,shopscout.forgemesh.io,https://shopscout.forgemesh.io/v1/products/get,POST,0xabf4fc4feda1e02444247650a23f4acb4e308f66,False,400,True,False,,,,169,
2026-09-30,sigma-api-oracle.tailae0cf3.ts.net,https://sigma-api-oracle.tailae0cf3.ts.net/v1/market/:symbol/opportunity,GET,,False,402,True,True,2,,,1479,
2026-09-30,signal-engine-production-d88d.up.railway.app,https://signal-engine-production-d88d.up.railway.app/v1/arena/ema_5_breakout/DOGE,GET,0xb856b2c501a91d8dc13411dbaeafdcaca8d39901,False,402,True,True,2,True,True,84,
2026-09-30,signal.quickai.build,https://signal.quickai.build/signal,GET,0x85557c90027354eaeffe9ee4b4f4014818d8d3e1,False,402,True,True,2,True,True,252,
2026-09-30,signalforgestudios.com,https://signalforgestudios.com/x402/message-match,POST,0x7e4d786057930b66cb45e2017a587425ebade587,False,400,True,False,,,,207,
2026-09-30,signalforgestudios.com,https://signalforgestudios.com/x402/prospect-batch,POST,0x7e4d786057930b66cb45e2017a587425ebade587,False,400,True,False,,,,220,
2026-09-30,signalforgestudios.com,https://signalforgestudios.com/x402/prospect-qualifier,POST,0x7e4d786057930b66cb45e2017a587425ebade587,False,400,True,False,,,,265,
2026-09-30,signals.gitdealflow.com,https://signals.gitdealflow.com/api/agent/deep-signal/x402,POST,0x3a5635b24bb98899efed2957318a59c469729de9,False,402,True,True,1,True,True,948,
2026-09-30,simfuse.app,https://simfuse.app/x402/plans/search,POST,0x74ae7540109f9640c426b34dfd06e60d4918cd0a,False,402,True,True,2,True,True,579,
2026-09-30,simfuse.app,https://simfuse.app/x402/purchase/01kvmtdc25axef9bh0f1639nkj,POST,0x74ae7540109f9640c426b34dfd06e60d4918cd0a,False,402,True,True,2,True,True,533,
2026-09-30,site.intel.rallylive.ca,https://site.intel.rallylive.ca/site/file/apple-touch-icon-png,GET,0xfc24fd34da9e49a0110dcaee3ad30ec54175ebb3,False,402,True,True,2,True,True,574,
2026-09-30,site.intel.rallylive.ca,https://site.intel.rallylive.ca/site/uses/axios,GET,0xfc24fd34da9e49a0110dcaee3ad30ec54175ebb3,False,402,True,True,2,True,True,96,
2026-09-30,site.intel.rallylive.ca,https://site.intel.rallylive.ca/site/uses/elementor,GET,0xfc24fd34da9e49a0110dcaee3ad30ec54175ebb3,False,402,True,True,2,True,True,422,
2026-09-30,site.intel.rallylive.ca,https://site.intel.rallylive.ca/site/uses/highcharts,GET,0xfc24fd34da9e49a0110dcaee3ad30ec54175ebb3,False,402,True,True,2,True,True,119,
2026-09-30,site.intel.rallylive.ca,https://site.intel.rallylive.ca/site/uses/litespeed,GET,0xfc24fd34da9e49a0110dcaee3ad30ec54175ebb3,False,402,True,True,2,True,True,91,
2026-09-30,site.intel.rallylive.ca,https://site.intel.rallylive.ca/watch/site/uses/owl-carousel,GET,0xfc24fd34da9e49a0110dcaee3ad30ec54175ebb3,False,402,True,True,2,True,True,711,
2026-09-30,smx.space,https://smx.space/agent/markets/starship-f14-splashdown-test,GET,,False,402,True,True,2,,,128,
2026-09-30,snowsignals-x402.snowsignals.workers.dev,https://snowsignals-x402.snowsignals.workers.dev/phase/boundary,GET,0x9273429d71565154fa0fdf4bf0f404eb02c91518,False,402,True,True,2,True,True,454,
2026-09-30,socialintel.dev,https://socialintel.dev/v1/user/:username,GET,0xb1acd9e0269023546074400a434e703b646aabba,False,402,True,True,2,True,True,368,
2026-09-30,soren.com,https://soren.com/v1/chain/code,GET,0xadc3a47efbd82ed724a0e9a3d08d5a1a8e6586fd,False,402,True,True,2,True,True,624,
2026-09-30,soren.com,https://soren.com/v1/wake,POST,0xadc3a47efbd82ed724a0e9a3d08d5a1a8e6586fd,False,402,True,True,2,True,True,494,
2026-09-30,sqlguard.io,https://sqlguard.io/v1/session,POST,0xc8d524703f1751b565a220087d1d4c44a413c1d7,False,402,True,True,2,True,True,208,
2026-09-30,stable-supabase-git-ben-test-agentcash-rou-586785-merit-systems.vercel.app,https://stable-supabase-git-ben-test-agentcash-rou-586785-merit-systems.vercel.app/api/stablebase/projects/list,POST,0xdedd050dfe4212d52f2a6ed6a2d5d3289de0d5ac,False,402,True,True,2,True,True,180,
2026-09-30,staging.402utils.com,https://staging.402utils.com/v1/iban-check,GET,,False,402,True,True,2,,,854,
2026-09-30,staging.402utils.com,https://staging.402utils.com/v1/vat-check,GET,,False,402,True,True,2,,,96,
2026-09-30,staging.402utils.com,https://staging.402utils.com/v1/x402-lint,GET,,False,402,True,True,2,,,9245,
2026-09-30,staging.toolkit.dev,https://staging.toolkit.dev/api/tool/memory/add-memory,POST,0x0cc2cdc0eb992860d6c2a216b1dc0895fd2df82f,False,402,True,True,1,True,True,1149,
2026-09-30,stockwaves.net,https://stockwaves.net/api/brief/trade,GET,0xdc9f94a8b93f070b58cfa580cbe740d763005fe6,False,402,True,True,2,True,True,295,
2026-09-30,stockwaves.net,https://stockwaves.net/api/btc/signal,GET,0xdc9f94a8b93f070b58cfa580cbe740d763005fe6,False,402,True,True,2,True,True,626,
2026-09-30,stockwaves.net,https://stockwaves.net/api/cn/pulse,GET,0xdc9f94a8b93f070b58cfa580cbe740d763005fe6,False,402,True,True,2,True,True,626,
2026-09-30,stockwaves.net,https://stockwaves.net/api/xstock/health,GET,0xdc9f94a8b93f070b58cfa580cbe740d763005fe6,False,402,True,True,2,True,True,575,
2026-09-30,svm402.com,https://svm402.com/wallet/analyze/:address,GET,,False,402,True,True,2,,,660,
2026-09-30,tariffmonkee.com,https://tariffmonkee.com/paid/gbp-audit,GET,0x0fad15c9f4c38f439fd56c4d4e4bc8fc71c42767,False,402,True,True,2,False,True,1267,
2026-09-30,tariffmonkee.com,https://tariffmonkee.com/paid/work-permit-check,GET,0x0fad15c9f4c38f439fd56c4d4e4bc8fc71c42767,False,402,True,True,2,True,True,1677,
2026-09-30,the-composer.fly.dev,https://the-composer.fly.dev/find,POST,,False,402,True,True,2,,,158,
2026-09-30,the-composer.fly.dev,https://the-composer.fly.dev/intent,POST,,False,402,True,True,2,,,187,
2026-09-30,theartillerist.com,https://theartillerist.com/api/v1/commission-quotes,POST,0xf69586f5e0e5b3b105a1937364d8b299877c9735,False,402,True,True,2,True,True,638,
2026-09-30,theartillerist.com,https://theartillerist.com/api/v1/x402-trial,GET,0xf69586f5e0e5b3b105a1937364d8b299877c9735,False,402,True,True,2,True,True,638,
2026-09-30,tick.twzrd.xyz,https://tick.twzrd.xyz/sku/DIGITAL.ATOM.1,GET,,False,402,True,True,2,,,336,
2026-09-30,tokensafe-production.up.railway.app,https://tokensafe-production.up.railway.app/v1/check,GET,,False,402,True,True,2,,,193,
2026-09-30,topagentx402.vercel.app,https://topagentx402.vercel.app/api/send-native,GET,,False,402,True,True,2,,,251,
2026-09-30,trading-perps.vercel.app,https://trading-perps.vercel.app/api/weather/anomalies,GET,0xbd356968846829e32983bb4abe2d0dd29f2c2f7b,False,402,True,True,2,True,True,433,
2026-09-30,trapcheck.dev,https://trapcheck.dev/brief,GET,0x515323b95e44ab18113916722236847a241b0462,False,402,True,True,2,True,True,502,
2026-09-30,travelcheck-x402.fly.dev,https://travelcheck-x402.fly.dev/v1/airport-risk,POST,0x2618d97b0975d8db91fd1f11fa407073f3b21a90,False,402,True,True,2,True,True,175,
2026-09-30,truevaluerankings.com,https://truevaluerankings.com/premium/custom-ranking,POST,0xcb1aae940c1adfd1560962ddda27d2ae4d951620,False,402,True,True,2,True,True,325,
2026-09-30,trust-agent.io,https://trust-agent.io/v1/provenance/chain,GET,0x6121654d3fd4c8b42a90d30472e4d40927c3e6bb,False,402,True,True,2,True,True,312,
2026-09-30,trust-agent.io,https://trust-agent.io/v1/registry/agents,GET,0x6121654d3fd4c8b42a90d30472e4d40927c3e6bb,False,402,True,True,2,True,True,195,
2026-09-30,trust-agent.io,https://trust-agent.io/v1/verify/batch,POST,0x6121654d3fd4c8b42a90d30472e4d40927c3e6bb,False,402,True,True,2,True,True,163,
2026-09-30,trust-agent.io,https://trust-agent.io/v1/verify/deep,GET,0x6121654d3fd4c8b42a90d30472e4d40927c3e6bb,False,402,True,True,2,True,True,273,
2026-09-30,vadium-lookup.onrender.com,https://vadium-lookup.onrender.com/lookup-paid/:agent_id,GET,0x6d9bfb01d003a680b1809e96c0d4003be2ec87d0,False,402,True,True,2,True,True,168,
2026-09-30,vaunt-dispatch-production.up.railway.app,https://vaunt-dispatch-production.up.railway.app/agent/x402/cost/BTC,GET,0xf4b1093a9498523e18c484989df5157012abb85f,False,402,True,True,2,True,True,236,
2026-09-30,vaunt-dispatch-production.up.railway.app,https://vaunt-dispatch-production.up.railway.app/agent/x402/cost/xyz-NVDA,GET,0xf4b1093a9498523e18c484989df5157012abb85f,False,402,True,True,2,True,True,257,
2026-09-30,video.api.williamrobinson.dev,https://video.api.williamrobinson.dev/v1/video/finish,POST,0x26026370fe8b2bb17af9092a17691c76519366da,False,402,True,True,2,True,True,553,
2026-09-30,vps.phoneagent.xyz,https://vps.phoneagent.xyz/catalog,GET,0x8ecbd65228930060363c70854da7d37d57ffc358,False,402,True,True,2,True,True,246,
2026-09-30,wallet-services-poc-clean.3hz-services.workers.dev,https://wallet-services-poc-clean.3hz-services.workers.dev/weather,GET,,False,402,True,True,2,,,251,
2026-09-30,web-access-gateway.mattskowronis.workers.dev,https://web-access-gateway.mattskowronis.workers.dev/v1/read,POST,0x3a438b911b8e2995a9c855578f95b2889752498f,False,402,True,True,2,True,True,252,
2026-09-30,web-access-gateway.mattskowronis.workers.dev,https://web-access-gateway.mattskowronis.workers.dev/v1/search,POST,0x3a438b911b8e2995a9c855578f95b2889752498f,False,402,True,True,2,True,True,771,
2026-09-30,web-production-220a3.up.railway.app,https://web-production-220a3.up.railway.app/agentic/call/chat_completion,POST,0xe81c67c086c83997b41673e1e41e481c14d756f6,False,402,True,True,2,False,True,112,
2026-09-30,web-production-220a3.up.railway.app,https://web-production-220a3.up.railway.app/agentic/call/swoge_economy,POST,0xe81c67c086c83997b41673e1e41e481c14d756f6,False,402,True,True,2,True,True,84,
2026-09-30,web-production-7442b.up.railway.app,https://web-production-7442b.up.railway.app/v1/commerce/:botanical_id/product/:product_id,GET,0xeadeaf18f0adcc1e96ae00e5960d706447602566,False,500,True,False,,,,249,
2026-09-30,workers.miodiollc.com,https://workers.miodiollc.com/v1/risk/:address,GET,0x4da1ed782bd61bae9add5a5cabbcf32f767f8d7f,False,400,True,False,,,,584,
2026-09-30,workers.miodiollc.com,https://workers.miodiollc.com/v1/vault/:address,GET,0x4da1ed782bd61bae9add5a5cabbcf32f767f8d7f,False,400,True,False,,,,409,
2026-09-30,worxai.tech,https://worxai.tech/api/x402/v2/analytics,GET,0xd5f951c86b0a4022c72c38ab5ba66a682a259420,False,402,True,True,2,True,True,1752,
2026-09-30,worxai.tech,https://worxai.tech/api/x402/v2/ledger,GET,0xd5f951c86b0a4022c72c38ab5ba66a682a259420,False,402,True,True,2,True,True,375,
2026-09-30,www.capminal.ai,https://www.capminal.ai/api/x402/research,GET,0xf9d1d63f362bbf1ee08ab9acb36fe74afc48d5f1,False,402,True,True,2,True,True,237,
2026-09-30,www.extendcontent.com,https://www.extendcontent.com/api/agent/shotstack/render,POST,0xfc8922017ae8372a1fa94e93469c89218523ed76,False,402,True,True,2,False,True,2528,
2026-09-30,www.mahastrategies.com,https://www.mahastrategies.com/api/v1/calculations/vimshottari,POST,0xec84c1cd6602bbe387bc8e6f0d3c062f2762de28,False,402,True,True,2,True,True,1531,
2026-09-30,www.mahastrategies.com,https://www.mahastrategies.com/api/v1/micro/audit-export-normalizer,POST,0xec84c1cd6602bbe387bc8e6f0d3c062f2762de28,False,402,True,True,2,True,True,286,
2026-09-30,www.mahastrategies.com,https://www.mahastrategies.com/api/v1/micro/divine-name-disambiguation,POST,0xec84c1cd6602bbe387bc8e6f0d3c062f2762de28,False,402,True,True,2,True,True,277,
2026-09-30,www.mahastrategies.com,https://www.mahastrategies.com/api/v1/micro/reception-lineage-retrieval,POST,0xec84c1cd6602bbe387bc8e6f0d3c062f2762de28,False,402,True,True,2,True,True,364,
2026-09-30,www.mahastrategies.com,https://www.mahastrategies.com/api/v1/micro/revision-lineage-check,POST,0xec84c1cd6602bbe387bc8e6f0d3c062f2762de28,False,402,True,True,2,True,True,356,
2026-09-30,www.productclank.com,https://www.productclank.com/api/x402/boost-trial,POST,0x876be690234aad9c7ae8bb02c6900f5844acaf68,False,402,True,True,2,True,True,243,
2026-09-30,www.securaw.com,https://www.securaw.com/cryptovar/x402/proof_verify,POST,0x2cf1aad0f7352b9f5f3c1b79f78810a834ada470,False,402,True,True,2,True,True,696,
2026-09-30,www.stratalize.com,https://www.stratalize.com/api/x402/salary-benchmark,POST,0x5d51ecc50813e0937a5c43be298e9146796ad60d,False,402,True,True,2,True,True,1783,
2026-09-30,www.thelatentlounge.com,https://www.thelatentlounge.com/api/play/induction,GET,0xe11d166355825215d33a7b2dc47c05d4dcf6975c,False,402,True,True,2,True,True,179,
2026-09-30,www.vokko.eu,https://www.vokko.eu/api/v1/hosts/:domain,GET,0x07066ea0e66cf277cd279ed7fbca220ecb41e5a4,False,402,True,True,2,True,True,259,
2026-09-30,x402-api-24223879872.us-east1.run.app,https://x402-api-24223879872.us-east1.run.app/v1/mx/clabe,POST,0x8b9b012432a6b17dd08934fa357d61aab3fce93d,False,402,True,True,2,True,True,204,
2026-09-30,x402-api-24223879872.us-east1.run.app,https://x402-api-24223879872.us-east1.run.app/v1/package-trust,GET,0x8b9b012432a6b17dd08934fa357d61aab3fce93d,False,402,True,True,2,True,True,156,
2026-09-30,x402-api-catalog.onrender.com,https://x402-api-catalog.onrender.com/api/contract-check,GET,0x9041f8a43d0b43209b9227de2c7fb25c9fe3847e,False,402,True,True,2,True,True,174,
2026-09-30,x402-bazaar-rank.x402-bazaar-rank-worker.workers.dev,https://x402-bazaar-rank.x402-bazaar-rank-worker.workers.dev/count,GET,0xeca891e34b3e5873181fb779672564e198c55354,False,402,True,True,2,True,True,1591,
2026-09-30,x402-bazaar-rank.x402-bazaar-rank-worker.workers.dev,https://x402-bazaar-rank.x402-bazaar-rank-worker.workers.dev/in-bitcoin,GET,0xeca891e34b3e5873181fb779672564e198c55354,False,402,True,True,2,True,True,588,
2026-09-30,x402-bazaar-rank.x402-bazaar-rank-worker.workers.dev,https://x402-bazaar-rank.x402-bazaar-rank-worker.workers.dev/in-derivatives-deep,GET,0xeca891e34b3e5873181fb779672564e198c55354,False,402,True,True,2,True,True,1362,
2026-09-30,x402-bazaar-rank.x402-bazaar-rank-worker.workers.dev,https://x402-bazaar-rank.x402-bazaar-rank-worker.workers.dev/in-macro,GET,0xeca891e34b3e5873181fb779672564e198c55354,False,402,True,True,2,False,True,504,
2026-09-30,x402-bazaar-rank.x402-bazaar-rank-worker.workers.dev,https://x402-bazaar-rank.x402-bazaar-rank-worker.workers.dev/in-price,GET,0xeca891e34b3e5873181fb779672564e198c55354,False,402,True,True,2,True,True,1284,
2026-09-30,x402-bazaar-rank.x402-bazaar-rank-worker.workers.dev,https://x402-bazaar-rank.x402-bazaar-rank-worker.workers.dev/in-search,GET,0xeca891e34b3e5873181fb779672564e198c55354,False,402,True,True,2,False,True,324,
2026-09-30,x402-bazaar-rank.x402-bazaar-rank-worker.workers.dev,https://x402-bazaar-rank.x402-bazaar-rank-worker.workers.dev/in-text,GET,0xeca891e34b3e5873181fb779672564e198c55354,False,402,True,True,2,False,True,298,
2026-09-30,x402-bazaar-rank.x402-bazaar-rank-worker.workers.dev,https://x402-bazaar-rank.x402-bazaar-rank-worker.workers.dev/in-usdc,GET,0xeca891e34b3e5873181fb779672564e198c55354,False,402,True,True,2,True,True,1426,
2026-09-30,x402-bazaar-rank.x402-bazaar-rank-worker.workers.dev,https://x402-bazaar-rank.x402-bazaar-rank-worker.workers.dev/in-weather,GET,0xeca891e34b3e5873181fb779672564e198c55354,False,402,True,True,2,True,True,1346,
2026-09-30,x402-coin-api.vercel.app,https://x402-coin-api.vercel.app/api/price,GET,,False,402,True,True,1,,,964,
2026-09-30,x402-data-api.x402agent.workers.dev,https://x402-data-api.x402agent.workers.dev/sec-latest,GET,0x3a137ae81cfd1ea48414c85db362591fd238d3cc,False,402,True,True,2,True,True,140,
2026-09-30,x402-demo-discovery-endpoint.vercel.app,https://x402-demo-discovery-endpoint.vercel.app/protected,GET,0x021028695eafdde60e139d87000a8bd6cb65645e,False,402,True,True,1,True,True,792,
2026-09-30,x402-extract-wg5z.onrender.com,https://x402-extract-wg5z.onrender.com/extract,POST,0xea6c6d0361a758e51004fc5b0c31a3c6b2408858,False,402,True,True,2,True,True,572,
2026-09-30,x402-integration-risk.vercel.app,https://x402-integration-risk.vercel.app/v1/decide/integration-risk,POST,,False,402,True,True,2,,,178,
2026-09-30,x402-paid-service.iholt.workers.dev,https://x402-paid-service.iholt.workers.dev/api/execute,POST,0x60c4499870f115664d7ffd8411b023dbef3377d9,False,402,True,True,2,True,True,230,
2026-09-30,x402-service-production-e242.up.railway.app,https://x402-service-production-e242.up.railway.app/flood-risk,GET,,False,402,True,True,2,,,170,
2026-09-30,x402-test.genesisblock.ai,https://x402-test.genesisblock.ai/api/weather,GET,,False,402,True,True,2,,,1845,
2026-09-30,x402-tools-production-2755.up.railway.app,https://x402-tools-production-2755.up.railway.app/tools/gas,GET,0xef7674f50f84e9b9a89af9dc40ffea56edf67d6c,False,402,True,True,2,True,True,81,
2026-09-30,x402-tools-production-2755.up.railway.app,https://x402-tools-production-2755.up.railway.app/tools/metadata,GET,0xef7674f50f84e9b9a89af9dc40ffea56edf67d6c,False,402,True,True,2,True,True,73,
2026-09-30,x402-tools-production-2755.up.railway.app,https://x402-tools-production-2755.up.railway.app/tools/token-price,GET,0xef7674f50f84e9b9a89af9dc40ffea56edf67d6c,False,402,True,True,2,True,True,103,
2026-09-30,x402-url-extractor-production.up.railway.app,https://x402-url-extractor-production.up.railway.app/wallet-enrich,GET,0x8904df3de6dfee6a7c8cc38619d2f17806213cee,False,402,True,True,2,True,True,174,
2026-09-30,x402.agentindex.world,https://x402.agentindex.world/crypto,GET,0xb3f32bdfe8d07825bc0d7387295ab1d7559ba69d,False,402,True,True,2,True,True,2587,
2026-09-30,x402.agentindex.world,https://x402.agentindex.world/rank,POST,0xb3f32bdfe8d07825bc0d7387295ab1d7559ba69d,False,402,True,True,2,True,True,1952,
2026-09-30,x402.agentindex.world,https://x402.agentindex.world/search,POST,0xb3f32bdfe8d07825bc0d7387295ab1d7559ba69d,False,402,True,True,2,True,True,1850,
2026-09-30,x402.agentindex.world,https://x402.agentindex.world/translate,POST,0xb3f32bdfe8d07825bc0d7387295ab1d7559ba69d,False,402,True,True,2,True,True,1576,
2026-09-30,x402.agentindex.world,https://x402.agentindex.world/web-read,POST,0xb3f32bdfe8d07825bc0d7387295ab1d7559ba69d,False,402,True,True,2,True,True,2107,
2026-09-30,x402.billionaireorder.com,https://x402.billionaireorder.com/v1/virtual-traits,POST,0x2f58f210fca0e3a486eacc29057a04576aee265e,False,402,True,True,2,True,True,627,
2026-09-30,x402.cloudpulsepoint.com,https://x402.cloudpulsepoint.com/agent/check/perf,POST,0x05a877ef93e7818828d199e2df0028bca3c75bf0,False,400,True,False,,,,416,
2026-09-30,x402.crackthe.work,https://x402.crackthe.work/v1/decompose,POST,0x4e68be31183692e439f35a0e94aa2d3c71bbd7bf,False,402,True,True,2,True,True,332,
2026-09-30,x402.fairseal.io,https://x402.fairseal.io/v1/notarize,POST,0xbd5eb5559f5ac14475ac0c81b6735a4d9106ce28,False,402,True,True,2,True,True,615,
2026-09-30,x402.forgemesh.io,https://x402.forgemesh.io/the-daily-402,POST,0x84a1827f1705c257e80771fdc2b152aea4a57a08,False,402,True,True,2,True,True,172,
2026-09-30,x402.isthisarug.trade,https://x402.isthisarug.trade/should-buy,GET,0x45e9c22fa811be932fdd3c5c7364484edc0da60f,False,530,True,False,,,,145,
2026-09-30,x402.nexari.cloud,https://x402.nexari.cloud/company/live/:company_id,GET,0x5c3351bf0843e533054e87e05b20486f25b04254,False,402,True,True,2,True,True,590,
2026-09-30,x402.onlybots.shop,https://x402.onlybots.shop/read,GET,0xea47c042cdd021d19b4fcbb2b27fbc8824fd3b16,False,402,True,True,2,True,True,567,
2026-09-30,x402.onlybots.shop,https://x402.onlybots.shop/search,GET,0xea47c042cdd021d19b4fcbb2b27fbc8824fd3b16,False,402,True,True,2,True,True,526,
2026-09-30,x402.orthogonal.com,https://x402.orthogonal.com/fiber/v1/tiktok/video-details,POST,0x6bab1d63b3b51a88c7f87402db2803b05f0ae9e9,False,402,True,True,2,True,True,364,
2026-09-30,x402.orthogonal.com,https://x402.orthogonal.com/fiber/v1/twitter/search,POST,0x6bab1d63b3b51a88c7f87402db2803b05f0ae9e9,False,402,True,True,2,True,True,228,
2026-09-30,x402.orthogonal.com,https://x402.orthogonal.com/leadsforge/lookalikes/filters/departments,GET,0xefcd28bb1bf3a80c26c7195af15c47ff3b815669,False,402,True,True,2,True,True,173,
2026-09-30,x402.orthogonal.com,https://x402.orthogonal.com/leadsforge/lookalikes/filters/locations,GET,0xefcd28bb1bf3a80c26c7195af15c47ff3b815669,False,402,True,True,2,True,True,312,
2026-09-30,x402.orthogonal.com,https://x402.orthogonal.com/leadsforge/search/filters/departments,GET,0xefcd28bb1bf3a80c26c7195af15c47ff3b815669,False,402,True,True,2,True,True,304,
2026-09-30,x402.orthogonal.com,https://x402.orthogonal.com/precip/api/v1/temperature-hourly,GET,0x6013d764502369012df405a21c7dcbb6efd1507b,False,402,True,True,2,True,True,1218,
2026-09-30,x402.orthogonal.com,https://x402.orthogonal.com/rocketreach/person/lookup,GET,0x8666a0796297de08364e0c8cda235463a79de43c,False,402,True,True,2,True,True,274,
2026-09-30,x402.orthogonal.com,https://x402.orthogonal.com/speixFkLB/api/v1/hourly,GET,0x6013d764502369012df405a21c7dcbb6efd1507b,False,402,True,True,2,True,True,307,
2026-09-30,x402.sniperx.fun,https://x402.sniperx.fun/api/v1/token/activities/smarttraders_smartmoney,GET,,False,402,True,True,2,,,497,
2026-09-30,x402.spendthebits.com,https://x402.spendthebits.com/@stbclaudeprod/proof/,GET,0x59d7c809e709e1b64a26536ecb0757cf8c964618,False,402,True,True,2,True,True,127,
2026-09-30,x402.telnyx.com,https://x402.telnyx.com/v1/chat/completions/_t/gemma-2b,POST,0x19a78b27a28ed93c3c914878bde7f2f843afaea8,False,402,True,True,2,True,True,197,
2026-09-30,x402check.arden-instance.workers.dev,https://x402check.arden-instance.workers.dev/base/gas,GET,0xceec1c3f6cd66dc7c91fae0e232eac0d346564e9,False,402,True,True,2,True,True,168,
2026-09-30,x402dir.com,https://x402dir.com/api/recommend,GET,0x96da70311d3fdb8500b9ab0855e17f213db0c9aa,False,402,True,True,2,True,True,879,
2026-09-30,x402orcle.vercel.app,https://x402orcle.vercel.app/api/consult/oracle_bazaar_rewrite,POST,0xab745e5f576667037696e78ba7da28e193e4423d,False,400,True,False,,,,201,
2026-09-30,yield.trdefi.com,https://yield.trdefi.com/v1/positions,POST,0x4c96da02d7120bfb81594d0e924b237e0c74660d,False,402,True,True,2,True,True,507,
2026-09-30,zlurp.ai,https://zlurp.ai/scrape,POST,0xed1f3bd0c17b4eb4bcbb2ddb1e436015ac45b711,False,402,True,True,2,True,True,156,
2026-09-30,zlv402.wreckbots.io,https://zlv402.wreckbots.io/api/v1/analyze-token,POST,,False,402,True,True,2,,,365,
2026-09-30,zoningverdict.com,https://zoningverdict.com/api/v1/preflights,POST,0xc1dab3c368f8b6595c49df67f4a17225e0ceb785,False,400,True,False,,,,296,
