week_start,payee,category,category_source,payments,usd,payers,median_payment_usd
2026-08-24,0x68396bd35874695ad86cd29410bd80a550991a2b,compute,model,27097,26427.04,718,0.003
2026-08-24,0x93862e5b2b1fa10a01772e7e9ca7cdc7deb5ca25,large_ticket,unlisted_review,593,7892.69,160,10.791
2026-08-24,0x47d3394c7234714e4b9e9b74827c12be847f9dda,unclassed,none,3230,7170.3,21,1.0
2026-08-24,0x85b47b40455ab2bd7921f76dce841b48c82d627c,unclassed,none,1528,1745.22,2,0.586998
2026-08-24,0xffde1acbac169f822dabc3d97d6d7127dcae6003,large_ticket,unlisted_review,3,1005.0,2,123.75
2026-08-24,0xb0af3ccf9154f81af07a194150113523767d7de0,large_ticket,unlisted_review,164,944.71,3,5.222607
2026-08-24,0x3291e96b3bff7ed56e3ca8364273c5b4654b2b37,other,model,86,941.54,23,0.001
2026-08-24,0xcc74a6404d54de40572e67dc4fa03c6280e68ae3,large_ticket,unlisted_review,3,705.96,3,99.9
2026-08-24,0xa9dd7cc9cbf0e05551332209289f04be36bc2315,data,hand_o2,223319,580.52,65,0.002
2026-08-24,0xdc59fa7b64988b846e76ec9849bb68f889071506,data,hand_o2,4135,379.5,11,0.001
2026-08-24,0x0ad624d12b61591ba2d66b46602299e82f6e14db,large_ticket,unlisted_review,2,338.26,2,169.13
2026-08-24,0xe9030014f5dae217d0a152f02a043567b16c1abf,data,hand_o2,16065,314.18,132,0.002976
2026-08-24,0x325bdf6f7efab24a2210c48c1b64cab2eae1d430,data,hand_o2,16158,301.74,138,0.01
2026-08-24,0x213c8d7434e2ae7aa1c392767c5120778d413215,compute,model,85,230.19,12,0.88
2026-08-24,0x158e90dd58fbe897ed8c244f472febee37283d00,other,model,13084,139.85,2,0.01
2026-08-24,0x21dd37e3e4ea6ccc0a5c98a4944702ede6e7be10,large_ticket,unlisted_review,23,115.0,11,5.0
2026-08-24,0x4aabe17c239ef71c3a26ba7c2b3e0aebbfc1df26,data,model,43,103.0,14,1.0
2026-08-24,0x7d2ceb7a0e0c39a3d0f7b5b491659fde4bb7bcfe,other,model,1862,96.85,115,0.05
2026-08-24,0x942bd3e3073543c674efc0c378d5bce20f9120c1,data,hand_o2,74,95.0,12,0.2
2026-08-24,0x876be690234aad9c7ae8bb02c6900f5844acaf68,content,model,3,90.0,2,20.0
2026-08-24,0x3c0820e2dabd5feae1fd03b78079dee15c7f83d8,unclassed,none,268,83.38,32,0.001
2026-08-24,0xd44434dd42afc079359433d3bcfee82e7bbcec84,unclassed,none,5,70.0,5,10.0
2026-08-24,0x66d7c2f952362bfb24fd7f02a9bec9c754ea83bc,data,hand_o2,1257,69.06,12,0.0324
2026-08-24,0xd4bf214e1c1f7ec0e798eea554d1a1157158ff2b,unclassed,none,316,63.2,107,0.2
2026-08-24,0xcf19bafccbf27369ceea7ff0f60c891dec1a0830,unclassed,none,31,57.74,28,1.96
2026-08-24,0x8ecbd65228930060363c70854da7d37d57ffc358,compute,model,6,52.0,4,6.5
2026-08-24,0xcfa26f13c6c18307033ece13bbb8f470da5b4dbe,search,model,860,51.6,37,0.06
2026-08-24,0x3c919a04f4a491b2d9e7d6ed025f842d2e4b1c9a,unclassed,none,2,50.0,2,25.0
2026-08-24,0x8bb922a6b1e4a873323b8ed1a5bafc8f6856e29b,unclassed,none,3336,49.38,6,0.005
2026-08-24,0x2be87df452c9b30c9f958eed340f051b475e4133,large_ticket,unlisted_review,4,44.59,3,10.795
2026-08-24,0xdd257723b86b4947483905cdacbbbc70facf2ec0,data,hand_o2,1327,34.16,18,0.02
2026-08-24,0x40a8cdd6a10ec1a8cb3dfb2834675e7a2cf4ad8b,other,model,4591,33.64,74,0.01
2026-08-24,0xb0af5ee455413c3904f617cadd3c5e68de683bef,unclassed,none,3,33.0,3,7.0
2026-08-24,0x79e999e2f9d5417f2803f1d88602ab1ea4323881,other,hand_o2+model,49,32.62,6,0.01
2026-08-24,0x93053f1e7a5efeda532fe69cbbe43cbec3a0f13f,data,hand_o2,1722,32.3,39,0.01
2026-08-24,0x07f067959297767c887dbfa3c72379c66e82a045,compute,hand_o10,311,31.96,24,0.04
2026-08-24,0x2670b922ef37c7df47158725c0cc407b5382293f,unclassed,none,170,31.65,6,0.01
2026-08-24,0x5b9acf47eda712cdc7ec4b499646f6c236d880c7,large_ticket,unlisted_review,2,31.0,2,15.5
2026-08-24,0x5ca3647cedc9c22bc1541467277669dfdeca2932,large_ticket,unlisted_review,2,30.0,2,15.0
2026-08-24,0x36038e1d712c5e39f35952164ec58ec2b96caee7,data,hand_o2,1206,27.28,25,0.02
2026-08-24,0x0a45432b7301e6979b3d3247c8dc10f4ceb24e36,unclassed,none,36,24.88,3,0.8
2026-08-24,0x4466d4a84b7c49a6a094ec6eef4a0712d6dd125e,data,hand_o2,1126,24.73,51,0.008
2026-08-24,0x3dbb20dffafedc2fd931017bdae17dae6216f5c5,unclassed,none,12,24.5,12,1.96
2026-08-24,0xc751344ee09b5159160173f77d4a1169bcd386a1,data,hand_o2,5537,24.19,30,0.005
2026-08-24,0x25a8b697da5c0baf698fd6bd9701b5e825214145,data,hand_o2,199,24.0,3,0.02
2026-08-24,0xdd350976b8cffc65938c0464d39a2c78be079bd0,other,hand_o2+model,34,23.76,6,0.005
2026-08-24,0x3aa94d2269180fd08ac0db1c76d3784e9fbc8a3a,other,model,42,23.32,17,0.025
2026-08-24,0x45ac00db8bdd4b837abbbf75888cbdfe6b6d8943,other,hand_o10,7,23.02,5,5.0
2026-08-24,0xa05c8d9e988cd23450b702d98b88142f60cac452,unclassed,none,4,22.0,2,5.0
2026-08-24,0xc7acd120010b07693a59d611c9ae9a2b0bf4568d,unclassed,none,11,21.56,11,1.96
2026-08-24,0xc0a4daa04ded9c54d1239507b5a5e645761ef488,unclassed,none,145,21.49,29,0.09
2026-08-24,0x50ab2018c06c6e4eaa9ba52057eb55ed284912fc,other,hand_o2+model,96,20.94,14,0.02
2026-08-24,0xabf4fabd7c416fb67202e5f9002389fc75e2a9d0,data,hand_o2,1013,20.52,17,0.005
2026-08-24,0xade02dff58b0316f04cd59806e3fdb4690fe89ab,data,hand_o2,205,19.83,14,0.04
2026-08-24,0x7662e00f8ab4c362166e1ff649ff6c2a638c80ad,compute,model,15,19.07,3,1.6762
2026-08-24,0x9aaceabad8e1858b72fcea1665381b168841b2fa,data,model,417,17.67,8,0.05
2026-08-24,0xbd62f8dcb52e21ca5bdf20ba173488da101ebcf0,other,model,24,17.54,4,0.29
2026-08-24,0xbe10313ad04bd9f72f027f6ebbac5df7a0a11445,unclassed,none,30,16.7,30,0.5
2026-08-24,0xa0bfa4f07281c9b248dc3aed2217836bca24869b,other,hand_o2+model,23,15.19,10,0.003
2026-08-24,0x52e29e0d2aa49bfbfc548c0a9f2196f4aa51f3ea,data,hand_o2,3768,15.18,433,0.003
2026-08-24,0xfdb4b511f6ae1f270776e500b3360217d5e7ed03,data,hand_o2,475,15.07,8,0.02
2026-08-24,0xe740d5701749d262da5e4fcb9f814c5b6d91cf46,data,hand_o2,95,14.36,10,0.05
2026-08-24,0x27276467ec4946b171443fb1af9bea6687899db0,unclassed,none,2,13.29,2,6.645
2026-08-24,0xdb5aa553feeb2c3e3d03e8360b36fb0f7e480671,unclassed,none,276,13.12,13,0.001
2026-08-24,0x5d5e0cf1cd611ff6f08e9c5a11cd068ab9b63085,unclassed,none,27,12.3,12,0.1
2026-08-24,0x8a12157b27c22fb239e558dc3cb43c7d1a8c0881,unclassed,none,184,11.93,101,0.07495
2026-08-24,0x52ab53912d37759b2ad364f22dd06b16714b6c06,data,model,80,11.51,10,0.05
2026-08-24,0xd0603f50d6dcb09a4451ac957599bcaedb7f01db,unclassed,none,10,10.0,7,1.0
2026-08-24,0xaeeb8eabdc05532a26123045f99d208eb1cc00ab,data,model,50,9.92,6,0.25
2026-08-24,0xf000ab8b02aa5c52b62bdb10bf63312317e994fc,unclassed,none,142,9.53,4,0.03
2026-08-24,0xcc985ba6934d134feec4824ba40258608f3a4333,compute,model,19,9.52,4,0.5
2026-08-24,0x0e84ddedaae6a779c462c22a59f301ec31b6b808,data,hand_o2,2085,9.01,128,0.003
2026-08-24,0x9811c0900fcb719bbc363a3846d2d6db2771dea8,compute,model,25,8.99,4,0.6
2026-08-24,0x7a17701da9be7ff589be06d2e19eaa3e9daab61e,unclassed,none,3,8.98,3,3.2
2026-08-24,0x6d8abb282c35d45e3c773ad8a67b288ac35fd1e9,compute,model,60,8.8,16,0.25
2026-08-24,0xec9641ebdcdfcad27bc10472d26bdd61cbf71d5c,unclassed,none,47,8.75,3,0.15
2026-08-24,0x43b85ae58f0a2505c710bc715d6f3eb16b1f63de,data,hand_o2,49,8.55,3,0.1
2026-08-24,0x05b7c869c27a40aaccd6107cae68cece01554a7c,unclassed,none,2,8.4,2,4.2
2026-08-24,0x10ff767043a1723e0bb5b9207bc37d3442cc9e4f,compute,hand_o10,10,8.09,3,0.5
2026-08-24,0x155b0f980ba3125e9d1bf98a29586d1d70117629,unclassed,none,8,8.0,7,1.0
2026-08-24,0x75ddd3c42eace13c59ea0cd1141b886a1c70d2a5,data,hand_o2,25,7.95,6,0.35
2026-08-24,0x07317e7713aa8ee93913214a4a74f334ff7db048,unclassed,none,29,7.94,11,0.02
2026-08-24,0x970007590acc5c938cd51345b17af51b1b40d3ab,other,hand_o2+model,223,7.71,10,0.005
2026-08-24,0x1d1b81247c407521e2a01f3e21514870dcf1620f,data,hand_o2,78,7.61,4,0.1
2026-08-24,0xe547819dee840c0a18fac7f840cb0e3847135d59,unclassed,none,3,7.55,3,2.5
2026-08-24,0x0cd2c9724f185a029101b4aeacf3f114415c394f,data,model,158,7.38,5,0.05
2026-08-24,0x7c655d3d3944bd27994dd81a036c3afb19806c40,data,model,184,7.13,22,0.01
2026-08-24,0xc28409a636d6d0bb7c15f04fef444879232d1933,unclassed,none,7,7.0,4,1.0
2026-08-24,0x4f180b7752993b785be84ebbb15ce99c97a926a1,unclassed,none,273,6.86,2,0.024246
2026-08-24,0x4f4beb658084d7bd7ea0b6f74dbf6e99f93d422d,data,model,710,6.77,708,0.0015
2026-08-24,0xdadc335482ad545296fd7b28518a251ffcbeb9df,data,hand_o2,391,6.43,16,0.003
2026-08-24,0xd593832ce9c2b13b192ba50b55dd9af44e96700d,data,hand_o2,275,6.23,8,0.01
2026-08-24,0x6d6e695b09861467c7d462f5aaf31cf3540b9192,search,model,945,6.16,47,0.007
2026-08-24,0x6ab8efe305cce67daa48c97bde29c04402822dff,data,hand_o2,306,6.11,11,0.002
2026-08-24,0xd219db8179bb9c1899ef87f39eeba9d1070c6801,unclassed,none,11,5.94,5,0.54
2026-08-24,0x01f0781a4890610b72e5fae58b0fd103ff5994d6,unclassed,none,3,5.88,3,1.96
2026-08-24,0xdc9f94a8b93f070b58cfa580cbe740d763005fe6,data,model,199,5.76,9,0.03
2026-08-24,0xc9b70d8d342609437bc87ec3c877911a306d3e6a,data,hand_o2,79,5.75,6,0.05
2026-08-24,0x3c5cbe28eca3b96023c45d3f877da834f1c7d5fa,data,model,62,5.74,9,0.0360005
2026-08-24,0xbcbd4963a5b088996f5e26cf0fef38425a00820c,unclassed,none,14,5.64,2,0.43
2026-08-24,0x26c2ebffb2b332e5c188b1e33d4c7fa1a0ce0937,unclassed,none,2,5.35,2,2.675
2026-08-24,0x96ac2cc7c4b3d3b0ceaa833ee2c67aca209bceb3,unclassed,none,3,5.27,3,2.53
2026-08-24,0xa7f3ad0e69f61864092fabba6cee00af6e584689,compute,hand_o10,451,5.19,13,0.003093
2026-08-24,0x8a99fef40d17e0bd6d48ce088cc207847d1c0596,other,hand_o10,5,5.02,5,0.005
2026-08-24,0x58ea54cbae90c99270d93de1caca9465667fa752,other,model,9,5.01,5,0.00102
2026-08-24,0xce50a54f37c0d4c5f8474b6a1c225cc90947f749,unclassed,none,3,5.0,2,2.0
2026-08-24,0x44dc2dceaa22c7ef6b2e2cf2362fd3fb476b7c2c,compute,model,244,4.96,3,0.02
2026-08-24,0xb5bd83040dc3f1509491908bb70b3928405a7f36,unclassed,none,11,4.86,11,0.5
2026-08-24,0x836be278f1739fb4308091cd1852f7971bc19ee2,compute,model,965,4.83,4,0.005
2026-08-24,0x30466d8e83dec5b0c576089ff12e312588a43a65,unclassed,none,4,4.82,2,1.04
2026-08-24,0x33236133bece789d551d0b5c4f9a50095d4b57d3,compute,model,945,4.72,2,0.005
2026-08-24,0xfdfadd01edcbabe025931e45cdc8532b00218500,content,model,6,4.5,2,1.0
2026-08-24,0xa57927ce8817ccf2c404ccf072318de1f0675e3a,unclassed,none,5,4.5,2,0.9
2026-08-24,0x2a90d68071b16ba7ab236709d4e37a54f56fea3b,compute,model,50,4.28,9,0.01
2026-08-24,0xd90b97a39baded42bc784df79177528976abf181,unclassed,none,5,4.21,3,0.36
2026-08-24,0x1df773558ec097ccb204ca8951e7372c26ec46ea,unclassed,none,2,4.15,2,2.075
2026-08-24,0x788b4ca11950879550353d8ae82d1c0af6018454,other,model,11,4.14,6,0.02
2026-08-24,0x9cc774a8ed49d89cba1a288f4a050b8f7fba77ee,data,model,32,4.13,7,0.001
2026-08-24,0xe9740820225b3918b4ddd1292c7ca4ca0e2c2f08,compute,hand_o2+model,12,4.11,8,0.01
2026-08-24,0x0b57c0e8e2aa91f8b7d34010357dcd3c2adc584a,unclassed,none,2,4.0,2,2.0
2026-08-24,0x98e74178bfbd97c28c9e2b0046ff39b68bf52f96,large_ticket,unlisted_review,2,3.92,2,1.96
2026-08-24,0x0529671b72d9fd6cdd20a9a0467f4e7dbadb7db3,data,model,386,3.86,13,0.01
2026-08-24,0xbf22b6ddb5a08c823856a779f1004eea60c5ab92,content,hand_o10,6,3.72,2,0.85
2026-08-24,0x1ddf747975c4ebeaf48e14a5110f7eab6b0807f2,other,model,47,3.71,8,0.1
2026-08-24,0xf1453b5498760508765c29f090492ac1714bced1,unclassed,none,6,3.6,5,0.2
2026-08-24,0x642e8a7c289381f24f0395e0539f0ba41c74cc1b,unclassed,none,16,3.56,3,0.1
2026-08-24,0x6acdd8bd5d568cb822501c50024440e23d2184ef,unclassed,none,4,3.56,3,0.3
2026-08-24,0x5e709929a4ab69ec3a8811d03417869059bc4eb9,other,hand_o2+model,55,3.46,7,0.02
2026-08-24,0x7b13107779cfda1beba3289d0fbe27310436f3e3,data,model,69,3.45,4,0.05
2026-08-24,0xb3b9f252dd3c9d72569c1cee35360f87ebc156d1,unclassed,none,3,3.31,2,0.144
2026-08-24,0xed762b34510517dac45fa2f3a6a77e40f21769fa,unclassed,none,2,3.3,2,1.65
2026-08-24,0x7941582afbf097cbcba3fee8b7cac1a8bc329139,unclassed,none,5,3.28,2,0.12
2026-08-24,0x91aaa2d70f1845586b331a0e28762eefba65cde1,compute,model,3,3.25,2,1.0
2026-08-24,0x223143cfa1ed3940f55635e9ccb67bf948916089,unclassed,none,2,3.23,2,1.615
2026-08-24,0x3070fbb3803819fb5bdfe9286fdc6325a877fa85,data,hand_o2,173,3.18,11,0.02
2026-08-24,0x7f33b3c113915a0f2981070553ba9538c0f90171,data,hand_o2,5,3.12,4,0.1
2026-08-24,0x4c1a4fce51fea51f128a01cce8becb106d391155,compute,model,11,3.0,3,0.25
2026-08-24,0xd328e037e202af43200829d89d9d6cdbc61c5fd0,unclassed,none,3,3.0,2,1.0
2026-08-24,0xd07c06a650a88bbcf4f0c4fbf2c6c08c9a60acc6,data,model,297,2.97,4,0.01
2026-08-24,0xab62452b4b019bc4402bffcca6c706d16d72a7bf,compute,hand_o2+model,25,2.86,3,0.001
2026-08-24,0x4ea76a7d7ad1dc8fd8e1a8bcf9f6800b562a9d4e,unclassed,none,6,2.83,5,0.5
2026-08-24,0xd4931c41dac198317f11aabb1a10f3c39c9469c9,unclassed,none,2,2.8,2,1.4
2026-08-24,0x2b6d4988db4723e6908db86ab2b8dfbc51fc32c5,other,hand_o2+model,426,2.73,22,0.0025
2026-08-24,0x7cd5df315d3e2ca146960a607a86a6951bf66dac,unclassed,none,8,2.72,2,0.0093505
2026-08-24,0xd5a6b101ac9e8b915fc86a281863c01caed911d9,unclassed,none,2,2.7,2,1.35
2026-08-24,0x29322ea7ecb34aa6164cb2ddeb9ce650902e4f60,data,hand_o2,310,2.68,110,0.005
2026-08-24,0x276efa09388fb1578a6c415b8f90d26fdfce0cf2,data,model,31,2.64,11,0.02
2026-08-24,0xc7d2dd296379aa701ef67ce2a1c3398865a74fe7,unclassed,none,8,2.57,4,0.335
2026-08-24,0x6e9c2ebca537f861fe9242f8f974d99b3df762b2,data,model,128,2.56,5,0.02
2026-08-24,0x7f5f784ba98cecfc0ba4336f0e48222a3d4d69a8,data,model,14,2.41,4,0.0025
2026-08-24,0x3d85b93c4a95afc4da2af1d8cd08f8dff5270d07,unclassed,none,3,2.39,2,0.78
2026-08-24,0xab6731a0bcdf511c2842c768a03448075ab654ca,other,hand_o2+model,200,2.37,10,0.01
2026-08-24,0xc3b66d340390d5dd2ec8294168f185e811b6c06b,data,hand_o2,75,2.33,8,0.005
2026-08-24,0x7f985b1764f79faa42a4622bb605b23c8eb5abea,other,hand_o10,31,2.29,4,0.01
2026-08-24,0xd6cd12fd5841e5f1daeb687e4ae041f9d08ac1c3,compute,hand_o2+model,12,2.17,3,0.005
2026-08-24,0x8c128f1ee62bb5e47867cfbae2ad89be325df1b2,data,model,111,2.1,18,0.005
2026-08-24,0x127462e296fac1a7f5cf33ba57bb2f0fff5cd0b6,other,hand_o2+model,31,2.1,12,0.005
2026-08-24,0x68e3e7822cf83c824cf9606ec999b5e8a93c85b5,data,hand_o2,89,2.08,11,0.005
2026-08-24,0x5231d0bc0473433c3cb8d2251d1dafeba27790f1,data,hand_o2,2,2.0,2,1.0
2026-08-24,0xfee13309251b632317ea2d475d6aba7e7e0219e6,other,model,2,2.0,2,1.0
2026-08-24,0x2ec4545f96a24876764bf2b04d54e66a1351be71,data,hand_o2,192,1.96,16,0.01
2026-08-24,0xdaf033ef1cbdd776fcba145ed3a8b66450a7e635,unclassed,none,3,1.89,3,0.63
2026-08-24,0x76a51b5dd3729950b3b60c17f19252d221968fce,data,hand_o2,363,1.82,2,0.005
2026-08-24,0x1f55af9c39e36efc37f0f569ba599e2e498e7946,unclassed,none,4,1.81,2,0.173
2026-08-24,0xd7689d341669918687ef505e8186068d2c522459,unclassed,none,2,1.8,2,0.902
2026-08-24,0x31b6e4e4cf8413c3f6c05bb78f9b198eda706362,unclassed,none,13,1.76,2,0.1
2026-08-24,0x5f7254f252ef9b9f92b6b4f2cf91205ed7a96c7a,compute,model,109,1.72,4,0.01
2026-08-24,0xbaf55b24ca99bd7393b6e627093b13c6628b53cc,search,model,35,1.71,6,0.05
2026-08-24,0x87caed4e51c36a2c2ece3aaf4ddac9693d2405e1,unclassed,none,3,1.71,3,0.357307
2026-08-24,0x73ace32013985f715b5e00e5a341259cce17d220,data,model,8,1.6,4,0.25
2026-08-24,0x880ae37b0d51b9c51c809bba8d2ef9fdffee7fd1,unclassed,none,4,1.6,2,0.4
2026-08-24,0xab745e5f576667037696e78ba7da28e193e4423d,compute,model,11,1.6,2,0.01
2026-08-24,0x0d0e3539da45c573af8730045e7d5f634243f3d3,other,model,12,1.59,2,0.125
2026-08-24,0x93fb99a4ea2134d2d66ea4821df435ccd500fc42,unclassed,none,5,1.55,5,0.309
2026-08-24,0xac0bba6e3241a398b1911528a3e19f87aee12f6e,compute,model,15,1.54,2,0.01
2026-08-24,0xe8e26183736d796d401df30810207465fa708959,data,hand_o2,6,1.54,4,0.01
2026-08-24,0x1f81da453901d15296c1710af83e0bc0371d39f1,data,hand_o2,34,1.46,7,0.05
2026-08-24,0x6e007731870ede419cfb31889cd5c4493cecb04c,data,hand_o2,169,1.44,75,0.0085
2026-08-24,0x552cc4a10878c7f20574489d47184249657ca3f6,data,hand_o2,27,1.42,2,0.005
2026-08-24,0x02c2fcafce36b4aadb39625866bc6b1699d83043,data,model,90,1.41,11,0.014
2026-08-24,0xcb79b3c5a7dadcd7c30e3be252c0ca44a06c6f78,compute,model,14,1.4,4,0.1
2026-08-24,0x8c69b13769ca7033145cedbf463a7fe1368537d1,data,model,14,1.4,5,0.1
2026-08-24,0xb4d61bc3a32425d6bb204c3ad4030dfa4c7b2f46,unclassed,none,238,1.38,3,0.005
2026-08-24,0x6d9d8899efc677834a3652cc50c7cfdf1ac6d9df,unclassed,none,5,1.34,3,0.3
2026-08-24,0xf444abc53f5e1e73caec7df64d147ddb119514a0,data,hand_o2,93,1.32,9,0.01
2026-08-24,0x13e060adcc6f4b731da8382b333027b8b2bff707,data,hand_o2,130,1.3,7,0.01
2026-08-24,0x058d0cc5cc97e61e8a9f38d6d6365bce525921b2,search,model,164,1.29,6,0.003
2026-08-24,0x54bea1e6f70437085b85892a0e7cd6f09ce8c22f,data,model,18,1.29,2,0.03
2026-08-24,0xae2634e709c454f2720c65a0b2f9ba168e431842,data,hand_o2,17,1.28,6,0.01
2026-08-24,0xfeae16b61a6f684e6ee388b6313f1a3aed073488,unclassed,none,4,1.27,3,0.3
2026-08-24,0x885e7bef433eb78f5976b28a7c10739c98db11e5,other,model,18,1.25,5,0.02
2026-08-24,0xa266d5b995b94363d5730cee69ae7bc4c8b76bca,unclassed,none,3,1.25,3,0.5
2026-08-24,0xd22b6d51ff3bb145d55676243d5a7d4c66fd78d5,unclassed,none,10,1.24,4,0.2
2026-08-24,0x217e5fe265eb78b29067bf8324ef03a7d8e167c4,data,model,130,1.21,26,0.006
2026-08-24,0xec643c22e089be9a23a282c532e6557ae08b8902,unclassed,none,12,1.2,2,0.1
2026-08-24,0x33661b8496075c3b8b2b69cb3e03bc3436808d78,content,hand_o10,70,1.18,47,0.01
2026-08-24,0xd5f96558fcb1f127c77c7d95eea067f526d08618,compute,model,48,1.16,3,0.001
2026-08-24,0xa112c9c8bf655c678c768b6fd42a1c6fbfed7d60,unclassed,none,17,1.15,4,0.01
2026-08-24,0x4df66b6c140778fe0717880a7c6dde5ea53acdea,data,hand_o2,50,1.14,5,0.02
2026-08-24,0x1831f336585a6c67b6a954d28f3e07f44c4eebbd,data,hand_o2,171,1.14,5,0.001
2026-08-24,0x971df5ff13d8c87c6f5c36bc76e2554be27781ae,unclassed,none,2,1.1,2,0.55
2026-08-24,0x6c0752c09e7f6fa6526fcdf40e456a159ebb5621,compute,hand_o2+model,61,1.09,14,0.006
2026-08-24,0x110cdbba7fe6434ec4ce3464cc523942ad6fb784,data,model,108,1.08,22,0.01
2026-08-24,0xc4f9f3b2cc0eac2542df9f1cb8f5c118e13a0045,data,model,108,1.08,6,0.01
2026-08-24,0x40e5a6647803c2dd686049dcdc5f9c34817d7a7f,data,model,35,1.08,8,0.01
2026-08-24,0x0d083590c048a243e24a75e3a7c968145de25b44,data,model,211,1.07,5,0.005
2026-08-24,0x973a31858f4d2125f48c880542da11a2796f12d6,data,hand_o2,36,1.06,7,0.01
2026-08-24,0x8364bc963a144f2804be45e23210e2c81bc9acc9,unclassed,none,3,1.04,3,0.3
2026-08-24,0x4d5d3df7f6e3d568d49bf063ae65773fd1fa02e9,other,model,2,1.03,2,0.515
2026-08-24,0xee72b902af7466023595512e3359bb5bf312977c,other,hand_o2+model,69,1.0,5,0.01
2026-08-24,0xabc6f9c25df2da716e3d67ccf4529ede382bf420,unclassed,none,5,1.0,2,0.2
2026-08-24,0xd1d2e17f48a808d33d9e676a01acda955c112b99,unclassed,none,4,1.0,3,0.3
2026-08-24,0x3e7c9ca818f713f19e126e3b7b37b47dc1411570,search,model,241,0.98,14,0.005
2026-08-24,0x7dd5be069f2d2ead75ec7c3423b116ff043c2629,compute,model,29,0.95,10,0.01
2026-08-24,0x06dff3c8380b5d1799874ada903fc3422882fd6f,other,model,79,0.95,26,0.005
2026-08-24,0xbbecbe90f28632a9d52ed67b33b43767b8c89285,other,hand_o2+model,22,0.94,10,0.005
2026-08-24,0x527b56f3bfbb78c9ff479cec3961fca82c359e1b,unclassed,none,6,0.93,6,0.165
2026-08-24,0x2880edfff13100677bf97a3cbdf3bc34771c4e5e,data,model,113,0.92,12,0.004
2026-08-24,0x224a6395e7353c9dc33c77c35bbe8d54a32d9c4d,unclassed,none,3,0.92,3,0.305
2026-08-24,0x1ffc103849b7ad8866a151149290f6f496e9b439,other,model,91,0.91,4,0.01
2026-08-24,0x67485bc247d70252580fc92ddd6b9b29a0589777,unclassed,none,5,0.91,3,0.1
2026-08-24,0xf30f87f0299601c06cc4c0e5d8b30bd3f664cf83,unclassed,none,3,0.9,3,0.3
2026-08-24,0x177ea123a35253ba8869a7e21e717978e482351d,data,model,38,0.89,4,0.01
2026-08-24,0x7360d007c5b96c1a0be4d3faf7f4bc3f8d1fb832,unclassed,none,27,0.86,2,0.007674
2026-08-24,0x383190a4f26f075fc2c73f6738eabf4dc6f33442,data,model,90,0.86,20,0.01
2026-08-24,0x3cc1d8ee1dfdfd326c19b0884b8df4b24b623f0c,data,hand_o2,79,0.86,4,0.005
2026-08-24,0x7bcd1f84a601f941e883892992a73ce87d7ca2d9,unclassed,none,43,0.85,3,0.02
2026-08-24,0x38c063312719220c676e988f0dee14b4ec0e44c8,data,hand_o2,333,0.84,16,0.002
2026-08-24,0x99750832036f54aa0c12cfa3b46827f2babcbbdd,other,model,62,0.82,2,0.01
2026-08-24,0x00acee6cd97a308ace9a3fe7da90664bfa9b6d21,compute,model,26,0.79,4,0.01
2026-08-24,0x058a5961fbe8cd8e4b47c69d3d82e159cb5d8f17,data,model,91,0.77,14,0.0085
2026-08-24,0xf22e558a00d91ee12a1f50c52186fecb8ddff493,data,hand_o2,147,0.75,25,0.003
2026-08-24,0xf4daf18c153beb90f02a3ffbd4e65856bc42919c,unclassed,none,2,0.73,2,0.365
2026-08-24,0x694a5ea66b91ebe05a0f515d17bf5e923cc46b3e,unclassed,none,2,0.72,2,0.36
2026-08-24,0xe82ebef57fa5af958b8ecb6843d4327d314f59e3,data,hand_o2,118,0.71,8,0.005
2026-08-24,0x9f8bd9875b3e0b632a24a3a7c73f7787175e73a2,other,hand_o2+model,275,0.71,16,0.001
2026-08-24,0x72fbffdc0ddbe5bb6ecc2a9b3a13a63247d14a17,unclassed,none,2,0.71,2,0.357
2026-08-24,0xadc3a47efbd82ed724a0e9a3d08d5a1a8e6586fd,other,hand_o2+model,33,0.7,5,0.02
2026-08-24,0x9876af0f6d8ed5155cd02d1ca56d128601612690,other,hand_o2+model,55,0.69,5,0.01
2026-08-24,0x712c78928080adb009e31315c0c3c7473da9648a,other,model,17,0.69,3,0.005
2026-08-24,0xc2afb91833f4de19542a025872c6085cc29185eb,data,model,166,0.68,6,0.001
2026-08-24,0xd86f1f35d6b15febef2f4a4390b584d8a7dec0b6,data,model,27,0.67,4,0.02
2026-08-24,0xdd5fcea81ca6f1eb39fed5b973de794293b81ba6,compute,hand_o2+model,70,0.67,10,0.01
2026-08-24,0x6d9f318463168ff637b50e5b9a21392e97c7c167,data,hand_o2,75,0.67,7,0.005
2026-08-24,0x63a20fa244d3e6a8902121e99704b7f857dc6ebb,data,model,59,0.65,5,0.01
2026-08-24,0xf752eeb75d3bea24aa867ad93bfd8ef5a2f431b9,search,model,59,0.62,10,0.01
2026-08-24,0xcd8975137d48ed9bfd1c299a62c01420b860070d,data,model,19,0.62,4,0.02
2026-08-24,0x32cd4cfe5a74e895674ca41c9f3ee6e106dd824b,unclassed,none,2,0.62,2,0.312
2026-08-24,0x260fbe1ec46968ee02e5b972507d7bb7f09f82b0,data,hand_o2,15,0.61,9,0.05
2026-08-24,0xf04220c87894e7cbc0273f38c18195dab0db5fe5,search,model,6,0.6,2,0.1
2026-08-24,0x810f6d61f7606deee2657d3083e150a222bc29c5,unclassed,none,7,0.6,4,0.1
2026-08-24,0xa0ac44becc6302298f01ed255b175ca1060c189e,compute,model,41,0.6,2,0.01
2026-08-24,0xbd17480bf6ff056f7b91d9adc9dfda001eb7283d,data,hand_o2,30,0.6,9,0.02
2026-08-24,0x9500075649a70411c81f99c4314f6cff55d12579,unclassed,none,15,0.59,5,0.05
2026-08-24,0x22c24daf579629a6d7418e09e9c71e6c8883f8e2,data,model,60,0.58,4,0.01
2026-08-24,0xcd265870a20db25250535cb8a0d3bb0850417902,data,model,55,0.56,8,0.01
2026-08-24,0x3c5f3a6ce224bb89d72f5eb4232ecc27f67b3eea,data,model,56,0.56,17,0.01
2026-08-24,0x0cb12df486381a0ebebc0ef338da80657f68f9cb,compute,model,28,0.56,3,0.015
2026-08-24,0xbeebd30639e99bbce11faa2b463fcccf6215831b,data,model,51,0.55,16,0.01
2026-08-24,0xe3738580ede5384bb8b8d1c8786b391c59d2668d,data,hand_o2,31,0.55,15,0.01
2026-08-24,0x2740651e046c59ab2a6510401140643292d3a96f,data,hand_o2,54,0.53,3,0.01
2026-08-24,0xf1c7c037891525e360c59f708739ac09a7670c59,compute,model,53,0.53,2,0.01
2026-08-24,0x89080598d9080cdc13f770de543137ca805899c3,unclassed,none,10,0.53,3,0.05
2026-08-24,0x169bf49c6ee5a179190121ab8d180b50e31683d1,data,hand_o2,2,0.53,2,0.265
2026-08-24,0xbfd71ea27ffc99747da2873372f84346d9a8b7ed,unclassed,none,82,0.52,9,0.005
2026-08-24,0x548fc289526ab2f0391d562a723cda64bbf1abc4,data,hand_o2,26,0.52,15,0.011
2026-08-24,0x267c2b764064a90cf779b2e645a144ab12e82ee5,other,model,42,0.51,6,0.01
2026-08-24,0x94b3630034d8cd1e1e3f7994d31683dde391ade8,unclassed,none,2,0.5,2,0.25
2026-08-24,0x478bcdea94b9cb5ea14c33e6f0d7e920743d39f2,data,hand_o2,44,0.49,10,0.01
2026-08-24,0xdefada13f790cf39168691b391cfa0b6f1f5c267,compute,model,92,0.46,2,0.005
2026-08-24,0x40b62aa49f4a929760fb2dd0fcb0642f0aa872eb,other,hand_o2+model,13,0.46,3,0.05
2026-08-24,0xcf9223ece895258dea8d288aebcf846ab8e342fb,data,hand_o2,163,0.45,16,0.002
2026-08-24,0xf080a1aab08650946acda41410a7edc14f7be035,compute,model,46,0.44,7,0.01
2026-08-24,0xc3d01fd2f79d4c57ad106ab8ecc12a5de24f97cb,data,hand_o2,58,0.43,7,0.005
2026-08-24,0xce339395d7f2ea5a5009022ef1c392fb208a989e,search,model,66,0.42,9,0.0035
2026-08-24,0xcc42ed39a06b6cf3f484307ef76b88bf56fb305f,data,hand_o2,26,0.42,8,0.02
2026-08-24,0x6b2891b824206b0dc9884751fdbaf73e9cce651b,data,model,12,0.42,4,0.01
2026-08-24,0xc2f5fc2f46c8640a60a1ebfa9776338cc1b1e1dc,unclassed,none,9,0.41,2,0.05
2026-08-24,0x93238b8fba36ee0e7ffedd13f5381357dffca2de,unclassed,none,2,0.4,2,0.2
2026-08-24,0xa13d363aecccf878ec64f6eb687eb4a771fb0599,data,hand_o2,22,0.39,6,0.01
2026-08-24,0x5bb4b0c766e0d5d791d9403fc275c22064709f68,data,model,291,0.38,60,0.001
2026-08-24,0x85557c90027354eaeffe9ee4b4f4014818d8d3e1,compute,model,12,0.38,5,0.05
2026-08-24,0x40326bca97b0a971c42da694663e9659fe127fec,unclassed,none,2,0.38,2,0.19095
2026-08-24,0x28410eac7393dba041cd5a92eefe7a8e834310bb,data,hand_o2,12,0.37,7,0.02
2026-08-24,0xca1271e777c209e171826a681855351f4989cd0c,content,hand_o10,7,0.37,2,0.031
2026-08-24,0x8647f7d7a1368a467ad1ff757fbc2e7167973558,data,hand_o2,46,0.36,9,0.005
2026-08-24,0x21b077b26bfda6d2b8fdf0130977362d61e18912,data,model,7,0.36,3,0.05
2026-08-24,0xffc458db291b4abce020fe3de4f91f2770e537b1,data,hand_o2,180,0.34,20,0.001
2026-08-24,0x515e7bce44baa5f6e42d16d4b5f27768e7f2f8cc,compute,model,4,0.32,2,0.03
2026-08-24,0x5d51ecc50813e0937a5c43be298e9146796ad60d,data,model,12,0.32,3,0.02
2026-08-24,0xb0ae6a9bd7a573ddda58db6c28622417e8ca2099,search,hand_o10,18,0.3,5,0.005
2026-08-24,0x1b24deac0951efcd6923f684b574fe9a4202cf1f,content,hand_o10,16,0.3,4,0.02
2026-08-24,0x23f713411c30bbd9a989c9cbc22eb0b55f7f7334,other,model,30,0.3,4,0.01
2026-08-24,0x3888b9c541e77df0e4d9a9b7948e9f68ad349dcf,unclassed,none,3,0.3,3,0.1
2026-08-24,0x84fa7ea8303d4f503267e2e998a3f7d980e814a5,content,hand_o10,28,0.3,10,0.01
2026-08-24,0x65c767c483dd862d08bc3d6500cd4cd770ae28ed,data,model,6,0.3,2,0.05
2026-08-24,0xd425e00e375004b382fde2253968631f7f6dd358,unclassed,none,6,0.3,3,0.05
2026-08-24,0x99cd830a7ecc919dbcd98330b4dc06587b20f6ec,unclassed,none,3,0.3,2,0.1
2026-08-24,0x9fb365e4e9385e2a39febad70368267e6f571d9a,data,hand_o2,61,0.29,11,0.001
2026-08-24,0x525f6ddce9af7a7179d7696aabfcd5fcd15a21e6,data,hand_o2,29,0.29,2,0.01
2026-08-24,0xe4181c7de066959bcca010525304ba68a84768e0,data,hand_o2,33,0.28,10,0.01
2026-08-24,0xdceca23ff8a7145e1b5b35427c9886cf21a67566,other,hand_o2+model,16,0.28,5,0.01
2026-08-24,0x3da40a9ad36640a2c0f533bac368490095574664,data,model,274,0.27,34,0.001
2026-08-24,0x51d577c8cbb8b3fb1ba0ce31c7923cc27a07f78b,data,hand_o2,53,0.27,12,0.005
2026-08-24,0x480cd46e6fade651a0437deadda53d5c8e7d846a,other,model,78,0.27,22,0.002
2026-08-24,0x3803a19280deefe533d177c4a169412bd341101b,unclassed,none,13,0.27,11,0.013
2026-08-24,0xabe512e06dddc82581d2e5a19ab594e778490441,unclassed,none,29,0.27,7,0.005
2026-08-24,0x6e8b64638b24c6d625b045dd353120d850064e2e,compute,model,39,0.26,9,0.005
2026-08-24,0xc87a06dee4c0e85912296002617120bbfd5ef990,data,model,24,0.26,7,0.01
2026-08-24,0x16b5fe729f2ca544b309844f75e8429ab45151ae,data,model,8,0.26,4,0.01
2026-08-24,0x59ea036c64f0f54cdd14a3be8a1a6586b58da71c,data,hand_o2,13,0.26,5,0.02
2026-08-24,0x4e1d6c25e1e89bd1e17654fa8ca3c4d0cfd3b5d6,other,model,9,0.26,3,0.05
2026-08-24,0x917e635b83f0dd7e8172c55ec4eebb28b734ca85,data,model,16,0.25,3,0.02
2026-08-24,0x059d091d51a0f011c9872eaa63df538f5ce15945,other,model,6,0.25,3,0.03
2026-08-24,0xe90316121189715cdc2515b7c2673658b810b751,data,model,4,0.25,2,0.05
2026-08-24,0x22b3d4485c8dcd8fc4840a7570664747c9055530,other,model,11,0.25,4,0.01
2026-08-24,0xb1fe0fd90c16800c3d5e811c6f07972de9d2b98e,other,model,5,0.25,2,0.05
2026-08-24,0x4ce88238f669d04351937420c931988e464a975a,data,hand_o10,8,0.24,3,0.03
2026-08-24,0x9d2526fa73fcb300b78075c4446ec0b306f1a3f9,other,model,9,0.24,2,0.03
2026-08-24,0xfd690be940b7115d4fdd2fa2df8b2dc0d1a396b9,unclassed,none,23,0.24,3,0.01
2026-08-24,0xad62f03c7514bb8c51f1ea70c2b75c37404695c8,other,model,41,0.23,10,0.005
2026-08-24,0x3dcbef58b30fac60a897cd4ed1daed5de33b32e1,data,hand_o2,65,0.23,60,0.005
2026-08-24,0xf61f957d9ac432309219549b1ae79ae8b7c71ff5,data,hand_o2,11,0.23,4,0.02
2026-08-24,0x7f394b1e127cbcea346979e552a4227328385b3d,unclassed,none,22,0.22,2,0.01
2026-08-24,0x54d6c2c08e10f1a1d3da88df513bbe9bcf1a4afa,search,model,7,0.22,4,0.05
2026-08-24,0xb85c83cc448edca8eb724f5d79b523faff9375a7,data,model,7,0.22,2,0.02
2026-08-24,0xffff4b8da8c165b556326453446f6940c8afe0db,data,hand_o2,14,0.22,5,0.005
2026-08-24,0x66717045858d9f598e2ebd046bf42a0b1063c0fa,data,hand_o2,21,0.21,7,0.01
2026-08-24,0xe22f691ed420143bfdab022a14e7d6873b33eef9,data,hand_o2,14,0.21,2,0.015
2026-08-24,0x6d6c398390cfb88f1cd42715b84906a0bd6652aa,data,model,21,0.21,6,0.005
2026-08-24,0x2fecabdfc849c76fdc28ca13aa0ab392753ef35c,other,hand_o2+model,21,0.21,6,0.01
2026-08-24,0xa82c8b6971a7379badb2fb96032d82af46eccc0a,compute,model,21,0.21,5,0.01
2026-08-24,0x1d1173c1465c9a01f6afa38b36cc1125cc55c71a,unclassed,none,4,0.2,2,0.05
2026-08-24,0x71c09a4946d451ae56f22ecad4af4fe1380ae347,unclassed,none,17,0.2,5,0.008
2026-08-24,0x30a535132ea7573fd339b30fee8b677e0ec947e0,data,model,20,0.2,6,0.005
2026-08-24,0xadf0a71e898d350653e7668edab95a020884b74f,data,model,4,0.2,3,0.05
2026-08-24,0x71033ab6ed376a0b53d1826ea632ddfec96b3661,data,hand_o2,4,0.2,3,0.05
2026-08-24,0x73e26edc9628a8a0a323d9158edc7d81ac8fb575,unclassed,none,2,0.2,2,0.1
2026-08-24,0xc0a707f63df3120e018f119ddf44fc8eaab40e72,search,model,4,0.2,2,0.05
2026-08-24,0x60abf720a5fd7e1d33790a54719cfa71b8929eba,data,model,4,0.2,3,0.05
2026-08-24,0x124f620b4f3b53559cd9148c9b1b2773ca104478,data,model,19,0.19,3,0.01
2026-08-24,0x7eaf3c393a8996e124c0fa7ccbc55019854c4c5b,other,model,18,0.19,6,0.01
2026-08-24,0x444731dac7c9cde478147f41e621a064fcbe70f2,data,model,15,0.19,5,0.01
2026-08-24,0x0eba5d314f4f5dcb7a094953fa9311a45172dd1b,other,model,45,0.19,6,0.002
2026-08-24,0x74500ee8519da3b6bf43642bc06be5874a9ecc99,data,model,16,0.19,6,0.01
2026-08-24,0xb1ef5415e9d3695e16977b8be422ab7512f788c0,data,hand_o2,8,0.19,5,0.015
2026-08-24,0x22db3a9686ee5261e7bf3ed4f91277232e8076e6,data,model,46,0.18,3,0.004
2026-08-24,0x5d17c40fd6b119dc6006c4ab3c20a917fcab2acd,compute,hand_o2+model,28,0.18,5,0.005986
2026-08-24,0x41adee1eba2c276be5e8cabe0ce523e4dd792170,data,hand_o2,35,0.18,7,0.001
2026-08-24,0x53831fab63ba75a958115c3b4eb598a10cfcc7e0,other,model,18,0.18,4,0.01
2026-08-24,0xe0ed7a30589fec49e98f2085c7162b90fdbb83de,compute,model,14,0.18,2,0.01
2026-08-24,0xdcbc59a62c3a9c5cec58ac806ebc579fa13d67f7,search,model,2,0.18,2,0.09
2026-08-24,0xe79aa9d55170f7e1ac420266ec93a6c28c436de8,data,model,17,0.17,5,0.01
2026-08-24,0x60c7bea797345b2fe8fd5db1ca15695faec5f0ac,unclassed,none,17,0.17,2,0.01
2026-08-24,0x9ff25c4acf1dcddf15fd2702c127a285f1dfa712,other,model,32,0.17,2,0.005
2026-08-24,0x3873d15cf3209c32aaa8d9aa542164e658567129,data,hand_o10,20,0.17,6,0.001
2026-08-24,0xabcb091d90419e1c8ad4818f1b33fc4645501892,data,hand_o2,17,0.17,4,0.01
2026-08-24,0x6648dcc60b98fb45113b7273403e98ca3ea5e2a1,unclassed,none,6,0.17,2,0.005
2026-08-24,0x34bbc130ef911ca0f0d6c947b9553b808c0c70ae,data,model,4,0.17,2,0.03
2026-08-24,0xf99b281010c5e6cbcf486d7ef108b315be7ce0e9,data,hand_o2,10,0.17,4,0.0165
2026-08-24,0x2583aac89f58a63d9ccbedaa5e3baf2196aa967e,compute,model,7,0.17,2,0.01
2026-08-24,0x88096b3da9f45b8f923458e6cef69fc0a5be3cae,search,model,13,0.16,2,0.005
2026-08-24,0x9720950d3e4d9e8c9e23e84e04e683b00204874c,other,model,16,0.16,3,0.01
2026-08-24,0x54ebfcf3870439b9db62381848c5dabc05c70d5b,data,hand_o2,14,0.16,4,0.01
2026-08-24,0x154b1006435e5cfe2206e7777c1003f9438119b1,data,hand_o2,8,0.16,4,0.02
2026-08-24,0x2e7b50b6d292964664d5f0722a7949f07c44a8cc,unclassed,none,2,0.16,2,0.08
2026-08-24,0x42f72c0a340a4a55c082fe42483e87691d2bff64,data,model,4,0.16,2,0.04
2026-08-24,0xe55359021a6a22d8385b827405991c56075f56f8,data,hand_o2,50,0.15,6,0.002
2026-08-24,0x9862ca83b72ab95521f457aff6e6efb03d8164c3,data,model,9,0.15,6,0.01
2026-08-24,0xb4ad6bb516725ff69594e46c3a7daedf7c473186,other,model,3,0.15,2,0.05
2026-08-24,0xf121fbecec43e1b616d47285851c20d5fc64431b,data,hand_o2,11,0.15,4,0.01
2026-08-24,0x239de97929b20f27aa503b236d33420670bf5ad1,data,hand_o2,3,0.15,2,0.05
2026-08-24,0x7b177b724d6b02f69d9f25d9b91c63338c554dbf,data,model,5,0.15,4,0.03
2026-08-24,0x428df107e32e08288fcac6567f4f40bc4eab4da0,other,model,5,0.15,2,0.03
2026-08-24,0xcb9b3f94387389e38ef2a7b3c0b851fb8325d7e9,data,hand_o2,27,0.14,14,0.005
2026-08-24,0x44b16952484b6dbea40ede12927ee03a5ea6cdd3,data,model,14,0.14,4,0.01
2026-08-24,0xe8b25a72dd6aef69515452a61ad231c7df2843b7,other,model,14,0.14,4,0.01
2026-08-24,0x7cf45cd775bdf31a5a96fa0a5805df0b610d87ff,data,hand_o2,20,0.14,6,0.005
2026-08-24,0xf567cfe0fdb87a1d6ca330e3f30f0d3da0f7cb98,data,model,15,0.14,6,0.001
2026-08-24,0x63ae98f3363b346a94fcc1cbcb621f1c2b1fcddc,search,model,50,0.13,7,0.002
2026-08-24,0x0ff5a6ecef783bba35463ec2f8403b9b5e9e7c86,other,model,10,0.13,4,0.01
2026-08-24,0xb3c2776ce3f99cb3366520c27b4ac5d436942ab6,data,hand_o2,42,0.13,8,0.001
2026-08-24,0xbd61dfb01f81c91f02b0ccd51b0220e0c8918639,other,hand_o2+model,17,0.13,4,0.001
2026-08-24,0xbd5eb5559f5ac14475ac0c81b6735a4d9106ce28,other,hand_o2+model,19,0.13,3,0.005
2026-08-24,0x53a05c0eed6cbf065f31aedbae7b0d8ce1a0f4db,data,hand_o10,29,0.13,7,0.001
2026-08-24,0x899be41c39d88c97c264f91a95784707341047ec,search,model,28,0.13,3,0.003
2026-08-24,0x5bcda55247b238a573a968b234f788a2d35664dd,data,model,8,0.13,5,0.02
2026-08-24,0xd617a7145ca56e3ed58d639f9dec6999b22441ee,data,hand_o2,23,0.13,6,0.005
2026-08-24,0xeb12bb2f52eed33dba6a00774e48324032fd87c6,compute,hand_o2+model,11,0.12,5,0.001
2026-08-24,0x10800a5a5b9d72251566ec651e862a8b4b427de0,data,model,13,0.12,3,0.005
2026-08-24,0x9d6b6fdb04040a55d58b24ff4c90c08cf6083c8f,other,hand_o2+model,31,0.12,3,0.003
2026-08-24,0xe5690d37805107c56f6195e65a262b234e0e5e75,other,hand_o2+model,13,0.12,4,0.01
2026-08-24,0xa3068cfae6217ae906958250072bdf51b7f910c3,compute,model,48,0.12,37,0.0025
2026-08-24,0x0b6e3594df4faa6d66196d5a3271796ad8bb505d,compute,model,8,0.12,5,0.01
2026-08-24,0xcb8025d951e5e45be7d288b658eeee6f05713006,data,hand_o2,23,0.12,7,0.005
2026-08-24,0x04b563909fdafeace9cba26f1848141bd140d741,other,hand_o2+model,31,0.12,2,0.005
2026-08-24,0xd8049f6998e05c437c970815ef1094ac6241e948,other,model,14,0.12,5,0.01
2026-08-24,0x82096bf08d81c14c678e915a04fcf150958ee571,data,model,12,0.12,9,0.005
2026-08-24,0x11a5a9ee3fffd4d8cbb2b3c5e02acaa268486b67,data,model,6,0.12,5,0.02
2026-08-24,0x506c3995cb7b9bb6ea4d2f95e1e43461b74c9aff,data,model,12,0.12,6,0.01
2026-08-24,0x9baa4417d1e78f2ed5b09aa4abfb541aeb2cd6ed,data,hand_o2,19,0.11,4,0.004
2026-08-24,0xa18e34607479b706123ca5e1831f24d2ecece4c6,compute,model,9,0.11,2,0.001
2026-08-24,0x10333d09dd1f5ebd8b8bd83f74a9d99c7b88129f,unclassed,none,111,0.11,4,0.001
2026-08-24,0xfbf218accbb0d57fc4e8fc3e2a885c910c4c9e94,data,model,8,0.11,5,0.005
2026-08-24,0xe73d86f185be79a33b0318d881b71f2a24371114,compute,hand_o2+model,47,0.11,9,0.002
2026-08-24,0x8aab9a6d28e9aba2a15a613c90f24f352f0cce15,data,model,11,0.11,3,0.01
2026-08-24,0xcf54d26094651bf3f7e8b66421621c38e077cfcf,unclassed,none,11,0.11,2,0.01
2026-08-24,0x510d1c21788166b0a39f83796bf624e006849690,data,hand_o2,3,0.11,3,0.05
2026-08-24,0x3a43fdf92b1596b22ddf719d5b528c537da4237d,data,hand_o2,16,0.1,3,0.005
2026-08-24,0x7437a817450ba32d22ebe8d2ac71611666999b8e,compute,model,10,0.1,6,0.01
2026-08-24,0x859af250df0b68bfd0768ca22142a1afa0abeaf4,content,hand_o10,10,0.1,4,0.01
2026-08-24,0x3f4cee4c6bad04fcca3138dffdee579ddf17049b,other,hand_o2+model,18,0.1,11,0.005
2026-08-24,0xd6b585dd2f48263d08fb75ea28c1598d845d23a8,data,hand_o2,37,0.1,4,0.003
2026-08-24,0xf786a555be87c6d3b316c976b643c70326565f3f,compute,model,7,0.1,3,0.01
2026-08-24,0x348df429bd49a7506128c74ce1124a81b4b7dc9d,data,hand_o2,10,0.1,2,0.01
2026-08-24,0x7a19cd388c7f69145fef09b960853e0a429b6f4a,data,model,5,0.1,2,0.02
2026-08-24,0x7c221925dd7494da6f5e2254043dc8d61273309c,other,model,10,0.1,2,0.01
2026-08-24,0x446e51deab3ae656c99e65369e8ef1148d23d7f7,data,hand_o2,19,0.1,7,0.005
2026-08-24,0xe79e7fa7ce7259c46f9b127b837d2907bb036f95,other,model,8,0.1,3,0.015
2026-08-24,0x8581784d3e598cca3482375cff2409ac9dd8c402,unclassed,none,30,0.1,3,0.0034875
2026-08-24,0xe295b6641b32998537ae0f8e61babf729eaed6e5,other,hand_o2+model,9,0.1,4,0.01
2026-08-24,0x7eebd75b116a553e02cbaca28cfbd47bc411e6b1,compute,model,8,0.1,4,0.01
2026-08-24,0x9ff24bcc9f02b3c36f320197c635b78713f91a82,unclassed,none,2,0.1,2,0.05
2026-08-24,0x8904df3de6dfee6a7c8cc38619d2f17806213cee,search,model,10,0.1,7,0.0075
2026-08-24,0x57407d691f755caa107647718f3582a8a87467dd,other,model,2,0.1,2,0.051
2026-08-24,0x9d667bc76f166322df087b3b3927d4d83d44a5d0,data,hand_o2,7,0.1,4,0.015
2026-08-24,0xf4b8037bf3709f37c5ffe224004d2e61833d084c,compute,model,2,0.1,2,0.05
2026-08-24,0xdb7b2b54f80479826222749a2ea73a8acc306e1e,other,model,10,0.1,3,0.01
2026-08-24,0xeee2f90421582914e919d5656381b1ff873a8f47,unclassed,none,5,0.1,4,0.02
2026-08-24,0x2586231a0ec268062f7ef79a290054cfd4c64aaa,other,model,5,0.09,2,0.01
2026-08-24,0x5a78ace5dd133316c8aaf7e156fbfc57e1209cf9,data,model,92,0.09,6,0.001
2026-08-24,0xe2433f056f953b7d4c946cffb1201d2e9601eabf,compute,model,6,0.09,2,0.01
2026-08-24,0xcd6b6d99b7751ff30b68fa1365488eb73fa7cefa,data,model,9,0.09,3,0.01
2026-08-24,0x1f0409ccd20a2fb497d4decef4e17e9d0688fea6,data,hand_o2,9,0.09,4,0.005
2026-08-24,0xb86f95ef5fa904318ea9df3b59adce099b478fc4,compute,model,27,0.09,10,0.002
2026-08-24,0xd70d01c73b0c5f3246f2b55cce5ff1b41842ab5e,other,model,44,0.09,35,0.002
2026-08-24,0xa3babb36564b0383a82c617050306ee30fd18e08,unclassed,none,9,0.09,3,0.01
2026-08-24,0xbe44f1397349bb9bbe97f7c404cce8dc0a09d283,unclassed,none,3,0.09,3,0.011
2026-08-24,0xc0ccf68a8e61a4d25eecfcacd486e673e900de0a,data,hand_o2,9,0.09,2,0.01
2026-08-24,0xe8bc82d53e45e61e07d84536970d695265a51ce4,unclassed,none,6,0.09,4,0.002
2026-08-24,0x30c13c7fc1d975e6fc3af5d5154081cb5e52ff54,data,model,3,0.09,2,0.03
2026-08-24,0x667cc5a90ffa911279a5fbe377c1018ddf45373b,search,model,3,0.09,3,0.03
2026-08-24,0x39e10e5f431b26cae3d7d0a39aef86055d015d8c,data,hand_o2,4,0.08,3,0.02
2026-08-24,0x332dbf15a8bcca8eeb4390b380202360f4f45401,data,model,8,0.08,2,0.01
2026-08-24,0xd685efa22e80262db5b5e2a5d0b9d7565b36334b,unclassed,none,84,0.08,4,0.001
2026-08-24,0x374cfb844a5c702d637d72a5387fd9ef6b82108c,other,model,8,0.08,5,0.01
2026-08-24,0x624faf18c78456c8da5bf156cd77c1a2033f21c5,data,hand_o2,20,0.08,5,0.002
2026-08-24,0x9d86e0e74333b297b1d0b6ba30d2ed1b5f01f296,data,model,76,0.08,4,0.001
2026-08-24,0x820d61a720963fab63ab6e0aef4d1779eb42f6bb,compute,hand_o2+model,25,0.08,2,0.002
2026-08-24,0x255cdb4e42afefc7120b0388eb78f96d996d387b,other,model,40,0.08,29,0.002
2026-08-24,0x46830a57ca3806ec71b981e063dc39ca2a3c6fb0,compute,hand_o2+model,4,0.08,2,0.01
2026-08-24,0xb6a6ba7f58fe92e77bce040cc0818c63ab9ac768,search,hand_o10,8,0.08,2,0.01
2026-08-24,0x03d773c52b67993e60ecb3134b17436fe03b584c,data,hand_o2,8,0.08,7,0.01
2026-08-24,0x175562431dfcb38ab3a1762b7fc1fbc08a93bbbb,content,hand_o10,2,0.08,2,0.04
2026-08-24,0x3268c9434d8603957420f04510ca0ff6097a5c64,data,model,3,0.08,3,0.002
2026-08-24,0x24facafeb49b4e3facf0b3e69604a2f4640c9bf2,data,hand_o2,45,0.08,7,0.001
2026-08-24,0x2a373cb1ebb8907a95626c0b0aef47f575a0ab87,search,model,4,0.08,3,0.02
2026-08-24,0x23d931f95831cee50b5f5edf4d0e88270f6c8411,search,model,8,0.08,4,0.01
2026-08-24,0x1888192fac6a69e4cd7d078ec4bcf6f24f7c767b,data,hand_o2,3,0.08,3,0.02
2026-08-24,0xaab91727a29827783bc42135fc56bff5bfb8911d,data,model,4,0.08,3,0.01
2026-08-24,0x161dbdd73d025e9aedd4918a67c28e5bf9a87fb9,data,model,3,0.08,3,0.023655
2026-08-24,0xbbba34e9e10130ce852aa9f1d651cd73c36206d4,compute,model,41,0.07,31,0.0017
2026-08-24,0x737426d3ed53930b889b3f61774669a0fdf3be54,data,hand_o2,10,0.07,4,0.005
2026-08-24,0xbd6e4e1741d3c3e9e0391361743d07e95f439255,search,model,7,0.07,3,0.01
2026-08-24,0xa55b06462a2e48661badf22f5841f95ae654b716,data,hand_o2,10,0.07,5,0.005
2026-08-24,0xbd65c2d2ac9d3df9ce77e5e2579b5b38efee36f0,other,hand_o2+model,20,0.07,3,0.001
2026-08-24,0x32793f68dc2ea26bbc75eb900da120069e8b6d02,data,hand_o2,15,0.07,8,0.005
2026-08-24,0x82b17d0bb4de9ae6c3491257b60e8245e70acd7b,data,hand_o2,74,0.07,11,0.001
2026-08-24,0x0e525428d66c111672ce58b1bf649a6d167f36b1,unclassed,none,14,0.07,7,0.005
2026-08-24,0x470a1b647d668d3820add26d70c8371557ff4c6b,data,model,7,0.07,5,0.005
2026-08-24,0x9863ab6242663fcc84c33632741711db78f8fd15,data,hand_o2,9,0.07,4,0.003
2026-08-24,0x41595e02275629126ad11551e39ee9ac8531ad3c,compute,model,9,0.07,2,0.001
2026-08-24,0xffa9155a0e4b3d8d42351da226cc1feee449686f,search,model,25,0.07,7,0.002
2026-08-24,0x8b1cf12e7efe6aea59cd1124ebbe7709e3ac6085,other,model,4,0.07,3,0.02
2026-08-24,0x4a82f147c8a4339409c9097adc1eedfd56e85bfe,data,model,5,0.07,2,0.01
2026-08-24,0xebd21df2f2a79fc629d0fac34c22d2b612335abb,data,model,3,0.07,2,0.01
2026-08-24,0xbad1aa224bfe4feb460e12b2553dcdf98a7098d0,data,model,7,0.07,4,0.01
2026-08-24,0xb836a641dae76424861f7f1fcb37c1295e44e329,data,model,9,0.07,3,0.01
2026-08-24,0x962794fb8ad92941faf1ab446b9e30637b86f331,compute,model,21,0.07,3,0.003
2026-08-24,0xa600bd74cb55958a79b535b4741fd66681fc3e8c,other,model,5,0.07,3,0.01
2026-08-24,0x7b53524d5c5d29efb8c1d128c56f62fe38cd9476,data,hand_o2,13,0.07,5,0.005
2026-08-24,0xf9d1d63f362bbf1ee08ab9acb36fe74afc48d5f1,data,model,7,0.07,3,0.01
2026-08-24,0x19491164262c8963b11e1bcb1e4351c101b420ff,compute,hand_o2+model,5,0.07,3,0.01
2026-08-24,0xd7d49d6a12ee3852f29a52a40908069bf4e48914,other,model,64,0.06,42,0.001
2026-08-24,0x6a4921474848d3fa168ee7fa87222547acc4712f,content,hand_o10,49,0.06,40,0.0013
2026-08-24,0xc327d0aeb5f65b514b193b5e5a95cc6f4060815f,search,hand_o10,11,0.06,4,0.005
2026-08-24,0x455f20ec147477cafcd6d77c1604529f3c4ff665,other,hand_o10,16,0.06,5,0.002
2026-08-24,0xa709b6534f392c5f4cfb986a329b734ecddc8c6f,data,model,10,0.06,7,0.002
2026-08-24,0x52d4901142e2b5680027da5eb47c86cb02a3ca81,data,model,7,0.06,3,0.01
2026-08-24,0xcd3273893d1c8df15a4d6bc411aa3d25a60fdc60,other,hand_o2+model,58,0.06,2,0.001
2026-08-24,0x8a598a28a435fe44d31854251b1c88d0781ea822,other,model,36,0.06,7,0.001
2026-08-24,0x21353452e547b306a6007d834c433a118638d3b3,data,model,6,0.06,3,0.01
2026-08-24,0x7f7c9bff1ddf2817641740962a9872e6421ebbfc,other,hand_o2+model,4,0.06,3,0.01
2026-08-24,0x1e84f1f4e83ddfc91f8d5298b0cf49da34d041a6,data,model,6,0.06,4,0.01
2026-08-24,0x9f6c07e3f772ec49435579ec34e13141a94b9958,data,hand_o2,6,0.06,4,0.01
2026-08-24,0x8d32c6a3ee3fb8a8b4c5378f7c5a26cc320a853f,data,model,2,0.06,2,0.03
2026-08-24,0xb708af3bce13517357e498f8ffd277de93db9ef5,compute,hand_o10,12,0.06,7,0.005
2026-08-24,0x17cd53c04d707ef0dd615ef56c633f02915a7905,other,model,6,0.06,4,0.01
2026-08-24,0x7556a8772e508a8b63f8bbb4f9e6945de0017f4f,compute,model,11,0.06,2,0.005
2026-08-24,0x2af91df69bd04ccf82d6477adc046c815b7ae129,content,hand_o10,40,0.06,32,0.0015
2026-08-24,0x38c9f689274e2fc3ae360744ef88ce212077a584,other,hand_o2+model,15,0.06,5,0.004
2026-08-24,0x63347cd326a50696f76cfe4b8ce079d3c8ed3039,other,model,3,0.06,3,0.02
2026-08-24,0xbfcc51bfcc0ef326f0f78682ebe3327783ea3208,data,model,3,0.06,2,0.02
2026-08-24,0x65003c15622f8fbecfa60805777f9c5ae8fb77fc,compute,model,3,0.06,2,0.02
2026-08-24,0x0efaf4ae4f5c6ff674fc64e7eba1b6fe83b6159b,unclassed,none,3,0.06,3,0.02
2026-08-24,0xefabaae57e9aacab865dccce024053fcb9b0072e,data,model,2,0.06,2,0.03
2026-08-24,0x8d0663bbb967ebf1c047405a888ddf865f3e8854,data,model,7,0.06,3,0.007
2026-08-24,0x3bf4f4914f78c3c2b2f2801f8ea717135b7d3bdf,content,hand_o10,6,0.06,5,0.01
2026-08-24,0xa9a38639ed4aebc04092e21f3399c56545450713,data,hand_o2,10,0.06,3,0.006
2026-08-24,0x59f45516ea4a2481ff45cf431d753d24b0ca6213,other,model,7,0.06,3,0.01
2026-08-24,0x21e16f1bc3aa847236354c8193d0cb21cf412efa,content,hand_o10,5,0.06,4,0.005
2026-08-24,0xf6705e3da2d2f98afd3944e4a6b0d6ca931e576a,data,model,6,0.06,3,0.01
2026-08-24,0x5c6b3a3dae296d3cef50fef96afc73410959a6db,data,model,5,0.06,5,0.01
2026-08-24,0x1304ec1a8945365e43a5c18a734065f107b417ca,data,hand_o2,3,0.06,3,0.005
2026-08-24,0xe4a4e5b226be71e7b6ed523bc7a91089c770572f,data,model,4,0.06,3,0.01
2026-08-24,0x879933456986877f5d87e6ee24d1e0ebd264f527,data,hand_o2,2,0.06,2,0.03
2026-08-24,0x0cc2cdc0eb992860d6c2a216b1dc0895fd2df82f,other,model,2,0.06,2,0.03
2026-08-24,0xe8799c2deda78ecceb329d1e8fe9f110bf55e4f8,compute,hand_o2+model,2,0.06,2,0.03
2026-08-24,0x67ac1e671e87b2c91847230748ed38a596013ea6,data,hand_o2,23,0.05,4,0.002
2026-08-24,0x1350a77befebbcc05f8e3a13cc6d4ad781c59d34,content,hand_o10,50,0.05,35,0.001
2026-08-24,0xbf0df63a4a47e5a72a976ece1d78aefeccc773a0,other,model,46,0.05,33,0.001
2026-08-24,0xc55a2d530b53cbad1001e4afd4720b7e71f9c291,other,hand_o2+model,20,0.05,5,0.0015
2026-08-24,0x850363a27f0ac6feb9c7a3ec4c1d295262df9432,data,hand_o2,5,0.05,4,0.003
2026-08-24,0x85df5380debe236ad6bf49de788243924b080267,data,hand_o10,20,0.05,3,0.003
2026-08-24,0x1538726707212f4db3eb67cec0910422a310475c,data,model,32,0.05,10,0.001
2026-08-24,0xb8c578e039aa2c44dd3dec48e6875ba5763cd67f,other,model,53,0.05,39,0.001
2026-08-24,0x7971a809c18c918cad50cf004c190cbb6e1bf668,compute,model,46,0.05,32,0.001
2026-08-24,0x237371f8b372a02b58fb430eb564b7c5cb936f75,data,hand_o2,42,0.05,7,0.001
2026-08-24,0x58bdad5e654691ac5ed4631758f3d8da00666b6c,data,hand_o2,16,0.05,7,0.003
2026-08-24,0x1e21dba6eeb902343e4128a1957eafb8cdf36f39,content,hand_o10,43,0.05,34,0.0011
2026-08-24,0x3731f5c2c1835e3ace2ac157c4e31b1cea0cb0e0,compute,model,5,0.05,4,0.01
2026-08-24,0xaed4a496fed1132b94c0a5f9fb5ee7cf63d869c2,compute,model,7,0.05,4,0.005
2026-08-24,0xd9f3261c9fea20a99d0708815010280c549e8ebf,data,hand_o2,5,0.05,3,0.01
2026-08-24,0x1c8b3c34dca2ba2a71598f1f9e0bc2a04a0bea36,compute,model,3,0.05,2,0.02
2026-08-24,0x9200c98c8188ef50302ed3b8b0ffd5d39832090c,compute,hand_o2+model,9,0.05,5,0.005
2026-08-24,0xc91ce6291edc0713ec753bafba002506ffb2b95c,other,hand_o2+model,6,0.05,5,0.0055
2026-08-24,0x192bc0678bb69bf14550c6fd882d9b4cb0b35b6c,unclassed,none,5,0.05,3,0.01
2026-08-24,0x0d4ee4e945601865e3a5bc5a188e4a9cf23c00d5,data,hand_o2,5,0.05,4,0.01
2026-08-24,0xc1dab3c368f8b6595c49df67f4a17225e0ceb785,data,model,5,0.05,2,0.01
2026-08-24,0x7f8043c400799643bcb62b41b84b297a8ecb7b9c,compute,hand_o2+model,5,0.05,4,0.01
2026-08-24,0x94b1ead544bfe355759c3b5f7dd9d6ac38303cee,unclassed,none,5,0.05,3,0.01
2026-08-24,0xe3244a21d0d68bfa78b7cad8c3b8777adfbb3188,other,hand_o2+model,2,0.05,2,0.0255
2026-08-24,0x9acdadcec881a63508c0f2cd3a4ae61149cc2500,other,model,7,0.05,4,0.005
2026-08-24,0x7f74ce6d34ee0180f0217a16ce05f3b91272570f,data,hand_o2,3,0.05,3,0.01
2026-08-24,0x7d9982ac9af31ef16336740edd26c7f5b4127b51,data,model,10,0.05,5,0.005
2026-08-24,0x408f39b19266022fec03076091e59d1f4f163658,unclassed,none,3,0.05,3,0.012
2026-08-24,0x9b916c05168f1dfbbca64349f3797aa2db56c05f,other,model,3,0.04,2,0.005
2026-08-24,0x88a4cdea106f18e919613a4eaed8efdb2183e9ea,other,model,45,0.04,31,0.001
2026-08-24,0xc1793b8aa0d25193117ef025f145994e1c02011f,data,model,15,0.04,5,0.002
2026-08-24,0x6ca3b21d18e2b60291413c99dd6969c43d26c3d2,unclassed,none,44,0.04,2,0.001
2026-08-24,0x90b0dc893406d6ea63bb077ed59f5e8340f98d84,other,hand_o2+model,28,0.04,2,0.001
2026-08-24,0xefc3f6ba8a706af67162ebab84fc2d09fa73360e,data,model,10,0.04,4,0.001
2026-08-24,0x6382e6929a20b7eb02bdacfb5368362984b24c15,data,hand_o2,8,0.04,2,0.005
2026-08-24,0xbc64b379295310b4e020f9186de44be0ca4fe3b0,data,hand_o2,25,0.04,6,0.001
2026-08-24,0xb5f08f2db7baa682f308baa02cf0edb35aca336a,content,hand_o10,44,0.04,34,0.001
2026-08-24,0xb810b599bc730aa85800babe7f5d160524322c86,data,hand_o2,24,0.04,9,0.001
2026-08-24,0x4293f75e69b22ee68afa0f464de86e5cd80bed75,data,hand_o2,6,0.04,5,0.0075
2026-08-24,0x108bcd8a07c3fdfca3aa500784a8573123a1029f,data,hand_o2,20,0.04,7,0.002
2026-08-24,0xba667287b8ef89565f8fd7acd4d22ce98e0f39cd,compute,model,37,0.04,32,0.001
2026-08-24,0x549c82e6bfc54bdae9a2073744cbc2af5d1fc6d1,content,hand_o10,2,0.04,2,0.02
2026-08-24,0xec84c1cd6602bbe387bc8e6f0d3c062f2762de28,compute,model,8,0.04,5,0.001
2026-08-24,0x9173fc7aca730ae34838f08dfe85d4a608f38c38,data,model,36,0.04,5,0.001
2026-08-24,0xdddd0cb78cdd9f60dcc96948ecf5ef2d481f70b4,unclassed,none,4,0.04,3,0.01
2026-08-24,0x995c0abdcd2ad76548e5f7deb54d32549b2b781f,data,hand_o2,28,0.04,6,0.001
2026-08-24,0x6ee49a7872844397fb52870cc07b308ffadc9427,data,hand_o2,6,0.04,4,0.005
2026-08-24,0xb4848d1b4b7e31b75b9b30d717f89777dc65d68e,data,model,4,0.04,4,0.01
2026-08-24,0xbd356968846829e32983bb4abe2d0dd29f2c2f7b,data,model,4,0.04,4,0.01
2026-08-24,0x93835cf2bd459e72b577ed944e33578d8529dacc,data,model,4,0.04,2,0.01
2026-08-24,0x20992371f85e235d4bfba2fca1148d09c87a1368,data,model,2,0.04,2,0.02
2026-08-24,0xb18fc2275f36dae99eb215caeff03b431f887d16,unclassed,none,4,0.04,2,0.01
2026-08-24,0x53598173ce7c26025bab0520d9e9d0c28fbcf7de,other,hand_o2+model,8,0.04,6,0.005
2026-08-24,0xf1eb97ddddeb0257548bc14d35f981b10f8c3fa3,compute,model,4,0.04,4,0.01
2026-08-24,0x11f591c3496c0632e7b173184f5bc71dc941125d,data,model,6,0.04,4,0.01
2026-08-24,0x0d59a2a9e70fa6574dfa78c0ab5250c3accbb956,data,model,2,0.04,2,0.02
2026-08-24,0x492ec81ecf395fbea2f19fece203ee14d0544b71,search,model,4,0.04,4,0.009
2026-08-24,0x1ccef327b34853f6ac51464ea47fb3c291328d5e,data,model,2,0.04,2,0.02
2026-08-24,0x25e8245f07d5e4873987293dad666afbe56a9608,compute,model,11,0.04,5,0.003
2026-08-24,0x65e02cb7fee27630bb7d1a3add02ef7aa2d21701,other,hand_o2+model,5,0.04,3,0.005
2026-08-24,0x71af31f146f86cae2ada3ea0d958a733493242be,content,model,2,0.04,2,0.02
2026-08-24,0xdfc32f8cb9d893dfb9692143a4552b9ddd352e08,compute,model,2,0.04,2,0.02
2026-08-24,0x985348d7ac42e771bdaa469d4f7ab57a8a2b7323,compute,hand_o10,4,0.04,3,0.01
2026-08-24,0xd5f8481d8f25d3966d2010dbf9b47ffbdf745a9e,other,hand_o2+model,7,0.04,3,0.005
2026-08-24,0xa980cc5c3c8031badb6d3434908311effdfa4d7e,unclassed,none,4,0.04,3,0.01
2026-08-24,0x658dc531a7fe637f7ba31c3ddd4c9bf8a27c81e5,other,model,2,0.04,2,0.02
2026-08-24,0x5a742afe0d29cc38b905d35773a7d11db0b8a2b2,data,model,2,0.04,2,0.02
2026-08-24,0x548efd4f4d4a5c3669dbb4cbb2b1a637feeec5f6,compute,model,4,0.04,2,0.01
2026-08-24,0x60675cc0da2131dfd2e8b887ebf8356b2cbd701e,compute,model,4,0.04,3,0.01
2026-08-24,0x153aa87807d8f6deb65bd53b137cee7ad2daccdb,other,model,4,0.04,4,0.01
2026-08-24,0xd8ca10c55296bd8ca1dd409ea2f0fa72fb0c643f,data,model,4,0.04,3,0.01
2026-08-24,0x01b34d04b658990fd1f22cc4dddeaba10349b1c4,data,hand_o2,2,0.04,2,0.02
2026-08-24,0xf058d8a375343daa6967adf3ac6d425f3c9c8dfc,other,model,2,0.04,2,0.02
2026-08-24,0x0750a9e669c37fe1a1847e4b8f9e16f07c16162f,data,model,27,0.03,5,0.001
2026-08-24,0x0300e73759b357ceee5a248d1801ecb8abf7a1d4,data,model,6,0.03,5,0.005
2026-08-24,0x32d711c66dd1ad0c42d0cfe48e58ee5f2de7c243,data,model,5,0.03,5,0.005
2026-08-24,0x7194ec1f397bb6c02c82a2d8eb57d32443fc5164,data,model,3,0.03,3,0.01
2026-08-24,0xd7fe185ddaa9664c9211ec1ccdac073ef79215bf,compute,model,3,0.03,3,0.01
2026-08-24,0x5d89060682fce50ecaa7600af6a5645bd2b107eb,other,model,30,0.03,2,0.001
2026-08-24,0x46ba634261566cf242c853d1f49511f9268ba674,data,hand_o2,25,0.03,3,0.001
2026-08-24,0x735f74ede4361788d6634925d592711463be8164,unclassed,none,3,0.03,3,0.01
2026-08-24,0xa3091005a76b1480f1897a9d0c2e1c55b7767674,other,hand_o2+model,14,0.03,2,0.002
2026-08-24,0x33cc8de6e86761d217044a8a6b394ad23b579596,data,hand_o2,2,0.03,2,0.015
2026-08-24,0x56a093255d6e0536109b5f255fc71bb74bfe5838,other,model,3,0.03,3,0.01
2026-08-24,0xf7fdeffc3abc97379418b0a687fdb54e1cbce163,search,model,8,0.03,4,0.005
2026-08-24,0x3c481d2192c23cb6c7df61d4f8f426a7ce45244e,unclassed,none,3,0.03,3,0.01
2026-08-24,0x234864febc3ad18fc99620c576729bdebfb62bcb,compute,model,4,0.03,3,0.005
2026-08-24,0xe43e47dd6b779fe9e591586a3e1cba00c2f36c80,compute,model,3,0.03,3,0.01
2026-08-24,0x74718dd5a04e0a0a2bfaf3bd06adb27032c67f7f,data,model,13,0.03,11,0.002
2026-08-24,0x85b17c892abf4bbc6e2066b3df82fa6bb3f9316a,unclassed,none,3,0.03,2,0.01
2026-08-24,0xc741d2173baf3557bca7f962465b6ed8ce1be212,unclassed,none,13,0.03,2,0.002
2026-08-24,0x75113dcf8ce34f0338440d40270e420f8c1762b8,other,model,10,0.03,7,0.003
2026-08-24,0xfbc4f75278c9f3c901efada9feb3de76089fcb99,content,model,3,0.03,3,0.01
2026-08-24,0xd34f706d5a5567fc0d45effa1623a37b66ea41a2,unclassed,none,3,0.03,3,0.01
2026-08-24,0x5e4413f7ec69b67c07a60c4f1f75391370f79b13,data,model,3,0.03,3,0.01
2026-08-24,0x590246f0039dff6600d39ffcb7f44f8543b0701f,data,model,3,0.03,3,0.01
2026-08-24,0xb3e7993ed2fc2c79fff220620240f298bba9bf5b,other,model,8,0.03,5,0.001
2026-08-24,0x87fc8c5b2c5000d50d6808f3526eeec57e240211,compute,model,29,0.03,3,0.001
2026-08-24,0xa93a54492eb82affdcc98b697095bbde82186cbe,unclassed,none,3,0.03,3,0.01
2026-08-24,0x1e15e64e815473385b571deec7bce4f0cc262817,data,model,3,0.03,3,0.01
2026-08-24,0x5be6c12339eaf5eb18db8012f54955a2250bd3d9,unclassed,none,5,0.03,3,0.005
2026-08-24,0x8e57bfde053dbb6862991759c19affc5f383d5d0,search,model,5,0.03,3,0.002
2026-08-24,0xfde7913abe6e4a4e3e3134cf050df9030ae8ef48,data,model,3,0.03,3,0.01
2026-08-24,0x23976fb6af8f7fe8756730f0473fb7ffac531ee8,unclassed,none,5,0.03,2,0.005
2026-08-24,0x16e5a48ec75a3fe91c82ddc38dfb3424db53fadf,content,model,3,0.03,2,0.01
2026-08-24,0xa8774facfd3da2ea11f240c977b9973d78adfcfe,data,hand_o2,3,0.03,3,0.01
2026-08-24,0xc648116b5debe4af7d78838aa468d07e0a9ab697,data,hand_o2,9,0.03,3,0.003
2026-08-24,0x3a4f2ea5e1a32a1af8716edf089b74a28a68ebda,data,hand_o2,3,0.03,2,0.01
2026-08-24,0x403b72e2edbc9db738e09d3064a6a54f8a027055,data,hand_o2,2,0.03,2,0.015
2026-08-24,0x4e024e356bd01853654b7b5196f2b85f67cc39ec,search,model,3,0.03,3,0.01
2026-08-24,0x8aa327403ed786ca56eb8f59c6c8831a8bd73485,content,hand_o10,3,0.03,2,0.01
2026-08-24,0x16be07aec4d16e8ec9039d16e7049ee47834acd7,data,model,3,0.03,3,0.01
2026-08-24,0x389ba2fab205f20724d9d7014669e172a37f9b42,unclassed,none,2,0.03,2,0.015
2026-08-24,0x8d64a4834e262d96d1264e8900b5a4f1405b8982,search,hand_o10,4,0.02,4,0.005
2026-08-24,0x83f15f5bea445109e255ab82622fbdfecd1e4c9f,data,model,7,0.02,3,0.001
2026-08-24,0x2a47e248ee3b5f3e680b5f6b5832e5ef1206b7e3,other,model,23,0.02,7,0.001
2026-08-24,0x4465825b0ac713aa2fa07ea29023020804a128ee,data,model,2,0.02,2,0.01
2026-08-24,0xc529edd6d47c60923902514c7c0b3993ae42c2ec,data,model,10,0.02,5,0.001
2026-08-24,0x65e3e64935ea709bdf1119e1fc991299c04c0154,compute,model,7,0.02,4,0.001
2026-08-24,0x5253666c40432f009ebd99908b9cd2a7fd1019cb,other,hand_o2+model,13,0.02,8,0.001
2026-08-24,0xe341add833f9d62082e97ea260baa6546cd09f73,data,hand_o2,24,0.02,11,0.001
2026-08-24,0x18b9fd16aa724e8d214ecce525d16ceb3cfb3e87,data,model,4,0.02,4,0.005
2026-08-24,0xc66ee26cae6cd34970f51f644f36d720826d392a,data,model,2,0.02,2,0.01
2026-08-24,0x555379f9f4750eb34ffc8b3daf8eda2ea0f6d112,data,model,4,0.02,2,0.0055
2026-08-24,0x8f9ef7f8c4744bfaedaa5d315c21f9770c10f931,other,model,4,0.02,4,0.005
2026-08-24,0xbecce6dd106cfa910f78fea188b2fcceb73bdd0f,data,model,8,0.02,5,0.002
2026-08-24,0x6171d238fd82c293a39ced6df72a330532d00d76,other,model,2,0.02,2,0.01
2026-08-24,0xf80f9479ad1d2601ee347d55b5b1f6b27071267f,other,model,2,0.02,2,0.01
2026-08-24,0x649006bc937e7a60f98e49455d0fe3425321a3b0,data,model,5,0.02,4,0.002
2026-08-24,0x46088815b57dd27fc63b32fce14ee6ffd4a6f636,unclassed,none,2,0.02,2,0.01
2026-08-24,0xfbd7b7ed48146ad9beff956212c77ce056815ad0,data,model,2,0.02,2,0.01
2026-08-24,0xd32714cc95753d5cd50f56570e98c9d87e7c6dfe,data,model,4,0.02,2,0.0035
2026-08-24,0x58e632fa698383820ffc22156352c9836790e2c0,other,model,4,0.02,3,0.005
2026-08-24,0x0dd5f7c1ef90c577daf4742ef08694448f405b2f,compute,model,2,0.02,2,0.01
2026-08-24,0x941328ba462f729d4a0dab895f21bd69ad5b15e0,other,model,2,0.02,2,0.01
2026-08-24,0xe6814e0172c9f15f2ba2e09fe9d9f3751fa38b75,search,model,2,0.02,2,0.01
2026-08-24,0x24d9337cd2f3881f7c3ee63cb8014840a76e333a,data,model,2,0.02,2,0.01
2026-08-24,0x6121654d3fd4c8b42a90d30472e4d40927c3e6bb,other,model,2,0.02,2,0.01
2026-08-24,0x20beffad24499e9b3d45dd0971b1d6afb0ae925d,data,model,5,0.02,3,0.002
2026-08-24,0xc122471a35f66366b2b3bfafb7fee19827dab637,content,hand_o10,2,0.02,2,0.01
2026-08-24,0xe7debbc9de869d28b914a3f19e1fc192f849feff,data,model,2,0.02,2,0.01
2026-08-24,0x6a706d6fcf192c15fb592d7502258ed41425dd36,content,hand_o10,4,0.02,4,0.005
2026-08-24,0x0e56d32e4c556a7c429aa2dc83e3890a018c052e,data,model,2,0.02,2,0.01
2026-08-24,0x0093406a8805adf3b397c28366402aad9163afda,unclassed,none,2,0.02,2,0.01
2026-08-24,0xed617f79201248df99909fbde4269b6eeaee39b6,data,hand_o2,2,0.02,2,0.01
2026-08-24,0x94237cd4aa4afd784d6fa87feb1b6649816d8418,other,model,2,0.02,2,0.01
2026-08-24,0xb3cc1566b213dc97f6aac5984e849df2f2391772,other,hand_o10,2,0.02,2,0.01
2026-08-24,0x6ea81be98bc360fb2291a3cd1b2d598c1cc1dd66,other,model,2,0.02,2,0.01
2026-08-24,0xf346f02da35accd6f27b50cd199405c01b65c8ea,other,model,2,0.02,2,0.01
2026-08-24,0x692dce6b2876854fa9d348bfbfd9c1c4de6c07dd,data,model,2,0.02,2,0.01
2026-08-24,0xc23c4afa42cbabbc03d04bc87ecb769fc82f1f43,other,model,2,0.02,2,0.01
2026-08-24,0x4bafaae3442454bce41b51877017170d2d461ebe,unclassed,none,14,0.01,2,0.001
2026-08-24,0xb856b2c501a91d8dc13411dbaeafdcaca8d39901,data,model,6,0.01,3,0.001
2026-08-24,0xb91504d6f77d36923376c302ccc0237df0efaa35,other,model,4,0.01,4,0.002
2026-08-24,0x3130cd1cab59a15dc75931ecb006b6f8c0b4a3fa,data,model,6,0.01,5,0.001
2026-08-24,0x98e83fbcb5f8fb8414acd0aeeb93160046b65666,other,hand_o2+model,4,0.01,2,0.001
2026-08-24,0xd433f056270912659f073d5ffe7ae247e39235a5,data,model,7,0.01,4,0.001
2026-08-24,0x0550779cfbc832657a8bb46bac9f359a5ad038b8,data,hand_o2,6,0.01,3,0.002
2026-08-24,0xcc69d619e6053f88a4845066518f465bd06fc96c,data,hand_o2,12,0.01,8,0.001
2026-08-24,0x0adc7adac7bbaffffbd73505711e42378c4f9f9e,compute,hand_o2+model,11,0.01,3,0.001
2026-08-24,0xd275612bf0bb35638432c4d95eaa8d5d22346ca6,compute,model,4,0.01,3,0.002
2026-08-24,0xca87adbcffdf6539a387783fef17a91dbabeef52,data,model,12,0.01,6,0.001
2026-08-24,0x0573c4da7fc31e944e5ff959fef3b42199c308b2,unclassed,none,8,0.01,2,0.001
2026-08-24,0xd85096faec1ac03075667b4c1a1661f5623bf111,data,model,10,0.01,3,0.001
2026-08-24,0xc141cbe4f4a9cabc3cc78159a9268a4e008922cd,unclassed,none,5,0.01,4,0.003
2026-08-24,0x072f3a2bd93bb75b1eb84a9e45d17a4f90a6d801,search,model,2,0.01,2,0.003
2026-08-24,0xeb76f3442eaf192ebddbc1f7eebd59cde5e00d35,data,model,7,0.01,6,0.001
2026-08-24,0xe61e9aae81810f199a7d313c355688b28e0f41b9,data,model,3,0.01,3,0.005
2026-08-24,0xb60a3181303953e6f909ba4d3b09282beefcdd6b,data,model,5,0.01,4,0.001
2026-08-24,0xbf9305e6ee38e92c296aa3fb0a844977307520fa,data,model,7,0.01,6,0.002
2026-08-24,0x4261701a4ddf4625ebfa80ceefb5b3b2b5453b2e,other,model,12,0.01,3,0.001
2026-08-24,0xe72b85a97a6e19413d8b80633787eda6d6237a77,data,model,5,0.01,5,0.002
2026-08-24,0x58f42c60dfe9b662b9e573c13358e5d773790699,data,model,12,0.01,6,0.001
2026-08-24,0xe2520f1497ee47645072a6214304807bc3340d58,data,model,7,0.01,5,0.001
2026-08-24,0x421d31725e1e7990662600a780ebbb6c92f1cb09,data,model,3,0.01,2,0.005
2026-08-24,0xd30fa3412cab70ea62fe4478388d1df82bba8e1a,unclassed,none,3,0.01,3,0.005
2026-08-24,0xf4d43bdaae23a7d2012c49cb9f57eaab89d4ffc2,compute,model,2,0.01,2,0.005
2026-08-24,0x318a8bac69c4ec1f9e489ce223b7ce2d719bcd3b,data,model,5,0.01,3,0.001
2026-08-24,0xa0f9c380ad1e1be09046319fd907335b2b452b37,data,model,3,0.01,2,0.0021
2026-08-24,0x295aa6c5a3460a0f8755823c8ee7bbc7caf79fb1,unclassed,none,8,0.01,2,0.001
2026-08-24,0x3befc9ef80622271f462a6435cb1201ac44cf196,compute,model,3,0.01,2,0.002
2026-08-24,0x7677a0ec93c75b540dada06e9f1952c950ee2dbb,data,model,6,0.01,3,0.001
2026-08-24,0xbf11e11ab3607ae7f1c51b79fd0e585c0cca4b82,other,model,11,0.01,4,0.001
2026-08-24,0xed7d30e8bc643503f9da261ed8e623bb6ecf6189,other,model,7,0.01,7,0.001
2026-08-24,0x52c76f43aa871b407e242dcc396ccc54a8c70ade,data,model,3,0.01,2,0.002
2026-08-24,0x519c79c7eb7566f7353a324472a5ce4f05330c81,data,model,3,0.01,3,0.005
2026-08-24,0x84a1827f1705c257e80771fdc2b152aea4a57a08,other,hand_o10,3,0.01,2,0.001
2026-08-24,0x08849082224d3b503a5384a693cbf7bc7ce154cd,data,model,3,0.01,2,0.005
2026-08-24,0xb0d0207bcd46c6a7009ca5c8294177d79adc0807,data,model,3,0.01,3,0.005
2026-08-24,0xcaf124cacf6611a7476c64d08a829c39c1688943,data,model,3,0.01,3,0.005
2026-08-24,0xf2a6416ebb0c594ab2977695bed061729ddeb47b,compute,model,4,0.01,3,0.002
2026-08-24,0x3772e91c287b7be00a67cfb2a72cc5fb5958af06,other,model,5,0.01,3,0.002
2026-08-24,0x15459498e1191d8787c83177809bd54022fa18c4,compute,hand_o2+model,2,0.01,2,0.005
2026-08-24,0x76a672eee56d29d475b0715cc03b8c99d70ec8a2,data,hand_o2,4,0.01,2,0.002
2026-08-24,0x0bf63f37b0f512839c001548dc66a6a99bfc019b,content,hand_o10,4,0.0,4,0.001
2026-08-24,0xde067f726c514b1e957de551aef6db92be9900d5,data,model,3,0.0,3,0.001
2026-08-24,0x5f5a631e975183d084f60d7121e967b30ec83cb8,other,model,4,0.0,2,0.001
2026-08-24,0xa1ebb2a8a8ed5497cf09c861a1e135520a3b3396,other,hand_o2+model,3,0.0,3,0.001
2026-08-24,0x702ba46435d1e55b18440100bc81eb055574875e,search,model,4,0.0,4,0.001
2026-08-24,0x1a9a7c72208abf3552750eb1c4a4f2ca9e8733e5,other,model,2,0.0,2,0.001
2026-08-24,0x1bb5dabe390cf04bf743175a1b57a55ce288ae7f,data,model,2,0.0,2,0.001
2026-08-24,0x9299ea851fcf213071a6dd94ffcd026834d61023,compute,model,4,0.0,3,0.001
2026-08-24,0x046a26665429a12448316a3029a2f2ccf8eecd12,unclassed,none,2,0.0,2,0.001
2026-08-24,0x8520b3693a2cf3c2bea3a505af3a9c1b093954c7,unclassed,none,3,0.0,2,0.001
2026-08-24,0x3b20d22540deb3cf1162b195cd15756adb5ceb5d,data,model,2,0.0,2,0.002
2026-08-24,0x07737a1fb3863202bcd3c7408b801eed68604d39,other,model,2,0.0,2,0.001
2026-08-24,0x035755e5c98270b8b950fb28f152cae7375626b0,data,model,2,0.0,2,0.001
2026-08-24,0xa7e1fe3744e3b6d55237d95ce575cafe3b8abecd,data,hand_o2,2,0.0,2,0.001
2026-08-24,0xb5194a98dbdbb7028b585db26b972e7f0f3f826a,data,hand_o2,2,0.0,2,0.00225
2026-08-24,0x0bb172622db9f247a53c8e2d577aeabf0b81c8ec,unclassed,none,2,0.0,2,0.001
2026-08-24,0x5a56703f46be1459b9b2806968661b6bd7ce3dee,unclassed,none,3,0.0,3,0.001
2026-08-24,0x7849ed8a93815fe26a38b5368498b4fc6210be8a,data,model,2,0.0,2,0.001
2026-08-24,0x23c920649f148bd253583f140f540797b312db35,data,model,2,0.0,2,0.002
2026-08-24,0xda2f35d283c42dd60b965322394bc658a5c1769f,data,model,4,0.0,4,0.001
2026-08-24,0x6f748ce56a7b39008dcf42f427a2cbf849ced320,other,model,4,0.0,3,0.001
2026-08-24,0x6a82fe3f9471fdf7c8987b482737a44084dfe2cb,unclassed,none,22,0.0,19,1e-06
2026-08-24,0x1035e11e861aab9fa443491bfeeb0b3152c7a9f3,unclassed,none,42,0.0,32,1e-06
2026-08-24,0xc87a34ea2051c052c9e4ccb4bfc5d308560abc68,unclassed,none,26,0.0,19,1e-06
2026-08-24,0x3fc3bfe0e28824cdc964b8ba3ba97ac3c8d8ffb0,unclassed,none,18,0.0,16,1e-06
2026-08-24,0x5fd3e2915b3a726db50b6ff60f281f59a591ab3c,unclassed,none,16,0.0,15,1e-06
2026-08-24,0x8553670d4b9302a6c6499707e1ad742bd941f930,unclassed,none,27,0.0,22,1e-06
2026-08-24,0xd07bb762a322029df4f4fb728af1c805591fc7d0,unclassed,none,35,0.0,26,1e-06
2026-08-24,0xb77bb730db97d8ced7d85b59dd702f83c65bd02c,unclassed,none,44,0.0,32,1e-06
2026-08-24,0x7e5af504234a9a992009b4de3f5ca9c4fe0db5be,unclassed,none,30,0.0,19,1e-06
2026-08-24,0x59dc4e72ff68bd2fdcf904f7dea50ba34369c9dd,unclassed,none,16,0.0,15,1e-06
2026-08-24,0x751c6acf5d1b704a1ad983a526207600968b4e41,data,model,2,0.0,2,0.001
2026-08-24,0x6ede3258bce2ef32f9bb614c781818b4efd0e765,data,model,2,0.0,2,0.001
2026-08-24,0x581ab190df2b2932175d987e787acd28a85eaa1c,data,hand_o10,2,0.0,2,0.001
2026-08-24,0x75abce556c2450d58dad3779c57f5eb0885b9758,other,model,4,0.0,3,0.001
2026-08-24,0x0881538253fa366a883c4f94206972d0900458b2,unclassed,none,2,0.0,2,0.001
2026-08-24,0x7d6e22db7c2ee44859061061f99e55257a5ceac1,other,model,3,0.0,3,0.001
2026-08-24,0x7b390424b3e211c0739585778de97ae719ccd137,other,model,2,0.0,2,0.001
2026-08-24,0xda2ae4aaad36a883bf17f3345894b2bd09507c41,unclassed,none,3,0.0,2,0.001
2026-08-24,0xc863b1c6658971ca427e90665dccce90a41a2bc2,data,model,3,0.0,3,0.001
2026-08-24,0x0db4c96d8b14f431f3bb8ce1a33f07d2c696a62c,data,hand_o2,2,0.0,2,0.002
2026-08-24,0xd6fce15298fc9d60f867d9455d497177da9bfb0a,data,model,4,0.0,4,0.001
2026-08-24,0x841ef35b7b7ee4c820bff040369a8ade4741b45d,data,model,2,0.0,2,0.001
2026-08-24,0x749b7b7a6944d72266be9500fc8c221b6a7554ce,compute,model,2,0.0,2,0.001
2026-08-24,0xd3fad775704a0ed209315a406c3d99ed589ee723,data,model,2,0.0,2,0.002
2026-08-24,0x338d8649efa45b940d6656030faa58d9d01e6983,data,model,3,0.0,3,0.001
2026-08-24,0x8b29dabd6fbb5a09dacbc7978eaed66a8540721d,other,model,3,0.0,3,0.001
2026-08-24,0xed181bcadb44681e44fa365521af1251625e57b7,other,model,4,0.0,4,0.001
2026-08-24,0x3a0aee5c49e6d32a2b7a333dc3500ad6a7901eae,other,model,3,0.0,3,0.001
2026-08-24,0x309fd902b4b29905c8493c94a569673e1d6dc0d3,compute,model,2,0.0,2,0.001
2026-08-24,0x402faccc3faeb72351cc2b68c7966faf5f22b0d4,data,hand_o2,2,0.0,2,0.001
2026-08-24,0xb3e9391f04f791462ed2a1ebafabe254d7afe3a5,data,hand_o2,2,0.0,2,0.001
2026-08-24,0x435afac555fe115f18e657e49960063c12c6aed0,search,model,2,0.0,2,0.002
2026-08-31,0xb0af3ccf9154f81af07a194150113523767d7de0,large_ticket,unlisted_review,2470,10799.73,9,1.560919
2026-08-31,0x47d3394c7234714e4b9e9b74827c12be847f9dda,unclassed,none,3602,7576.2,24,1.0
2026-08-31,0x68396bd35874695ad86cd29410bd80a550991a2b,compute,model,7828,7199.14,703,0.003
2026-08-31,0x93862e5b2b1fa10a01772e7e9ca7cdc7deb5ca25,large_ticket,unlisted_review,384,5303.73,113,10.791
2026-08-31,0xe9030014f5dae217d0a152f02a043567b16c1abf,data,hand_o2,152507,2467.47,151,0.007312
2026-08-31,0x85b47b40455ab2bd7921f76dce841b48c82d627c,unclassed,none,1704,1697.21,2,0.49395
2026-08-31,0xcc74a6404d54de40572e67dc4fa03c6280e68ae3,large_ticket,unlisted_review,9,1037.63,7,99.9
2026-08-31,0x325bdf6f7efab24a2210c48c1b64cab2eae1d430,data,hand_o2,32816,810.91,146,0.01
2026-08-31,0xdd350976b8cffc65938c0464d39a2c78be079bd0,other,hand_o2+model,73,640.36,6,0.99
2026-08-31,0xa9dd7cc9cbf0e05551332209289f04be36bc2315,data,hand_o2,201170,500.91,52,0.002
2026-08-31,0x942bd3e3073543c674efc0c378d5bce20f9120c1,data,hand_o2,70,418.2,5,0.2
2026-08-31,0x3291e96b3bff7ed56e3ca8364273c5b4654b2b37,other,model,36,234.6,12,0.001
2026-08-31,0x213c8d7434e2ae7aa1c392767c5120778d413215,compute,model,67,174.45,12,1.0
2026-08-31,0x05fdaf598d420e7caf649928c1893764ddf8a7d6,search,model,1112,134.84,38,0.03
2026-08-31,0x5b9acf47eda712cdc7ec4b499646f6c236d880c7,large_ticket,unlisted_review,3,126.0,3,25.0
2026-08-31,0xf000ab8b02aa5c52b62bdb10bf63312317e994fc,unclassed,none,1763,104.2,11,0.03
2026-08-31,0x2be87df452c9b30c9f958eed340f051b475e4133,large_ticket,unlisted_review,4,103.94,2,3.245
2026-08-31,0x4aabe17c239ef71c3a26ba7c2b3e0aebbfc1df26,data,model,59,84.0,16,1.0
2026-08-31,0x7d2ceb7a0e0c39a3d0f7b5b491659fde4bb7bcfe,other,model,1619,82.05,89,0.05
2026-08-31,0x26572ff23c6c52bfb1a69cb0c9114a8be443b422,compute,model,34,77.95,2,0.05
2026-08-31,0x95ec5b9eb80cb275ab6e6015b624f86fbeb573eb,unclassed,none,33,63.7,33,0.98
2026-08-31,0x66d7c2f952362bfb24fd7f02a9bec9c754ea83bc,data,hand_o2,1151,63.47,10,0.0324
2026-08-31,0x21dd37e3e4ea6ccc0a5c98a4944702ede6e7be10,large_ticket,unlisted_review,14,60.0,7,5.0
2026-08-31,0x90b0dc893406d6ea63bb077ed59f5e8340f98d84,other,hand_o2+model,27,58.82,2,1.0
2026-08-31,0xcfa26f13c6c18307033ece13bbb8f470da5b4dbe,search,model,962,57.72,37,0.06
2026-08-31,0xade02dff58b0316f04cd59806e3fdb4690fe89ab,data,hand_o2,559,56.19,5,0.1
2026-08-31,0x7360d007c5b96c1a0be4d3faf7f4bc3f8d1fb832,unclassed,none,72,53.93,6,0.023987
2026-08-31,0x480cd46e6fade651a0437deadda53d5c8e7d846a,other,model,98,53.48,20,0.002
2026-08-31,0x2670b922ef37c7df47158725c0cc407b5382293f,unclassed,none,126,52.17,9,0.01
2026-08-31,0x88e672725256986a599afb6f1f56304d84b4d572,unclassed,none,23,45.08,23,0.98
2026-08-31,0xabf4fabd7c416fb67202e5f9002389fc75e2a9d0,data,hand_o2,2823,40.59,52,0.003
2026-08-31,0x07f067959297767c887dbfa3c72379c66e82a045,compute,hand_o10,206,37.82,25,0.1
2026-08-31,0xcc985ba6934d134feec4824ba40258608f3a4333,compute,model,13,37.0,5,0.5
2026-08-31,0x02bbad0f2eb68f74580d85d23470bde68421b3f5,unclassed,none,2,35.28,2,17.64
2026-08-31,0xd7ad6d75ffc43252de1c69122d958e5eec67c156,unclassed,none,18,34.3,18,1.96
2026-08-31,0xcf19bafccbf27369ceea7ff0f60c891dec1a0830,unclassed,none,26,31.81,18,0.98
2026-08-31,0x40a8cdd6a10ec1a8cb3dfb2834675e7a2cf4ad8b,other,model,4270,31.2,88,0.01
2026-08-31,0x3e925f0fabd6a9b72488323ef7c1142517ccf844,unclassed,none,14,30.38,14,0.98
2026-08-31,0x8031d472bd41780175197a64254412fd1b28956b,unclassed,none,14,29.4,14,1.96
2026-08-31,0x0a45432b7301e6979b3d3247c8dc10f4ceb24e36,unclassed,none,108,29.24,3,0.01
2026-08-31,0xdd666cdcf2bccff8d1c8161ed24ff26c0ed429b9,compute,hand_o2+model,107,29.2,2,0.2
2026-08-31,0x3c5cbe28eca3b96023c45d3f877da834f1c7d5fa,data,model,733,28.67,20,0.038001
2026-08-31,0x788b4ca11950879550353d8ae82d1c0af6018454,other,model,12,28.04,2,1.0
2026-08-31,0xa4824853c1cfd4d80cc6476a02d2562f46ffc5fe,unclassed,none,21,27.44,19,0.98
2026-08-31,0x9bb01e9356ba0c97e76d19b1aca691223bbb3248,unclassed,none,23,26.22,2,0.01
2026-08-31,0x491af086e795ea035d714e5fb3f564d3076e8e02,unclassed,none,9,25.48,9,0.98
2026-08-31,0xc7acd120010b07693a59d611c9ae9a2b0bf4568d,unclassed,none,8,25.48,8,2.45
2026-08-31,0x87d2e1595be5c672a330f5672b9ee95661acbe51,unclassed,none,14,25.46,14,1.96
2026-08-31,0x8a99fef40d17e0bd6d48ce088cc207847d1c0596,other,hand_o10,6,25.0,3,5.0
2026-08-31,0x525f6ddce9af7a7179d7696aabfcd5fcd15a21e6,data,hand_o2,2377,23.77,16,0.01
2026-08-31,0xdd257723b86b4947483905cdacbbbc70facf2ec0,data,hand_o2,1171,23.64,23,0.02
2026-08-31,0x6d6e695b09861467c7d462f5aaf31cf3540b9192,search,model,3354,23.12,50,0.007
2026-08-31,0xc67e8089c6a0dcde3c709988a1f8e217b638aa29,unclassed,none,16,22.54,16,0.98
2026-08-31,0x98e74178bfbd97c28c9e2b0046ff39b68bf52f96,large_ticket,unlisted_review,15,21.56,12,0.98
2026-08-31,0x2a90d68071b16ba7ab236709d4e37a54f56fea3b,compute,model,69,20.81,6,0.08
2026-08-31,0x5f83d6fdf535690872e4589bbba60f24d688480a,unclassed,none,2,20.0,2,10.0
2026-08-31,0xb8343fac457b2ba68981839693e60249c79c70f8,unclassed,none,16,19.6,16,0.98
2026-08-31,0x52e29e0d2aa49bfbfc548c0a9f2196f4aa51f3ea,data,hand_o2,4360,17.93,523,0.003
2026-08-31,0x09713aa8b09a0023d95b1df2cbdb5a2f70475aa2,unclassed,none,11,17.64,10,0.98
2026-08-31,0xf296039034f35683e42071a675a9178863632104,unclassed,none,18,17.61,2,0.21
2026-08-31,0x155b0f980ba3125e9d1bf98a29586d1d70117629,unclassed,none,17,17.0,3,1.0
2026-08-31,0xa0bfa4f07281c9b248dc3aed2217836bca24869b,other,hand_o2+model,102,16.74,7,0.005
2026-08-31,0xd219db8179bb9c1899ef87f39eeba9d1070c6801,unclassed,none,31,16.74,10,0.54
2026-08-31,0xaeeb8eabdc05532a26123045f99d208eb1cc00ab,data,model,83,16.54,3,0.15
2026-08-31,0x1f3f6191bea8a57dd7a1fe90a4249c706ad4fb46,other,model,16,16.0,5,1.0
2026-08-31,0x4466d4a84b7c49a6a094ec6eef4a0712d6dd125e,data,hand_o2,798,15.91,41,0.008
2026-08-31,0x81c4143ee57906239718de4a904bff00436fa1c1,unclassed,none,10,14.7,9,0.98
2026-08-31,0x4252d418a73e44c5abe7db66e2f1ffdbda3834ac,unclassed,none,14,14.7,14,0.98
2026-08-31,0x1f81da453901d15296c1710af83e0bc0371d39f1,data,hand_o2,309,14.45,7,0.05
2026-08-31,0x9aaceabad8e1858b72fcea1665381b168841b2fa,data,model,325,14.35,6,0.05
2026-08-31,0x26e8134ecc3af5cce32f34b03e7bd2f318b25158,unclassed,none,101,14.12,2,0.066462
2026-08-31,0x93053f1e7a5efeda532fe69cbbe43cbec3a0f13f,data,hand_o2,788,13.32,26,0.01
2026-08-31,0x36038e1d712c5e39f35952164ec58ec2b96caee7,data,hand_o2,404,12.8,35,0.02
2026-08-31,0x2defa274a612b1c20ce865ceaa3100ecc6baffe6,unclassed,none,9,12.74,8,0.98
2026-08-31,0xa7f3ad0e69f61864092fabba6cee00af6e584689,compute,hand_o10,307,11.91,11,0.005
2026-08-31,0x87caed4e51c36a2c2ece3aaf4ddac9693d2405e1,unclassed,none,12,11.86,3,0.721072
2026-08-31,0xb45c0f287df29fc677e37a186ca9ff9eb57bcb5c,unclassed,none,7,11.76,7,0.98
2026-08-31,0xd4bf214e1c1f7ec0e798eea554d1a1157158ff2b,unclassed,none,56,11.2,26,0.2
2026-08-31,0x3c0820e2dabd5feae1fd03b78079dee15c7f83d8,unclassed,none,72,11.01,9,0.001
2026-08-31,0x89990ea803dfc189bde0f26bdbc11f0fdf72a19a,unclassed,none,4,10.78,2,2.94
2026-08-31,0x169bf49c6ee5a179190121ab8d180b50e31683d1,data,hand_o2,46,10.65,2,0.1
2026-08-31,0xdea3223bcebd75b3519ef706f520d5d522fea9aa,unclassed,none,14,10.62,2,0.61
2026-08-31,0x527b56f3bfbb78c9ff479cec3961fca82c359e1b,unclassed,none,58,10.28,44,0.2
2026-08-31,0xe547819dee840c0a18fac7f840cb0e3847135d59,unclassed,none,3,10.05,3,5.0
2026-08-31,0x2212085a667b778cf0f4b615ce1fe38cbdf6efc5,unclassed,none,6,9.8,4,0.98
2026-08-31,0x0e84ddedaae6a779c462c22a59f301ec31b6b808,data,hand_o2,2067,9.55,101,0.001
2026-08-31,0x52ab53912d37759b2ad364f22dd06b16714b6c06,data,model,115,9.52,10,0.05
2026-08-31,0x27e7d8c697aefd333a3cd37cf392e777d7c1a953,unclassed,none,5,9.4,5,0.98
2026-08-31,0x2ec4545f96a24876764bf2b04d54e66a1351be71,data,hand_o2,888,9.12,24,0.01
2026-08-31,0x7c655d3d3944bd27994dd81a036c3afb19806c40,data,model,204,9.09,16,0.01
2026-08-31,0x6a0a10ffd285c971b841bee8892878c0d583bf67,unclassed,none,5,9.07,2,0.006064
2026-08-31,0x836be278f1739fb4308091cd1852f7971bc19ee2,compute,model,1785,8.93,2,0.005
2026-08-31,0xe740d5701749d262da5e4fcb9f814c5b6d91cf46,data,hand_o2,49,8.83,9,0.3
2026-08-31,0x0b6e3594df4faa6d66196d5a3271796ad8bb505d,compute,model,97,8.78,3,0.12
2026-08-31,0xfa45c1c9e6e21bfc7fc6ca21efefae60627ce3d7,unclassed,none,59,8.77,44,0.08
2026-08-31,0x8e3c3e9c91cc0161b5e1cf138180ef3641d2371e,compute,model,526,7.97,11,0.0206
2026-08-31,0x7e91ed11bdb3b303b1e0ea42f7b5ba033c11747c,unclassed,none,4,7.84,4,1.96
2026-08-31,0x5d5e0cf1cd611ff6f08e9c5a11cd068ab9b63085,unclassed,none,51,7.5,10,0.1
2026-08-31,0x5e709929a4ab69ec3a8811d03417869059bc4eb9,other,hand_o2+model,95,7.43,10,0.02
2026-08-31,0xb7ec5ae1eb01eb7d9b7c2025a86cd9320c85daaf,unclassed,none,6,7.42,4,0.98
2026-08-31,0x25a8b697da5c0baf698fd6bd9701b5e825214145,data,hand_o2,71,7.38,5,0.01
2026-08-31,0xec9641ebdcdfcad27bc10472d26bdd61cbf71d5c,unclassed,none,46,7.25,3,0.15
2026-08-31,0xfdb4b511f6ae1f270776e500b3360217d5e7ed03,data,hand_o2,300,7.23,11,0.02
2026-08-31,0xc751344ee09b5159160173f77d4a1169bcd386a1,data,hand_o2,1543,7.11,29,0.004
2026-08-31,0x45ac00db8bdd4b837abbbf75888cbdfe6b6d8943,other,hand_o10,5,7.04,3,0.01
2026-08-31,0x9aa0c3a677ae0fafac098fc58566bfd85ed9115c,unclassed,none,3,6.86,3,0.98
2026-08-31,0x367f1b3d8ca90d1e087481a9a40d585bf3451a03,compute,hand_o2+model,130,6.82,5,0.02
2026-08-31,0x6c0752c09e7f6fa6526fcdf40e456a159ebb5621,compute,hand_o2+model,226,6.65,23,0.011
2026-08-31,0x8b5358d68a41660b206ce66b08a8048979e08730,unclassed,none,2,6.44,2,3.22
2026-08-31,0xf121fbecec43e1b616d47285851c20d5fc64431b,data,hand_o2,30,6.26,7,0.01
2026-08-31,0xcc42ed39a06b6cf3f484307ef76b88bf56fb305f,data,hand_o2,241,6.2,22,0.02
2026-08-31,0x10ff767043a1723e0bb5b9207bc37d3442cc9e4f,compute,hand_o10,4,6.14,3,0.5
2026-08-31,0xdadc335482ad545296fd7b28518a251ffcbeb9df,data,hand_o2,153,6.13,18,0.02
2026-08-31,0xc0ce6bfb16bb6b6e10a9d806e509d8d20996380f,search,hand_o2+model,6,6.0,5,1.0
2026-08-31,0xd593832ce9c2b13b192ba50b55dd9af44e96700d,data,hand_o2,220,5.9,9,0.01
2026-08-31,0x970007590acc5c938cd51345b17af51b1b40d3ab,other,hand_o2+model,162,5.67,23,0.01
2026-08-31,0xc87a06dee4c0e85912296002617120bbfd5ef990,data,model,89,5.6,12,0.005
2026-08-31,0x96ac2cc7c4b3d3b0ceaa833ee2c67aca209bceb3,unclassed,none,41,5.36,28,0.099
2026-08-31,0x059d091d51a0f011c9872eaa63df538f5ce15945,other,model,8,5.35,4,0.03
2026-08-31,0x3070fbb3803819fb5bdfe9286fdc6325a877fa85,data,hand_o2,216,5.21,15,0.02
2026-08-31,0x8c128f1ee62bb5e47867cfbae2ad89be325df1b2,data,model,184,5.12,19,0.02
2026-08-31,0x0573c4da7fc31e944e5ff959fef3b42199c308b2,unclassed,none,5,5.0,2,1.0
2026-08-31,0xaf4829be5d134932d71ddf115682c7c9de8955e6,unclassed,none,2,5.0,2,2.5
2026-08-31,0x0d976803fd5a8347037c7ddbaa282e2050efc231,unclassed,none,15,4.71,15,0.2
2026-08-31,0xb5194a98dbdbb7028b585db26b972e7f0f3f826a,data,hand_o2,53,4.67,7,0.12
2026-08-31,0x75ddd3c42eace13c59ea0cd1141b886a1c70d2a5,data,hand_o2,17,4.5,6,0.25
2026-08-31,0x93fb99a4ea2134d2d66ea4821df435ccd500fc42,unclassed,none,14,4.29,14,0.3
2026-08-31,0xbcbd4963a5b088996f5e26cf0fef38425a00820c,unclassed,none,15,4.19,3,0.22
2026-08-31,0x4df66b6c140778fe0717880a7c6dde5ea53acdea,data,hand_o2,104,4.13,25,0.03
2026-08-31,0xdc9f94a8b93f070b58cfa580cbe740d763005fe6,data,model,47,4.12,6,0.003
2026-08-31,0x8c69b13769ca7033145cedbf463a7fe1368537d1,data,model,41,4.1,4,0.1
2026-08-31,0x5e00c23a3cb51746fa0cf3e2ccfb0757fe2c0b5c,compute,model,34,4.1,2,0.0728
2026-08-31,0xc7d2dd296379aa701ef67ce2a1c3398865a74fe7,unclassed,none,4,4.04,4,0.92
2026-08-31,0x49245ae5cfbf5b751f83ba66e8502b33551fa9c4,unclassed,none,43,4.02,43,0.08
2026-08-31,0x9dba414637c611a16bea6f0796bfcbcbdc410df8,data,hand_o2,678,4.01,13,0.006
2026-08-31,0xdb5aa553feeb2c3e3d03e8360b36fb0f7e480671,unclassed,none,134,3.92,14,0.02
2026-08-31,0x6aa16089a3e00f06356f31ae6585ede313f096fa,unclassed,none,4,3.92,4,0.98
2026-08-31,0x0400dbe6bf2a46e2f42f84843c4b9cb42cb7beb4,unclassed,none,2,3.92,2,1.96
2026-08-31,0xd662a1aeec74e6021068a4f2ad998b1fb375803c,unclassed,none,49,3.89,33,0.08
2026-08-31,0xc9b70d8d342609437bc87ec3c877911a306d3e6a,data,hand_o2,61,3.85,10,0.05
2026-08-31,0x4f180b7752993b785be84ebbb15ce99c97a926a1,unclassed,none,196,3.77,4,0.0214805
2026-08-31,0x50ab2018c06c6e4eaa9ba52057eb55ed284912fc,other,hand_o2+model,63,3.75,27,0.02
2026-08-31,0x6bab1d63b3b51a88c7f87402db2803b05f0ae9e9,data,hand_o2,62,3.66,3,0.06
2026-08-31,0xdf3d160b4720f3a72148ad1106acd7ebeeefd85f,unclassed,none,3,3.52,2,1.0
2026-08-31,0x3a6e1866f38385025fa9024304882cf59e3330ab,data,model,4,3.52,2,0.01
2026-08-31,0xb695e3c2432994e22f8e89e2fee6cd97d63604cf,unclassed,none,2,3.48,2,1.74
2026-08-31,0xe3738580ede5384bb8b8d1c8786b391c59d2668d,data,hand_o2,107,3.45,13,0.05
2026-08-31,0x0fad15c9f4c38f439fd56c4d4e4bc8fc71c42767,data,model,46,3.44,4,0.021
2026-08-31,0xcb79b3c5a7dadcd7c30e3be252c0ca44a06c6f78,compute,model,33,3.3,7,0.1
2026-08-31,0x0d0e3539da45c573af8730045e7d5f634243f3d3,other,model,9,3.16,2,0.2
2026-08-31,0x2fecabdfc849c76fdc28ca13aa0ab392753ef35c,other,hand_o2+model,40,3.15,5,0.03
2026-08-31,0x973a31858f4d2125f48c880542da11a2796f12d6,data,hand_o2,79,3.13,9,0.04
2026-08-31,0x0cd2c9724f185a029101b4aeacf3f114415c394f,data,model,123,3.12,6,0.01
2026-08-31,0xd33906178569f35eff2e1665a14b06b455ff531f,compute,model,35,3.05,2,0.1
2026-08-31,0xe08ecd638c723c7bb37d19ea04690199c5c9a27e,unclassed,none,3,3.0,2,1.0
2026-08-31,0x632730a7852e6a002fa62509c78783dd500faded,other,model,3,3.0,2,1.0
2026-08-31,0xfee13309251b632317ea2d475d6aba7e7e0219e6,other,model,3,3.0,3,1.0
2026-08-31,0x9c5418416110008a587d6bcdffba580dea208356,unclassed,none,3,2.94,3,0.98
2026-08-31,0xa728818521a17b10641966dcedf8ea2afaebb141,unclassed,none,3,2.94,3,0.98
2026-08-31,0x5569e7ec942e4a6949aa1787ac951a5c4c311cab,unclassed,none,2,2.94,2,1.47
2026-08-31,0x59f3ffb6ece340a31632cbd43be4b499f032e249,unclassed,none,3,2.94,3,0.98
2026-08-31,0x29322ea7ecb34aa6164cb2ddeb9ce650902e4f60,data,hand_o2,268,2.9,111,0.005
2026-08-31,0x9389743079dd80552acf15f3d65e624fd18fa95d,unclassed,none,2,2.82,2,1.41
2026-08-31,0x579c7e178f116c7ad4388be6a143afdce300cbfc,unclassed,none,3,2.68,2,0.099
2026-08-31,0x2b6d4988db4723e6908db86ab2b8dfbc51fc32c5,other,hand_o2+model,254,2.66,27,0.0036
2026-08-31,0xe9740820225b3918b4ddd1292c7ca4ca0e2c2f08,compute,hand_o2+model,257,2.6,5,0.01
2026-08-31,0x17cd53c04d707ef0dd615ef56c633f02915a7905,other,model,52,2.6,3,0.05
2026-08-31,0x14849afa040edeee524a40c52b877fe1b6e6c2c5,compute,model,48,2.53,6,0.05
2026-08-31,0xbf22b6ddb5a08c823856a779f1004eea60c5ab92,content,hand_o10,2,2.5,2,1.25
2026-08-31,0x561143bfe9e2d975d92e915b8effeaa54119472a,data,model,25,2.5,2,0.1
2026-08-31,0x2a65491e93ad0d484b74405401a38e2e0e5edd7e,data,model,40,2.42,2,0.05
2026-08-31,0x7d9c21acb6be3f6ea4723c148a32dc327a3ecb5b,data,hand_o2,24,2.4,2,0.1
2026-08-31,0xa9a38639ed4aebc04092e21f3399c56545450713,data,hand_o2,44,2.37,6,0.05
2026-08-31,0xd425e00e375004b382fde2253968631f7f6dd358,unclassed,none,47,2.35,2,0.05
2026-08-31,0x79e999e2f9d5417f2803f1d88602ab1ea4323881,other,hand_o2+model,11,2.33,6,0.01
2026-08-31,0x9e5c9cb250d5ac23bde6f1925ceba170061e1b02,unclassed,none,5,2.28,2,0.32
2026-08-31,0x058d0cc5cc97e61e8a9f38d6d6365bce525921b2,search,model,235,2.26,13,0.003
2026-08-31,0x79de205c60526d77ba66eb1f9e24aec3030019fb,unclassed,none,7,2.26,2,0.24
2026-08-31,0xd955f7b53ab438b24609034b1c88ff7f66625b05,unclassed,none,2,2.2,2,1.1
2026-08-31,0x820d61a720963fab63ab6e0aef4d1779eb42f6bb,compute,hand_o2+model,347,2.15,3,0.002
2026-08-31,0xae2634e709c454f2720c65a0b2f9ba168e431842,data,hand_o2,79,2.14,8,0.004
2026-08-31,0x68e3e7822cf83c824cf9606ec999b5e8a93c85b5,data,hand_o2,182,2.13,11,0.001
2026-08-31,0x3873d15cf3209c32aaa8d9aa542164e658567129,data,hand_o10,35,2.09,4,0.05
2026-08-31,0x8a598a28a435fe44d31854251b1c88d0781ea822,other,model,30,2.05,3,0.001
2026-08-31,0xd24961d32c459170a6784220858cf41c5c4b0900,unclassed,none,2,2.0,2,1.0
2026-08-31,0x5c3db195a38f39074d8c891741a82f6d8f2a16cc,data,hand_o2,250,1.99,6,0.005
2026-08-31,0x606a94219d21c8e73f09d010aad4f5273d0366db,unclassed,none,2,1.96,2,0.98
2026-08-31,0x27f35427ddb03dd9e840f803bb2263368a765068,unclassed,none,2,1.96,2,0.98
2026-08-31,0xb7c5f157b06094cfe2b8932dfb120862aba9b1d3,unclassed,none,2,1.96,2,0.98
2026-08-31,0xdc59fa7b64988b846e76ec9849bb68f889071506,data,hand_o2,266,1.95,12,0.002
2026-08-31,0xb3ba3ca99f9742b32fc527cf62688c83b39aed8c,data,model,87,1.95,5,0.02
2026-08-31,0xb3eb474c4db84f647c43bab94e635e298c744322,unclassed,none,4,1.95,4,0.402
2026-08-31,0xe1933c968e189c4660ab4203a8477d2273274dda,unclassed,none,6,1.92,5,0.3
2026-08-31,0x0a5bcdd0d83ca50bb26a1c1b997e6b8b05c1bbab,unclassed,none,8,1.8,4,0.27
2026-08-31,0xd07c06a650a88bbcf4f0c4fbf2c6c08c9a60acc6,data,model,177,1.77,4,0.01
2026-08-31,0x46830a57ca3806ec71b981e063dc39ca2a3c6fb0,compute,hand_o2+model,57,1.77,4,0.05
2026-08-31,0x20d71310309b6a4982472f4a5eee131069a493a7,unclassed,none,113,1.75,3,0.01
2026-08-31,0x5f7254f252ef9b9f92b6b4f2cf91205ed7a96c7a,compute,model,89,1.74,7,0.01
2026-08-31,0x9863ab6242663fcc84c33632741711db78f8fd15,data,hand_o2,105,1.73,5,0.01
2026-08-31,0xee72b902af7466023595512e3359bb5bf312977c,other,hand_o2+model,130,1.65,4,0.01
2026-08-31,0x7dd5be069f2d2ead75ec7c3423b116ff043c2629,compute,model,64,1.62,17,0.001
2026-08-31,0xb0ae6a9bd7a573ddda58db6c28622417e8ca2099,search,hand_o10,337,1.62,6,0.004
2026-08-31,0xb18fc2275f36dae99eb215caeff03b431f887d16,unclassed,none,176,1.61,4,0.01
2026-08-31,0x880ae37b0d51b9c51c809bba8d2ef9fdffee7fd1,unclassed,none,4,1.6,2,0.4
2026-08-31,0xa2d72abf2c5e939fddca4156b74de482e03ca3ec,other,hand_o2+model,4,1.6,3,0.5
2026-08-31,0x4395c7e383b7e05665aad7f36ed77c01923dd965,data,hand_o2,72,1.59,2,0.015
2026-08-31,0x348ac9e3b010ba2300ba9a7bcfe5ae592b9fcfaa,data,hand_o2,15,1.59,3,0.12
2026-08-31,0x6e8b64638b24c6d625b045dd353120d850064e2e,compute,model,118,1.58,12,0.012
2026-08-31,0x642e8a7c289381f24f0395e0539f0ba41c74cc1b,unclassed,none,12,1.55,2,0.05
2026-08-31,0x403b72e2edbc9db738e09d3064a6a54f8a027055,data,hand_o2,4,1.52,3,0.5
2026-08-31,0xf444abc53f5e1e73caec7df64d147ddb119514a0,data,hand_o2,110,1.49,11,0.01
2026-08-31,0xf22e558a00d91ee12a1f50c52186fecb8ddff493,data,hand_o2,227,1.47,39,0.003
2026-08-31,0x6e9c2ebca537f861fe9242f8f974d99b3df762b2,data,model,73,1.46,9,0.02
2026-08-31,0xd5f96558fcb1f127c77c7d95eea067f526d08618,compute,model,79,1.43,3,0.001
2026-08-31,0x12cd84b102bfc1f2a4d6257c5bf14aca9acd6a4b,unclassed,none,4,1.43,2,0.36
2026-08-31,0x9a8d6b1bc202c4b2203bb05d6fe5a8232ceb6f85,other,model,28,1.4,3,0.05
2026-08-31,0x22b3d4485c8dcd8fc4840a7570664747c9055530,other,model,47,1.39,2,0.01
2026-08-31,0x7941582afbf097cbcba3fee8b7cac1a8bc329139,unclassed,none,6,1.39,3,0.216
2026-08-31,0xbe3fc886e104904935cfc5f4f32f4ccec06cba79,unclassed,none,138,1.38,4,0.01
2026-08-31,0x1a431dd123277b52f836fe59861ccc90dde60763,unclassed,none,4,1.34,3,0.3
2026-08-31,0x6e007731870ede419cfb31889cd5c4493cecb04c,data,hand_o2,156,1.33,76,0.0085
2026-08-31,0xdceca23ff8a7145e1b5b35427c9886cf21a67566,other,hand_o2+model,25,1.29,7,0.01
2026-08-31,0xfa21521052abb237ab791a756741eed83712a056,unclassed,none,35,1.28,8,0.001
2026-08-31,0x9b8a2786a3df7a7837ccfc4e792e9eb90a36f72f,compute,model,126,1.26,3,0.01
2026-08-31,0x8c95dbb340cee1768270df7124afb24ebc5dc310,compute,model,25,1.25,2,0.05
2026-08-31,0x4c1a4fce51fea51f128a01cce8becb106d391155,compute,model,5,1.25,3,0.25
2026-08-31,0x217e5fe265eb78b29067bf8324ef03a7d8e167c4,data,model,147,1.24,32,0.004
2026-08-31,0x02c2fcafce36b4aadb39625866bc6b1699d83043,data,model,71,1.23,13,0.014
2026-08-31,0x33661b8496075c3b8b2b69cb3e03bc3436808d78,content,hand_o10,99,1.23,60,0.01
2026-08-31,0xa8cc4011eb545ee5d436a599c9a8bd03dd1e1df3,compute,model,3,1.21,2,0.55
2026-08-31,0x73ace32013985f715b5e00e5a341259cce17d220,data,model,8,1.2,3,0.15
2026-08-31,0x7b13107779cfda1beba3289d0fbe27310436f3e3,data,model,24,1.2,6,0.05
2026-08-31,0xd6a895d67eac925faa0c9789cb1a5ce248bc52d0,unclassed,none,4,1.2,2,0.3
2026-08-31,0xb4ad6bb516725ff69594e46c3a7daedf7c473186,other,model,24,1.2,2,0.05
2026-08-31,0x718ef566e55875e34bcae8bb5674f3bc25094e21,unclassed,none,5,1.2,2,0.12
2026-08-31,0xc0a707f63df3120e018f119ddf44fc8eaab40e72,search,model,24,1.2,3,0.05
2026-08-31,0x64c1716514c150844820316b48217a10bba9bf04,unclassed,none,2,1.18,2,0.588
2026-08-31,0xab6731a0bcdf511c2842c768a03448075ab654ca,other,hand_o2+model,61,1.17,9,0.005
2026-08-31,0x8aa6a85a2723e2816204f3cf48d76b84bafdaab4,data,hand_o2,14,1.16,3,0.075
2026-08-31,0xf39be1b0c9e702844ee809b4f31d744f335f10c7,unclassed,none,3,1.16,2,0.24
2026-08-31,0xdaf033ef1cbdd776fcba145ed3a8b66450a7e635,unclassed,none,2,1.15,2,0.575
2026-08-31,0xc29185fa176357612f3194735753e520e91adc46,data,hand_o2,76,1.12,3,0.005
2026-08-31,0xb4443146b9d062a2e7e5bf062b3d4fcef273af4c,unclassed,none,14,1.12,14,0.08
2026-08-31,0xc91ce6291edc0713ec753bafba002506ffb2b95c,other,hand_o2+model,14,1.11,8,0.01
2026-08-31,0x26c2ebffb2b332e5c188b1e33d4c7fa1a0ce0937,unclassed,none,3,1.09,3,0.32
2026-08-31,0x76a672eee56d29d475b0715cc03b8c99d70ec8a2,data,hand_o2,10,1.07,7,0.0035
2026-08-31,0x95e19b0bac0f889f795a12886b5597efc6218c14,unclassed,none,2,1.06,2,0.53
2026-08-31,0xf6241dac644acacf31efa7f2849dca01cdedcf4f,unclassed,none,2,1.06,2,0.53
2026-08-31,0xa131ff6a6591226c7bc1147550faef27b2f26316,unclassed,none,2,1.06,2,0.53
2026-08-31,0xf752eeb75d3bea24aa867ad93bfd8ef5a2f431b9,search,model,99,1.05,10,0.01
2026-08-31,0xd617a7145ca56e3ed58d639f9dec6999b22441ee,data,hand_o2,109,1.04,7,0.005
2026-08-31,0x6b2891b824206b0dc9884751fdbaf73e9cce651b,data,model,6,1.04,4,0.01
2026-08-31,0x9fb365e4e9385e2a39febad70368267e6f571d9a,data,hand_o2,239,1.03,20,0.001
2026-08-31,0xc327d0aeb5f65b514b193b5e5a95cc6f4060815f,search,hand_o10,81,1.03,8,0.005
2026-08-31,0x8aab9a6d28e9aba2a15a613c90f24f352f0cce15,data,model,92,1.01,7,0.01
2026-08-31,0x56f039308ba00bb1821d73a5165e34c99f54c07f,unclassed,none,100,1.0,2,0.01
2026-08-31,0xb38bfc5b940b9b650b1bb9d502024bb9665425c2,data,model,2,1.0,2,0.5
2026-08-31,0xf499102c8707c6501caadd2028c6df1c6c6e813b,unclassed,none,5,0.99,2,0.005
2026-08-31,0x26ba58f5cc36b928973aca2d506cb576aaf4009f,unclassed,none,49,0.98,5,0.02
2026-08-31,0xb3c2776ce3f99cb3366520c27b4ac5d436942ab6,data,hand_o2,65,0.96,7,0.014
2026-08-31,0xe82ebef57fa5af958b8ecb6843d4327d314f59e3,data,hand_o2,259,0.95,24,0.003
2026-08-31,0xd5f951c86b0a4022c72c38ab5ba66a682a259420,data,model,22,0.95,2,0.05
2026-08-31,0x9f8bd9875b3e0b632a24a3a7c73f7787175e73a2,other,hand_o2+model,206,0.94,13,0.001
2026-08-31,0xb6a6ba7f58fe92e77bce040cc0818c63ab9ac768,search,hand_o10,34,0.94,5,0.01
2026-08-31,0x177ea123a35253ba8869a7e21e717978e482351d,data,model,14,0.94,5,0.03
2026-08-31,0x36c6756ed0a1690a615894cdea61e02332410e0f,unclassed,none,3,0.92,3,0.25
2026-08-31,0xbfd71ea27ffc99747da2873372f84346d9a8b7ed,unclassed,none,172,0.9,12,0.005
2026-08-31,0xa09ae66ec8664475697ffc0eb45aa3fe52aa6030,search,model,173,0.89,2,0.005
2026-08-31,0xd993eafba87cffa2ca2cff5a56ef89034575a7ef,other,model,24,0.87,2,0.05
2026-08-31,0x2583aac89f58a63d9ccbedaa5e3baf2196aa967e,compute,model,39,0.87,4,0.03
2026-08-31,0x97ef1cc202cbea15c46693ac53178aa90c7566fc,unclassed,none,7,0.87,5,0.084
2026-08-31,0xb52127cc5a661ef7fd02a59764af42fb6c34b6e2,unclassed,none,5,0.86,2,0.1
2026-08-31,0x9811c0900fcb719bbc363a3846d2d6db2771dea8,compute,model,16,0.84,3,0.05
2026-08-31,0x0d083590c048a243e24a75e3a7c968145de25b44,data,model,160,0.82,8,0.005
2026-08-31,0x2f6ba59f09fd4693c6df12aec5acf14a4ba43f1d,data,model,11,0.82,3,0.05
2026-08-31,0x105bc7a04eec0c162342874110084dfe01996435,compute,model,37,0.81,4,0.005
2026-08-31,0x38c063312719220c676e988f0dee14b4ec0e44c8,data,hand_o2,275,0.8,23,0.002
2026-08-31,0x06dff3c8380b5d1799874ada903fc3422882fd6f,other,model,85,0.8,19,0.005
2026-08-31,0xb059eac9330dc5f23f5346a81348af1e99f379bd,unclassed,none,8,0.8,8,0.1
2026-08-31,0x510d1c21788166b0a39f83796bf624e006849690,data,hand_o2,46,0.78,18,0.01
2026-08-31,0xadc3a47efbd82ed724a0e9a3d08d5a1a8e6586fd,other,hand_o2+model,11,0.76,5,0.02
2026-08-31,0x13e060adcc6f4b731da8382b333027b8b2bff707,data,hand_o2,73,0.73,7,0.01
2026-08-31,0xb1f5aa2d750547a84fc53b8519de235d7bc29e29,data,model,73,0.73,2,0.01
2026-08-31,0xc3d01fd2f79d4c57ad106ab8ecc12a5de24f97cb,data,hand_o2,68,0.72,7,0.01
2026-08-31,0x1d1b81247c407521e2a01f3e21514870dcf1620f,data,hand_o2,55,0.72,7,0.005
2026-08-31,0x05a877ef93e7818828d199e2df0028bca3c75bf0,compute,model,30,0.72,2,0.03
2026-08-31,0x885e7bef433eb78f5976b28a7c10739c98db11e5,other,model,13,0.71,2,0.04
2026-08-31,0x23d931f95831cee50b5f5edf4d0e88270f6c8411,search,model,71,0.71,11,0.01
2026-08-31,0x9720950d3e4d9e8c9e23e84e04e683b00204874c,other,model,26,0.69,7,0.01
2026-08-31,0xd86f1f35d6b15febef2f4a4390b584d8a7dec0b6,data,model,28,0.69,3,0.02
2026-08-31,0x04b563909fdafeace9cba26f1848141bd140d741,other,hand_o2+model,59,0.69,4,0.005
2026-08-31,0xbaf55b24ca99bd7393b6e627093b13c6628b53cc,search,model,36,0.68,8,0.01
2026-08-31,0x2df03c5a4abf72d365f1ad290ddfba15629493ea,unclassed,none,8,0.68,8,0.08
2026-08-31,0x40326bca97b0a971c42da694663e9659fe127fec,unclassed,none,2,0.68,2,0.34
2026-08-31,0x9500075649a70411c81f99c4314f6cff55d12579,unclassed,none,39,0.67,4,0.01
2026-08-31,0x1888192fac6a69e4cd7d078ec4bcf6f24f7c767b,data,hand_o2,48,0.67,3,0.01
2026-08-31,0x43b85ae58f0a2505c710bc715d6f3eb16b1f63de,data,hand_o2,10,0.66,2,0.03
2026-08-31,0xdefada13f790cf39168691b391cfa0b6f1f5c267,compute,model,130,0.65,2,0.005
2026-08-31,0x22db3a9686ee5261e7bf3ed4f91277232e8076e6,data,model,89,0.65,4,0.004
2026-08-31,0x1d1173c1465c9a01f6afa38b36cc1125cc55c71a,unclassed,none,13,0.65,2,0.05
2026-08-31,0x3e7c9ca818f713f19e126e3b7b37b47dc1411570,search,model,162,0.64,16,0.003
2026-08-31,0x072f3a2bd93bb75b1eb84a9e45d17a4f90a6d801,search,model,131,0.64,4,0.005
2026-08-31,0x19c5c51ae2d4ffd019d2f0012238de4e82bdd574,unclassed,none,14,0.64,2,0.05
2026-08-31,0x2740651e046c59ab2a6510401140643292d3a96f,data,hand_o2,41,0.63,14,0.01
2026-08-31,0xfd169f2cd6afbaf1ff5367f0ef5ad796dd7bf0e9,unclassed,none,5,0.63,5,0.08
2026-08-31,0x3803a19280deefe533d177c4a169412bd341101b,unclassed,none,10,0.62,8,0.01625
2026-08-31,0x108bcd8a07c3fdfca3aa500784a8573123a1029f,data,hand_o2,3,0.61,3,0.002
2026-08-31,0xc3426919d3c3e822fde601187ada28ef41c5f85d,other,hand_o10,58,0.61,3,0.01
2026-08-31,0x9876af0f6d8ed5155cd02d1ca56d128601612690,other,hand_o2+model,47,0.61,4,0.01
2026-08-31,0x2880edfff13100677bf97a3cbdf3bc34771c4e5e,data,model,167,0.6,7,0.003
2026-08-31,0x1ddf747975c4ebeaf48e14a5110f7eab6b0807f2,other,model,52,0.6,4,0.01
2026-08-31,0xf04220c87894e7cbc0273f38c18195dab0db5fe5,search,model,6,0.6,3,0.1
2026-08-31,0x28410eac7393dba041cd5a92eefe7a8e834310bb,data,hand_o2,18,0.59,6,0.04
2026-08-31,0x058a5961fbe8cd8e4b47c69d3d82e159cb5d8f17,data,model,70,0.59,9,0.0085
2026-08-31,0xf080a1aab08650946acda41410a7edc14f7be035,compute,model,48,0.58,6,0.01
2026-08-31,0x224a6395e7353c9dc33c77c35bbe8d54a32d9c4d,unclassed,none,3,0.58,3,0.19
2026-08-31,0x967f08fc4d3b9651314207f6cd4c7d166b94880c,data,model,3,0.57,2,0.25
2026-08-31,0xcd6b6d99b7751ff30b68fa1365488eb73fa7cefa,data,model,83,0.56,3,0.005
2026-08-31,0xbd17480bf6ff056f7b91d9adc9dfda001eb7283d,data,hand_o2,28,0.56,3,0.02
2026-08-31,0x0cb12df486381a0ebebc0ef338da80657f68f9cb,compute,model,34,0.55,2,0.01
2026-08-31,0xd90b97a39baded42bc784df79177528976abf181,unclassed,none,2,0.55,2,0.2755
2026-08-31,0x88ff5a0608ff45077f68200af35618121a0fa443,compute,model,5,0.55,2,0.05
2026-08-31,0xd8ca10c55296bd8ca1dd409ea2f0fa72fb0c643f,data,model,54,0.54,4,0.01
2026-08-31,0x276efa09388fb1578a6c415b8f90d26fdfce0cf2,data,model,9,0.54,5,0.02
2026-08-31,0x7cf45cd775bdf31a5a96fa0a5805df0b610d87ff,data,hand_o2,104,0.53,5,0.005
2026-08-31,0x75ef458ccaff83f6f6d5ceba4ccd09f3c6eb3a52,unclassed,none,5,0.53,3,0.1
2026-08-31,0x7f74ce6d34ee0180f0217a16ce05f3b91272570f,data,hand_o2,50,0.52,4,0.01
2026-08-31,0x63347cd326a50696f76cfe4b8ce079d3c8ed3039,other,model,26,0.52,3,0.02
2026-08-31,0x506c3995cb7b9bb6ea4d2f95e1e43461b74c9aff,data,model,52,0.52,4,0.01
2026-08-31,0x5e4413f7ec69b67c07a60c4f1f75391370f79b13,data,model,51,0.51,2,0.01
2026-08-31,0xb3cc1566b213dc97f6aac5984e849df2f2391772,other,hand_o10,51,0.51,4,0.01
2026-08-31,0x6c11f8a21f7ca922f483ed21c3b6c2d9b305b10c,data,model,2,0.5,2,0.25
2026-08-31,0x1e84f1f4e83ddfc91f8d5298b0cf49da34d041a6,data,model,50,0.5,17,0.01
2026-08-31,0x1937e2d648b8f07a03429ae35f28c4942a756c94,data,hand_o2,10,0.5,2,0.05
2026-08-31,0x3b4daf11c8beb5b526de50eca442007f25bbae4d,unclassed,none,2,0.5,2,0.2515
2026-08-31,0x12e8de0712aebe6579a9e16dee2ae9ffcc4e7dc2,data,model,9,0.5,2,0.042
2026-08-31,0x48e23742181654139f9a7c1b14dd64b04e89ed3b,data,model,2,0.5,2,0.25
2026-08-31,0x6382e6929a20b7eb02bdacfb5368362984b24c15,data,hand_o2,74,0.49,3,0.005
2026-08-31,0xe4181c7de066959bcca010525304ba68a84768e0,data,hand_o2,130,0.49,10,0.003
2026-08-31,0x408f39b19266022fec03076091e59d1f4f163658,unclassed,none,25,0.49,2,0.02
2026-08-31,0x6d6c398390cfb88f1cd42715b84906a0bd6652aa,data,model,41,0.49,8,0.01
2026-08-31,0xd22b6d51ff3bb145d55676243d5a7d4c66fd78d5,unclassed,none,10,0.48,5,0.01
2026-08-31,0xf567cfe0fdb87a1d6ca330e3f30f0d3da0f7cb98,data,model,76,0.48,7,0.001
2026-08-31,0x33693228b706cb30f4b4dbf35f79129a763f91c5,other,hand_o2+model,14,0.48,3,0.01
2026-08-31,0x9d667bc76f166322df087b3b3927d4d83d44a5d0,data,hand_o2,32,0.48,3,0.015
2026-08-31,0x02d15e7f25d29743c27021d32a7b280d760b2bc2,search,model,24,0.48,2,0.02
2026-08-31,0xa40dadc75b69bee8325e8089258235213293f8f4,content,hand_o10,47,0.47,2,0.01
2026-08-31,0x84fa7ea8303d4f503267e2e998a3f7d980e814a5,content,hand_o10,61,0.47,5,0.002
2026-08-31,0x2d16a243ba9facc6ac85519d5efad2149dc4c6c3,data,model,6,0.47,4,0.03
2026-08-31,0xf058d8a375343daa6967adf3ac6d425f3c9c8dfc,other,model,22,0.44,2,0.02
2026-08-31,0xfb4eab8f643107c94330a12e7570ae8e0f775f57,unclassed,none,4,0.44,4,0.08
2026-08-31,0x383190a4f26f075fc2c73f6738eabf4dc6f33442,data,model,48,0.43,18,0.01
2026-08-31,0x00acee6cd97a308ace9a3fe7da90664bfa9b6d21,compute,model,20,0.43,4,0.01
2026-08-31,0x1677383a7bec2cf618fc98aef68b757bcfc37f27,unclassed,none,35,0.43,2,0.0105
2026-08-31,0xc2f5fc2f46c8640a60a1ebfa9776338cc1b1e1dc,unclassed,none,9,0.42,2,0.05
2026-08-31,0x24d231d18e12b657002ac544de31952760ec4979,unclassed,none,3,0.42,2,0.14
2026-08-31,0xcf9223ece895258dea8d288aebcf846ab8e342fb,data,hand_o2,91,0.41,17,0.002
2026-08-31,0x77065d81e18ad403bcd6e9a0616b288e16744121,other,hand_o2+model,39,0.4,2,0.01
2026-08-31,0x3dcbef58b30fac60a897cd4ed1daed5de33b32e1,data,hand_o2,98,0.4,86,0.005
2026-08-31,0xe90316121189715cdc2515b7c2673658b810b751,data,model,4,0.4,2,0.1
2026-08-31,0xc6748b4a481f26557c177a754c0b444bd267e6f7,unclassed,none,5,0.4,5,0.08
2026-08-31,0x6ca33cc6833fb61f760c8ee3e5ae5927a98d8b69,data,model,2,0.4,2,0.1995
2026-08-31,0x8647f7d7a1368a467ad1ff757fbc2e7167973558,data,hand_o2,33,0.39,5,0.01
2026-08-31,0xbeebd30639e99bbce11faa2b463fcccf6215831b,data,model,39,0.39,10,0.01
2026-08-31,0xf61f957d9ac432309219549b1ae79ae8b7c71ff5,data,hand_o2,30,0.39,5,0.005
2026-08-31,0xc648116b5debe4af7d78838aa468d07e0a9ab697,data,hand_o2,43,0.39,4,0.003
2026-08-31,0xcd265870a20db25250535cb8a0d3bb0850417902,data,model,31,0.38,8,0.01
2026-08-31,0xcb9b3f94387389e38ef2a7b3c0b851fb8325d7e9,data,hand_o2,76,0.38,8,0.005
2026-08-31,0x2a266c87f7b0d1f8a471d2d5234f5cf4fb62b206,compute,model,4,0.38,2,0.033
2026-08-31,0x701fd2fc3295ff2e98d986bd2032a966f54555f7,data,model,12,0.38,2,0.05
2026-08-31,0x76a51b5dd3729950b3b60c17f19252d221968fce,data,hand_o2,93,0.37,5,0.005
2026-08-31,0x3c5f3a6ce224bb89d72f5eb4232ecc27f67b3eea,data,model,36,0.36,14,0.01
2026-08-31,0x1f2a484ef654d49c58c625b09e78b538501d652d,compute,model,4,0.36,2,0.1
2026-08-31,0x85557c90027354eaeffe9ee4b4f4014818d8d3e1,compute,model,27,0.36,3,0.005
2026-08-31,0x4cb1a85dab29a6be701809126407513903c2b6ac,unclassed,none,3,0.36,3,0.12
2026-08-31,0x9d86e0e74333b297b1d0b6ba30d2ed1b5f01f296,data,model,350,0.35,6,0.001
2026-08-31,0x51d577c8cbb8b3fb1ba0ce31c7923cc27a07f78b,data,hand_o2,71,0.35,10,0.005
2026-08-31,0x71033ab6ed376a0b53d1826ea632ddfec96b3661,data,hand_o2,7,0.35,3,0.05
2026-08-31,0x55e6024b4eb9b9325537c7453f53fda5413b8417,data,model,62,0.34,5,0.0025
2026-08-31,0x71af31f146f86cae2ada3ea0d958a733493242be,content,model,17,0.34,2,0.02
2026-08-31,0x790fe337b89900028e16fe63cc087112f7a2ba49,data,model,11,0.34,2,0.03
2026-08-31,0x519c79c7eb7566f7353a324472a5ce4f05330c81,data,model,5,0.34,2,0.08
2026-08-31,0x1831f336585a6c67b6a954d28f3e07f44c4eebbd,data,hand_o2,65,0.33,9,0.005
2026-08-31,0x53a05c0eed6cbf065f31aedbae7b0d8ce1a0f4db,data,hand_o10,227,0.33,18,0.001
2026-08-31,0x850363a27f0ac6feb9c7a3ec4c1d295262df9432,data,hand_o2,54,0.32,6,0.005
2026-08-31,0x549c82e6bfc54bdae9a2073744cbc2af5d1fc6d1,content,hand_o10,16,0.32,4,0.02
2026-08-31,0x82096bf08d81c14c678e915a04fcf150958ee571,data,model,19,0.32,13,0.02
2026-08-31,0xc66ee26cae6cd34970f51f644f36d720826d392a,data,model,4,0.32,3,0.03
2026-08-31,0x2bcfa4f7e1fa5e96934846a7dea623398ed7f752,data,model,27,0.32,6,0.01
2026-08-31,0x93238b8fba36ee0e7ffedd13f5381357dffca2de,unclassed,none,4,0.32,4,0.08
2026-08-31,0x07cf5359edb7d8de42973562c54e4c8d583c2396,unclassed,none,6,0.32,6,0.04
2026-08-31,0x7eebd75b116a553e02cbaca28cfbd47bc411e6b1,compute,model,89,0.31,3,0.003
2026-08-31,0xef879bfd6c4accb8f795136de90246e1ec245e06,data,hand_o2,24,0.31,17,0.01
2026-08-31,0x8145671ca13d8b97b22238fb903d14e36e720428,content,hand_o10,6,0.3,5,0.05
2026-08-31,0x4465825b0ac713aa2fa07ea29023020804a128ee,data,model,27,0.3,3,0.01
2026-08-31,0x41595e02275629126ad11551e39ee9ac8531ad3c,compute,model,31,0.3,4,0.005
2026-08-31,0xcd8975137d48ed9bfd1c299a62c01420b860070d,data,model,9,0.3,3,0.02
2026-08-31,0x6b1ac7935dad576b921af0e6edc27319bc27aadd,data,hand_o2,4,0.3,3,0.1
2026-08-31,0xe0ed7a30589fec49e98f2085c7162b90fdbb83de,compute,model,29,0.29,2,0.01
2026-08-31,0x24facafeb49b4e3facf0b3e69604a2f4640c9bf2,data,hand_o2,166,0.29,11,0.001
2026-08-31,0xfbf218accbb0d57fc4e8fc3e2a885c910c4c9e94,data,model,29,0.29,3,0.005
2026-08-31,0xaed4a496fed1132b94c0a5f9fb5ee7cf63d869c2,compute,model,55,0.29,2,0.005
2026-08-31,0xf30f87f0299601c06cc4c0e5d8b30bd3f664cf83,unclassed,none,4,0.29,4,0.08
2026-08-31,0x21b077b26bfda6d2b8fdf0130977362d61e18912,data,model,5,0.29,3,0.05
2026-08-31,0x3aa94d2269180fd08ac0db1c76d3784e9fbc8a3a,other,model,8,0.28,2,0.025
2026-08-31,0x110cdbba7fe6434ec4ce3464cc523942ad6fb784,data,model,28,0.28,18,0.01
2026-08-31,0xf9d1d63f362bbf1ee08ab9acb36fe74afc48d5f1,data,model,28,0.28,3,0.01
2026-08-31,0x01b34d04b658990fd1f22cc4dddeaba10349b1c4,data,hand_o2,14,0.28,2,0.02
2026-08-31,0xccd231829e24b42195b500028f8779b8f8b1131a,data,hand_o2,28,0.28,5,0.01
2026-08-31,0xca1271e777c209e171826a681855351f4989cd0c,content,hand_o10,5,0.28,2,0.05
2026-08-31,0xa7660dea6aadcc87cbb5e79ccd262d391e61de5d,compute,model,29,0.27,2,0.002375
2026-08-31,0xcb8025d951e5e45be7d288b658eeee6f05713006,data,hand_o2,54,0.27,16,0.005
2026-08-31,0x692dce6b2876854fa9d348bfbfd9c1c4de6c07dd,data,model,27,0.27,2,0.01
2026-08-31,0xefc3f6ba8a706af67162ebab84fc2d09fa73360e,data,model,54,0.27,5,0.005
2026-08-31,0x315708415764b7f2b783714ce82cf9c628e33fcf,data,hand_o2,28,0.27,3,0.01
2026-08-31,0xc122471a35f66366b2b3bfafb7fee19827dab637,content,hand_o10,27,0.27,3,0.01
2026-08-31,0x4dd5e59475a55f1c2c0816469600663cb74cc1dc,compute,hand_o2+model,26,0.27,3,0.01
2026-08-31,0x4a82f147c8a4339409c9097adc1eedfd56e85bfe,data,model,27,0.27,2,0.01
2026-08-31,0x3befc9ef80622271f462a6435cb1201ac44cf196,compute,model,3,0.27,2,0.02
2026-08-31,0x23f713411c30bbd9a989c9cbc22eb0b55f7f7334,other,model,65,0.26,6,0.002
2026-08-31,0x5a742afe0d29cc38b905d35773a7d11db0b8a2b2,data,model,13,0.26,2,0.02
2026-08-31,0x21353452e547b306a6007d834c433a118638d3b3,data,model,26,0.26,3,0.01
2026-08-31,0x3c481d2192c23cb6c7df61d4f8f426a7ce45244e,unclassed,none,26,0.26,3,0.01
2026-08-31,0x24d9337cd2f3881f7c3ee63cb8014840a76e333a,data,model,26,0.26,2,0.01
2026-08-31,0x0efaf4ae4f5c6ff674fc64e7eba1b6fe83b6159b,unclassed,none,13,0.26,2,0.02
2026-08-31,0x6d02e3f7c68e7492cc5474ef8ce17dedfd11df89,search,model,25,0.25,2,0.01
2026-08-31,0xce339395d7f2ea5a5009022ef1c392fb208a989e,search,model,49,0.25,8,0.004
2026-08-31,0xe43e47dd6b779fe9e591586a3e1cba00c2f36c80,compute,model,25,0.25,2,0.01
2026-08-31,0x74500ee8519da3b6bf43642bc06be5874a9ecc99,data,model,17,0.25,9,0.01
2026-08-31,0x33cc8de6e86761d217044a8a6b394ad23b579596,data,hand_o2,33,0.25,2,0.003
2026-08-31,0x1deeaec4250e66702e22777ec1e3a70b19745a72,data,hand_o2,25,0.25,3,0.01
2026-08-31,0x582c0c3fce2fd47830e8f7366b17651650c3eb8a,unclassed,none,2,0.25,2,0.124
2026-08-31,0xc55a2d530b53cbad1001e4afd4720b7e71f9c291,other,hand_o2+model,118,0.24,7,0.002
2026-08-31,0x7eaf3c393a8996e124c0fa7ccbc55019854c4c5b,other,model,22,0.24,7,0.01
2026-08-31,0x03d773c52b67993e60ecb3134b17436fe03b584c,data,hand_o2,9,0.24,4,0.01
2026-08-31,0xa13d363aecccf878ec64f6eb687eb4a771fb0599,data,hand_o2,14,0.24,6,0.02
2026-08-31,0x59ea036c64f0f54cdd14a3be8a1a6586b58da71c,data,hand_o2,12,0.24,2,0.02
2026-08-31,0x72ab877086d05afe87d9a007eaab6f2a6c84a2db,unclassed,none,2,0.24,2,0.12
2026-08-31,0xad62f03c7514bb8c51f1ea70c2b75c37404695c8,other,model,16,0.23,8,0.005
2026-08-31,0x5bcda55247b238a573a968b234f788a2d35664dd,data,model,13,0.23,2,0.02
2026-08-31,0x60675cc0da2131dfd2e8b887ebf8356b2cbd701e,compute,model,23,0.23,2,0.01
2026-08-31,0xd441d9f4c59cb26253e2f0a7a62ac9ce7823b4b4,data,hand_o2,107,0.22,6,0.002
2026-08-31,0x255cdb4e42afefc7120b0388eb78f96d996d387b,other,model,111,0.22,34,0.002
2026-08-31,0xe55359021a6a22d8385b827405991c56075f56f8,data,hand_o2,82,0.22,10,0.002
2026-08-31,0x11a5a9ee3fffd4d8cbb2b3c5e02acaa268486b67,data,model,11,0.22,10,0.02
2026-08-31,0x9cd3f0d8a73a9a87f752f09d220652dc7de398cc,data,model,36,0.22,4,0.004
2026-08-31,0x37215e5ffa3ed8f75a7ee50800d2661b71ff55f6,unclassed,none,3,0.22,2,0.08
2026-08-31,0x733f40a4fa0cd13d59abade04b9ed2e9acac6457,data,model,54,0.21,6,0.003
2026-08-31,0xbd356968846829e32983bb4abe2d0dd29f2c2f7b,data,model,3,0.21,3,0.1
2026-08-31,0x1b24deac0951efcd6923f684b574fe9a4202cf1f,content,hand_o10,12,0.21,5,0.02
2026-08-31,0x3da40a9ad36640a2c0f533bac368490095574664,data,model,201,0.2,36,0.001
2026-08-31,0xffc458db291b4abce020fe3de4f91f2770e537b1,data,hand_o2,111,0.2,18,0.001
2026-08-31,0x3fb1413adb2aadb1c84f34e762d9cacfd8b068c1,data,hand_o2,52,0.2,3,0.004
2026-08-31,0x478bcdea94b9cb5ea14c33e6f0d7e920743d39f2,data,hand_o2,15,0.2,6,0.01
2026-08-31,0xa95b17ffa78cc32a836a2120992f629dd6ecc5fa,unclassed,none,2,0.2,2,0.1
2026-08-31,0xf69586f5e0e5b3b105a1937364d8b299877c9735,content,hand_o10,9,0.2,3,0.015
2026-08-31,0xfeb03e665e9178f18ff785987caed92f2dd17a25,unclassed,none,2,0.2,2,0.101
2026-08-31,0xd1d2e17f48a808d33d9e676a01acda955c112b99,unclassed,none,2,0.2,2,0.1
2026-08-31,0x239de97929b20f27aa503b236d33420670bf5ad1,data,hand_o2,4,0.2,2,0.05
2026-08-31,0xbbba34e9e10130ce852aa9f1d651cd73c36206d4,compute,model,110,0.19,32,0.0017
2026-08-31,0x6d9f318463168ff637b50e5b9a21392e97c7c167,data,hand_o2,17,0.19,11,0.005
2026-08-31,0x9cc774a8ed49d89cba1a288f4a050b8f7fba77ee,data,model,194,0.19,95,0.001
2026-08-31,0xb1ef5415e9d3695e16977b8be422ab7512f788c0,data,hand_o2,31,0.19,4,0.006
2026-08-31,0x19a78b27a28ed93c3c914878bde7f2f843afaea8,compute,model,55,0.19,3,0.002856
2026-08-31,0x444731dac7c9cde478147f41e621a064fcbe70f2,data,model,19,0.19,7,0.01
2026-08-31,0x07317e7713aa8ee93913214a4a74f334ff7db048,unclassed,none,5,0.19,4,0.02
2026-08-31,0xffff4b8da8c165b556326453446f6940c8afe0db,data,hand_o2,7,0.19,6,0.005
2026-08-31,0x1538726707212f4db3eb67cec0910422a310475c,data,model,47,0.18,15,0.003
2026-08-31,0xb3e7993ed2fc2c79fff220620240f298bba9bf5b,other,model,40,0.18,4,0.001
2026-08-31,0x44b16952484b6dbea40ede12927ee03a5ea6cdd3,data,model,18,0.18,6,0.01
2026-08-31,0xe5690d37805107c56f6195e65a262b234e0e5e75,other,hand_o2+model,32,0.18,4,0.001
2026-08-31,0xf3b36a95913eb2676fcdedb2ba6b0c96ade58de1,other,model,30,0.17,2,0.005
2026-08-31,0x5bb4b0c766e0d5d791d9403fc275c22064709f68,data,model,107,0.17,22,0.001
2026-08-31,0x34bbc130ef911ca0f0d6c947b9553b808c0c70ae,data,model,5,0.17,3,0.05
2026-08-31,0x6d017c4bc13f640c4d598d01dfd0d2813c85bb3e,other,hand_o2+model,34,0.17,3,0.003
2026-08-31,0x3dcefd14f76fd76d36bec7c271ff28d1bdb9989d,data,model,17,0.17,4,0.01
2026-08-31,0xf18dc6b2fca72fc9780e77707bb2e68c34b4d752,unclassed,none,2,0.17,2,0.08396
2026-08-31,0x40916787226a43a0e4dbe8714bca4f88e39cb0c0,unclassed,none,2,0.17,2,0.085
2026-08-31,0x845175a8f0a1f46e13bef67493847ce8e92e414d,unclassed,none,2,0.17,2,0.0845
2026-08-31,0x6ab8efe305cce67daa48c97bde29c04402822dff,data,hand_o2,42,0.16,13,0.0025
2026-08-31,0xc2afb91833f4de19542a025872c6085cc29185eb,data,model,54,0.16,8,0.001
2026-08-31,0x917e635b83f0dd7e8172c55ec4eebb28b734ca85,data,model,16,0.16,3,0.01
2026-08-31,0xe8b25a72dd6aef69515452a61ad231c7df2843b7,other,model,16,0.16,6,0.01
2026-08-31,0x40e5a6647803c2dd686049dcdc5f9c34817d7a7f,data,model,20,0.16,6,0.01
2026-08-31,0xaac33a8dd44bfc274a24f8af094d2a2fcb350f5a,unclassed,none,2,0.16,2,0.08
2026-08-31,0xb3bd3d5ec7aaffc883fae16b02d29366af4dacb4,unclassed,none,2,0.16,2,0.08
2026-08-31,0xd7d1ac48ca68e9a38812f6dbb8b380fe4a954fe2,unclassed,none,2,0.16,2,0.08
2026-08-31,0x4852a926ee4ac688524da3ec84079a866fd61e98,unclassed,none,2,0.16,2,0.08
2026-08-31,0x25e8245f07d5e4873987293dad666afbe56a9608,compute,model,12,0.16,2,0.01
2026-08-31,0xce48d4c2914c9e22a920883622cc04b1f6a5856c,search,model,6,0.16,2,0.0265
2026-08-31,0xa3068cfae6217ae906958250072bdf51b7f910c3,compute,model,59,0.15,30,0.0025
2026-08-31,0x624faf18c78456c8da5bf156cd77c1a2033f21c5,data,hand_o2,73,0.15,4,0.002
2026-08-31,0x0b53378117e82b50afba71d794a21c22c7e36d2c,compute,model,63,0.15,4,0.001
2026-08-31,0xc3b66d340390d5dd2ec8294168f185e811b6c06b,data,hand_o2,31,0.15,4,0.005
2026-08-31,0x96368628b679a459fe69815bacca5cb0232ac397,unclassed,none,15,0.15,4,0.01
2026-08-31,0x0ff5a6ecef783bba35463ec2f8403b9b5e9e7c86,other,model,6,0.15,4,0.015
2026-08-31,0xd70d01c73b0c5f3246f2b55cce5ff1b41842ab5e,other,model,69,0.14,27,0.002
2026-08-31,0x6a4921474848d3fa168ee7fa87222547acc4712f,content,hand_o10,105,0.14,38,0.0013
2026-08-31,0x124f620b4f3b53559cd9148c9b1b2773ca104478,data,model,14,0.14,4,0.01
2026-08-31,0x93835cf2bd459e72b577ed944e33578d8529dacc,data,model,14,0.14,3,0.01
2026-08-31,0x127462e296fac1a7f5cf33ba57bb2f0fff5cd0b6,other,hand_o2+model,27,0.14,11,0.001
2026-08-31,0x5be6c12339eaf5eb18db8012f54955a2250bd3d9,unclassed,none,27,0.14,3,0.005
2026-08-31,0x22c24daf579629a6d7418e09e9c71e6c8883f8e2,data,model,27,0.14,4,0.005
2026-08-31,0x6592eb8ef820abc092e8c3474fb2042dffccedc7,data,model,14,0.14,2,0.01
2026-08-31,0x5253666c40432f009ebd99908b9cd2a7fd1019cb,other,hand_o2+model,69,0.14,5,0.001
2026-08-31,0x62a0d3d9df0de8804983009949c714eaeafd87f1,data,model,5,0.14,3,0.03
2026-08-31,0x39e10e5f431b26cae3d7d0a39aef86055d015d8c,data,hand_o2,7,0.14,5,0.02
2026-08-31,0x9d305938253c491f7259d437eff064418b3fdfa0,data,model,39,0.13,3,0.001
2026-08-31,0xe3244a21d0d68bfa78b7cad8c3b8777adfbb3188,other,hand_o2+model,8,0.13,3,0.01
2026-08-31,0x38c9f689274e2fc3ae360744ef88ce212077a584,other,hand_o2+model,61,0.12,9,0.001
2026-08-31,0xbf0df63a4a47e5a72a976ece1d78aefeccc773a0,other,model,115,0.12,39,0.001
2026-08-31,0x2af91df69bd04ccf82d6477adc046c815b7ae129,content,hand_o10,81,0.12,35,0.0015
2026-08-31,0x32793f68dc2ea26bbc75eb900da120069e8b6d02,data,hand_o2,23,0.12,5,0.005
2026-08-31,0xd7d49d6a12ee3852f29a52a40908069bf4e48914,other,model,119,0.12,31,0.001
2026-08-31,0x7b53524d5c5d29efb8c1d128c56f62fe38cd9476,data,hand_o2,21,0.12,10,0.005
2026-08-31,0x60c4499870f115664d7ffd8411b023dbef3377d9,other,model,8,0.12,3,0.01
2026-08-31,0x21e16f1bc3aa847236354c8193d0cb21cf412efa,content,hand_o10,9,0.12,5,0.01
2026-08-31,0xe72b85a97a6e19413d8b80633787eda6d6237a77,data,model,58,0.11,6,0.002
2026-08-31,0x1350a77befebbcc05f8e3a13cc6d4ad781c59d34,content,hand_o10,113,0.11,34,0.001
2026-08-31,0x88a4cdea106f18e919613a4eaed8efdb2183e9ea,other,model,112,0.11,41,0.001
2026-08-31,0x5c6b3a3dae296d3cef50fef96afc73410959a6db,data,model,6,0.11,5,0.02
2026-08-31,0xb5f08f2db7baa682f308baa02cf0edb35aca336a,content,hand_o10,110,0.11,37,0.001
2026-08-31,0xb8c578e039aa2c44dd3dec48e6875ba5763cd67f,other,model,113,0.11,36,0.001
2026-08-31,0xd6b585dd2f48263d08fb75ea28c1598d845d23a8,data,hand_o2,41,0.11,6,0.003
2026-08-31,0x60c402878efcecae5733a88075328aa2320c39be,other,model,3,0.11,2,0.03
2026-08-31,0x9baa4417d1e78f2ed5b09aa4abfb541aeb2cd6ed,data,hand_o2,14,0.11,4,0.01
2026-08-31,0x7971a809c18c918cad50cf004c190cbb6e1bf668,compute,model,105,0.1,32,0.001
2026-08-31,0xb1fe0fd90c16800c3d5e811c6f07972de9d2b98e,other,model,2,0.1,2,0.05
2026-08-31,0x3f4cee4c6bad04fcca3138dffdee579ddf17049b,other,hand_o2+model,18,0.1,11,0.005
2026-08-31,0x3268c9434d8603957420f04510ca0ff6097a5c64,data,model,49,0.1,2,0.002
2026-08-31,0x63ae98f3363b346a94fcc1cbcb621f1c2b1fcddc,search,model,34,0.1,8,0.002
2026-08-31,0x308d11654eee1050b8700811ea6afc07aaafa81a,unclassed,none,2,0.1,2,0.05
2026-08-31,0xb810b599bc730aa85800babe7f5d160524322c86,data,hand_o2,38,0.1,8,0.003
2026-08-31,0x3a43fdf92b1596b22ddf719d5b528c537da4237d,data,hand_o2,11,0.1,2,0.01
2026-08-31,0x8581784d3e598cca3482375cff2409ac9dd8c402,unclassed,none,28,0.1,4,0.003445
2026-08-31,0x3cc1d8ee1dfdfd326c19b0884b8df4b24b623f0c,data,hand_o2,12,0.1,5,0.005
2026-08-31,0x260fbe1ec46968ee02e5b972507d7bb7f09f82b0,data,hand_o2,6,0.1,6,0.001
2026-08-31,0x8e57bfde053dbb6862991759c19affc5f383d5d0,search,model,7,0.1,5,0.005
2026-08-31,0xf59621fc406d266e18f314ae18ef0a33b8401004,data,model,2,0.1,2,0.05
2026-08-31,0x15179876c595922999c2d5dc7c23cc7711fe799a,unclassed,none,3,0.09,2,0.01
2026-08-31,0xffa9155a0e4b3d8d42351da226cc1feee449686f,search,model,12,0.09,3,0.01
2026-08-31,0x63a20fa244d3e6a8902121e99704b7f857dc6ebb,data,model,5,0.09,4,0.02
2026-08-31,0x737426d3ed53930b889b3f61774669a0fdf3be54,data,hand_o2,25,0.09,2,0.003
2026-08-31,0xf1eb97ddddeb0257548bc14d35f981b10f8c3fa3,compute,model,9,0.09,4,0.01
2026-08-31,0x1304ec1a8945365e43a5c18a734065f107b417ca,data,hand_o2,6,0.09,4,0.01
2026-08-31,0x7b177b724d6b02f69d9f25d9b91c63338c554dbf,data,model,3,0.09,3,0.03
2026-08-31,0xe79aa9d55170f7e1ac420266ec93a6c28c436de8,data,model,9,0.09,3,0.01
2026-08-31,0x859af250df0b68bfd0768ca22142a1afa0abeaf4,content,hand_o10,9,0.09,5,0.01
2026-08-31,0xbad1aa224bfe4feb460e12b2553dcdf98a7098d0,data,model,9,0.09,7,0.01
2026-08-31,0xc1793b8aa0d25193117ef025f145994e1c02011f,data,model,38,0.08,7,0.002
2026-08-31,0x9ff25c4acf1dcddf15fd2702c127a285f1dfa712,other,model,23,0.08,2,0.003
2026-08-31,0x0eba5d314f4f5dcb7a094953fa9311a45172dd1b,other,model,17,0.08,9,0.002
2026-08-31,0xdd5fcea81ca6f1eb39fed5b973de794293b81ba6,compute,hand_o2+model,26,0.08,7,0.001
2026-08-31,0xa600bd74cb55958a79b535b4741fd66681fc3e8c,other,model,3,0.08,2,0.02
2026-08-31,0x6121654d3fd4c8b42a90d30472e4d40927c3e6bb,other,model,11,0.08,3,0.01
2026-08-31,0x3bf4f4914f78c3c2b2f2801f8ea717135b7d3bdf,content,hand_o10,8,0.08,6,0.01
2026-08-31,0x1f0409ccd20a2fb497d4decef4e17e9d0688fea6,data,hand_o2,10,0.08,5,0.005
2026-08-31,0xa21e61165a97cba8e02558ece645da45ae4eaf0a,unclassed,none,8,0.08,4,0.01
2026-08-31,0x7f5f784ba98cecfc0ba4336f0e48222a3d4d69a8,data,model,6,0.08,2,0.01
2026-08-31,0x5d89060682fce50ecaa7600af6a5645bd2b107eb,other,model,70,0.07,2,0.001
2026-08-31,0x9d0bb5da24cade855dee8d1231a1c416e0bb2ffe,content,hand_o10,28,0.07,3,0.0025
2026-08-31,0x65e02cb7fee27630bb7d1a3add02ef7aa2d21701,other,hand_o2+model,9,0.07,6,0.005
2026-08-31,0x74718dd5a04e0a0a2bfaf3bd06adb27032c67f7f,data,model,37,0.07,12,0.002
2026-08-31,0xe73d86f185be79a33b0318d881b71f2a24371114,compute,hand_o2+model,45,0.07,6,0.001
2026-08-31,0x0e525428d66c111672ce58b1bf649a6d167f36b1,unclassed,none,13,0.07,8,0.005
2026-08-31,0x552cc4a10878c7f20574489d47184249657ca3f6,data,hand_o2,12,0.07,7,0.005
2026-08-31,0xb836a641dae76424861f7f1fcb37c1295e44e329,data,model,15,0.07,2,0.005
2026-08-31,0x1a9a7c72208abf3552750eb1c4a4f2ca9e8733e5,other,model,68,0.07,2,0.001
2026-08-31,0x87fc8c5b2c5000d50d6808f3526eeec57e240211,compute,model,55,0.07,4,0.001234
2026-08-31,0x7006853650cf5d2fb1bbf0416aadf365c08c6d44,compute,model,13,0.07,3,0.005
2026-08-31,0x20beffad24499e9b3d45dd0971b1d6afb0ae925d,data,model,30,0.07,4,0.002
2026-08-31,0x8d0663bbb967ebf1c047405a888ddf865f3e8854,data,model,8,0.07,5,0.007
2026-08-31,0x4890a2c67dde6b16af059eb5dbc1594169910948,search,model,5,0.07,2,0.01
2026-08-31,0x4e024e356bd01853654b7b5196f2b85f67cc39ec,search,model,3,0.07,2,0.01
2026-08-31,0x8904df3de6dfee6a7c8cc38619d2f17806213cee,search,model,3,0.07,2,0.02
2026-08-31,0xefcd28bb1bf3a80c26c7195af15c47ff3b815669,data,model,5,0.07,3,0.005
2026-08-31,0x66717045858d9f598e2ebd046bf42a0b1063c0fa,data,hand_o2,7,0.07,6,0.01
2026-08-31,0x515e7bce44baa5f6e42d16d4b5f27768e7f2f8cc,compute,model,3,0.07,2,0.01
2026-08-31,0xba667287b8ef89565f8fd7acd4d22ce98e0f39cd,compute,model,63,0.06,34,0.001
2026-08-31,0xcd3273893d1c8df15a4d6bc411aa3d25a60fdc60,other,hand_o2+model,57,0.06,3,0.001
2026-08-31,0x0adc7adac7bbaffffbd73505711e42378c4f9f9e,compute,hand_o2+model,18,0.06,3,0.003
2026-08-31,0x93a1f57d2e0dbe4cc882b5dbaebe7f0f16443338,data,model,3,0.06,2,0.02
2026-08-31,0xf2a6416ebb0c594ab2977695bed061729ddeb47b,compute,model,31,0.06,2,0.002
2026-08-31,0x58bdad5e654691ac5ed4631758f3d8da00666b6c,data,hand_o2,19,0.06,9,0.003
2026-08-31,0xa68a645546babef88a379d2f238a67c7f6abda60,data,model,3,0.06,2,0.02
2026-08-31,0xa77a5d4d37d6f39c20c2441295da9fa60ab9fd69,unclassed,none,2,0.06,2,0.03
2026-08-31,0x154b1006435e5cfe2206e7777c1003f9438119b1,data,hand_o2,4,0.06,3,0.01
2026-08-31,0x0d4ee4e945601865e3a5bc5a188e4a9cf23c00d5,data,hand_o2,6,0.06,5,0.01
2026-08-31,0x4ce88238f669d04351937420c931988e464a975a,data,hand_o10,2,0.06,2,0.03
2026-08-31,0x7df9c5edbf039b1c645d7697f58efd143f0986e1,data,hand_o2,2,0.06,2,0.03
2026-08-31,0xac9ad2609466fb92c69640fa2b9ee7b22a76e8fe,data,model,6,0.06,2,0.01
2026-08-31,0xb15a55e85fdf5edc41b6c1eaf7813e2c6e6def59,other,model,6,0.06,6,0.01
2026-08-31,0x16f619c78f5f85d00663a7275cca3d4a01f82b11,other,model,6,0.06,3,0.01
2026-08-31,0x8d32c6a3ee3fb8a8b4c5378f7c5a26cc320a853f,data,model,2,0.06,2,0.03
2026-08-31,0xeee2f90421582914e919d5656381b1ff873a8f47,unclassed,none,3,0.06,2,0.02
2026-08-31,0x962794fb8ad92941faf1ab446b9e30637b86f331,compute,model,21,0.05,3,0.001
2026-08-31,0x059a69c76cea4d2b319cc05021a093ab3fd9bafb,search,model,8,0.05,2,0.00625
2026-08-31,0x6ca3b21d18e2b60291413c99dd6969c43d26c3d2,unclassed,none,52,0.05,2,0.001
2026-08-31,0x6f748ce56a7b39008dcf42f427a2cbf849ced320,other,model,46,0.05,3,0.001
2026-08-31,0x0bf63f37b0f512839c001548dc66a6a99bfc019b,content,hand_o10,47,0.05,2,0.001
2026-08-31,0x046a26665429a12448316a3029a2f2ccf8eecd12,unclassed,none,52,0.05,3,0.001
2026-08-31,0xa0f9c380ad1e1be09046319fd907335b2b452b37,data,model,26,0.05,2,0.002
2026-08-31,0xb3e9391f04f791462ed2a1ebafabe254d7afe3a5,data,hand_o2,54,0.05,10,0.001
2026-08-31,0x3772e91c287b7be00a67cfb2a72cc5fb5958af06,other,model,26,0.05,3,0.002
2026-08-31,0x23c920649f148bd253583f140f540797b312db35,data,model,25,0.05,5,0.002
2026-08-31,0x06b40bf8dfdc45049ea7f600c84301e227a2ca15,compute,model,24,0.05,2,0.002
2026-08-31,0x446e51deab3ae656c99e65369e8ef1148d23d7f7,data,hand_o2,10,0.05,5,0.005
2026-08-31,0x9200c98c8188ef50302ed3b8b0ffd5d39832090c,compute,hand_o2+model,33,0.05,9,0.001
2026-08-31,0xbf11e11ab3607ae7f1c51b79fd0e585c0cca4b82,other,model,53,0.05,5,0.001
2026-08-31,0x0750a9e669c37fe1a1847e4b8f9e16f07c16162f,data,model,48,0.05,7,0.001
2026-08-31,0x161dbdd73d025e9aedd4918a67c28e5bf9a87fb9,data,model,2,0.05,2,0.0237255
2026-08-31,0x53831fab63ba75a958115c3b4eb598a10cfcc7e0,other,model,5,0.05,3,0.01
2026-08-31,0x7ebff188f2eba16518c02864589b1403a5d1296a,data,model,4,0.05,2,0.0125
2026-08-31,0x9862ca83b72ab95521f457aff6e6efb03d8164c3,data,model,3,0.05,3,0.01
2026-08-31,0x8d64a4834e262d96d1264e8900b5a4f1405b8982,search,hand_o10,4,0.05,3,0.0125
2026-08-31,0x94f7a1573df1dcbff0ee78dd3e2cbff161997ad9,unclassed,none,5,0.05,3,0.01
2026-08-31,0x32d711c66dd1ad0c42d0cfe48e58ee5f2de7c243,data,model,10,0.05,4,0.005
2026-08-31,0x5d4ecba4458c49b6f92fd5384686f0caf0c3080b,data,model,2,0.05,2,0.025
2026-08-31,0x374cfb844a5c702d637d72a5387fd9ef6b82108c,other,model,5,0.05,4,0.01
2026-08-31,0x98e83fbcb5f8fb8414acd0aeeb93160046b65666,other,hand_o2+model,8,0.04,2,0.005
2026-08-31,0xa55b06462a2e48661badf22f5841f95ae654b716,data,hand_o2,6,0.04,5,0.005
2026-08-31,0xfb745c37586da6a02f96c19ef0124a38a36f1606,other,model,2,0.04,2,0.02
2026-08-31,0xd685efa22e80262db5b5e2a5d0b9d7565b36334b,unclassed,none,45,0.04,2,0.001
2026-08-31,0x12d2425fd88c693edb4de004e0c747879b7d6933,other,model,29,0.04,3,0.001
2026-08-31,0xbd61dfb01f81c91f02b0ccd51b0220e0c8918639,other,hand_o2+model,29,0.04,4,0.001
2026-08-31,0x649006bc937e7a60f98e49455d0fe3425321a3b0,data,model,28,0.04,5,0.001
2026-08-31,0x57210b95ecbfd6f2ee74d77830228b48d1878867,search,model,4,0.04,3,0.001
2026-08-31,0x1e21dba6eeb902343e4128a1957eafb8cdf36f39,content,hand_o10,33,0.04,26,0.0011
2026-08-31,0x5d17c40fd6b119dc6006c4ab3c20a917fcab2acd,compute,hand_o2+model,11,0.04,2,0.0018
2026-08-31,0xe79e7fa7ce7259c46f9b127b837d2907bb036f95,other,model,4,0.04,2,0.01
2026-08-31,0x63c347d7e42b940e79afec3d172bfc2921b6c897,other,model,4,0.04,2,0.01
2026-08-31,0xda2f35d283c42dd60b965322394bc658a5c1769f,data,model,14,0.04,8,0.001
2026-08-31,0x75113dcf8ce34f0338440d40270e420f8c1762b8,other,model,13,0.04,9,0.003
2026-08-31,0xa8774facfd3da2ea11f240c977b9973d78adfcfe,data,hand_o2,4,0.04,3,0.01
2026-08-31,0x7437a817450ba32d22ebe8d2ac71611666999b8e,compute,model,4,0.04,4,0.01
2026-08-31,0xc6e6138daac78cec93d491b4581afa1a61b98a17,data,hand_o2,5,0.04,4,0.007
2026-08-31,0x54ebfcf3870439b9db62381848c5dabc05c70d5b,data,hand_o2,4,0.04,4,0.01
2026-08-31,0x60c7bea797345b2fe8fd5db1ca15695faec5f0ac,unclassed,none,4,0.04,2,0.01
2026-08-31,0x9041f8a43d0b43209b9227de2c7fb25c9fe3847e,other,model,2,0.04,2,0.02
2026-08-31,0xcd95802a4abddd75a5750dd2d6935007ef268275,search,model,2,0.04,2,0.02
2026-08-31,0x82b17d0bb4de9ae6c3491257b60e8245e70acd7b,data,hand_o2,32,0.03,10,0.001
2026-08-31,0x85df5380debe236ad6bf49de788243924b080267,data,hand_o10,5,0.03,3,0.003
2026-08-31,0xcc69d619e6053f88a4845066518f465bd06fc96c,data,hand_o2,33,0.03,13,0.001
2026-08-31,0x65e3e64935ea709bdf1119e1fc991299c04c0154,compute,model,30,0.03,3,0.001
2026-08-31,0xb60a3181303953e6f909ba4d3b09282beefcdd6b,data,model,25,0.03,3,0.001
2026-08-31,0x5a78ace5dd133316c8aaf7e156fbfc57e1209cf9,data,model,25,0.03,13,0.001
2026-08-31,0x3130cd1cab59a15dc75931ecb006b6f8c0b4a3fa,data,model,28,0.03,4,0.001
2026-08-31,0xbbecbe90f28632a9d52ed67b33b43767b8c89285,other,hand_o2+model,6,0.03,3,0.005
2026-08-31,0xe22f691ed420143bfdab022a14e7d6873b33eef9,data,hand_o2,31,0.03,3,0.001
2026-08-31,0x9acdadcec881a63508c0f2cd3a4ae61149cc2500,other,model,11,0.03,2,0.001
2026-08-31,0xa7e1fe3744e3b6d55237d95ce575cafe3b8abecd,data,hand_o2,30,0.03,2,0.001
2026-08-31,0x9f6c07e3f772ec49435579ec34e13141a94b9958,data,hand_o2,3,0.03,3,0.01
2026-08-31,0x17cf15d61026b4cdd26cff6042f8e7d2e0ca5e8d,other,model,3,0.03,2,0.01
2026-08-31,0x67ac1e671e87b2c91847230748ed38a596013ea6,data,hand_o2,28,0.03,3,0.001
2026-08-31,0xe2520f1497ee47645072a6214304807bc3340d58,data,model,25,0.03,2,0.001
2026-08-31,0x71c09a4946d451ae56f22ecad4af4fe1380ae347,unclassed,none,4,0.03,2,0.007
2026-08-31,0xed7d30e8bc643503f9da261ed8e623bb6ecf6189,other,model,28,0.03,5,0.001
2026-08-31,0x1e15e64e815473385b571deec7bce4f0cc262817,data,model,3,0.03,3,0.01
2026-08-31,0x6ee49a7872844397fb52870cc07b308ffadc9427,data,hand_o2,7,0.03,5,0.001
2026-08-31,0x4293f75e69b22ee68afa0f464de86e5cd80bed75,data,hand_o2,3,0.03,3,0.01
2026-08-31,0x4cf33ccb14b43d76b4f672c3fede297d1d763ace,compute,model,2,0.03,2,0.015
2026-08-31,0x7849ed8a93815fe26a38b5368498b4fc6210be8a,data,model,25,0.03,2,0.001
2026-08-31,0x3731f5c2c1835e3ace2ac157c4e31b1cea0cb0e0,compute,model,3,0.03,3,0.01
2026-08-31,0x153aa87807d8f6deb65bd53b137cee7ad2daccdb,other,model,3,0.03,2,0.01
2026-08-31,0xf6705e3da2d2f98afd3944e4a6b0d6ca931e576a,data,model,3,0.03,3,0.01
2026-08-31,0xb0d0207bcd46c6a7009ca5c8294177d79adc0807,data,model,6,0.03,4,0.005
2026-08-31,0x6ea81be98bc360fb2291a3cd1b2d598c1cc1dd66,other,model,3,0.03,3,0.01
2026-08-31,0xe6814e0172c9f15f2ba2e09fe9d9f3751fa38b75,search,model,3,0.03,2,0.01
2026-08-31,0xc0ccf68a8e61a4d25eecfcacd486e673e900de0a,data,hand_o2,3,0.03,2,0.01
2026-08-31,0xd34f706d5a5567fc0d45effa1623a37b66ea41a2,unclassed,none,3,0.03,3,0.01
2026-08-31,0x9cfa76148b8c3c3b624bc83bb5df1c3bd7c987ca,unclassed,none,3,0.03,2,0.01
2026-08-31,0x8a897d546c22d726b45fa25f0ebb56207e63ff4e,data,model,3,0.03,3,0.01
2026-08-31,0xec84c1cd6602bbe387bc8e6f0d3c062f2762de28,compute,model,5,0.03,2,0.005
2026-08-31,0x7f7c9bff1ddf2817641740962a9872e6421ebbfc,other,hand_o2+model,3,0.03,3,0.01
2026-08-31,0xc4f9f3b2cc0eac2542df9f1cb8f5c118e13a0045,data,model,3,0.03,3,0.01
2026-08-31,0x470a1b647d668d3820add26d70c8371557ff4c6b,data,model,2,0.03,2,0.0125
2026-08-31,0xe341add833f9d62082e97ea260baa6546cd09f73,data,hand_o2,24,0.02,12,0.001
2026-08-31,0x995c0abdcd2ad76548e5f7deb54d32549b2b781f,data,hand_o2,24,0.02,11,0.001
2026-08-31,0x9173fc7aca730ae34838f08dfe85d4a608f38c38,data,model,18,0.02,3,0.001
2026-08-31,0xf7fdeffc3abc97379418b0a687fdb54e1cbce163,search,model,17,0.02,2,0.001
2026-08-31,0x52d4901142e2b5680027da5eb47c86cb02a3ca81,data,model,2,0.02,2,0.008
2026-08-31,0xbc64b379295310b4e020f9186de44be0ca4fe3b0,data,hand_o2,13,0.02,4,0.001
2026-08-31,0x46ba634261566cf242c853d1f49511f9268ba674,data,hand_o2,16,0.02,4,0.001
2026-08-31,0xd7fe185ddaa9664c9211ec1ccdac073ef79215bf,compute,model,2,0.02,2,0.01
2026-08-31,0x899be41c39d88c97c264f91a95784707341047ec,search,model,5,0.02,4,0.003
2026-08-31,0xd4cda900839c0fed4374ee37ea0dbe8e4c6fd08f,data,model,5,0.02,2,0.003
2026-08-31,0xbd5eb5559f5ac14475ac0c81b6735a4d9106ce28,other,hand_o2+model,4,0.02,3,0.005
2026-08-31,0x75abce556c2450d58dad3779c57f5eb0885b9758,other,model,24,0.02,2,0.001
2026-08-31,0x7f394b1e127cbcea346979e552a4227328385b3d,unclassed,none,4,0.02,3,0.001
2026-08-31,0x94b1ead544bfe355759c3b5f7dd9d6ac38303cee,unclassed,none,2,0.02,2,0.01
2026-08-31,0xc1fe5ce97fb6038527d9660cf290b716a264e874,other,model,11,0.02,2,0.002
2026-08-31,0xd13bd0a4120ba301125290e5cc0c7efd4cb40a55,data,model,5,0.02,2,0.003
2026-08-31,0x1f64b0e6b0132bae77f886ec57352549b18af4e5,content,model,2,0.02,2,0.01
2026-08-31,0x548fc289526ab2f0391d562a723cda64bbf1abc4,data,hand_o2,12,0.02,2,0.002
2026-08-31,0xe8e26183736d796d401df30810207465fa708959,data,hand_o2,2,0.02,2,0.01
2026-08-31,0xaab91727a29827783bc42135fc56bff5bfb8911d,data,model,2,0.02,2,0.01
2026-08-31,0x492ec81ecf395fbea2f19fece203ee14d0544b71,search,model,2,0.02,2,0.009
2026-08-31,0x0300e73759b357ceee5a248d1801ecb8abf7a1d4,data,model,4,0.02,3,0.005
2026-08-31,0xfde7913abe6e4a4e3e3134cf050df9030ae8ef48,data,model,2,0.02,2,0.01
2026-08-31,0xe295b6641b32998537ae0f8e61babf729eaed6e5,other,hand_o2+model,2,0.02,2,0.01
2026-08-31,0xb91504d6f77d36923376c302ccc0237df0efaa35,other,model,7,0.02,6,0.003
2026-08-31,0xd5ba9711a3d052846a3695c70e7fcb8b3168fe7d,data,hand_o2,5,0.02,2,0.003
2026-08-31,0x4d7d842536de9eb491ae2300126b3cdde7b0ade3,compute,model,2,0.02,2,0.01
2026-08-31,0x16be07aec4d16e8ec9039d16e7049ee47834acd7,data,model,2,0.02,2,0.01
2026-08-31,0x7f8043c400799643bcb62b41b84b297a8ecb7b9c,compute,hand_o2+model,2,0.02,2,0.01
2026-08-31,0x4bafaae3442454bce41b51877017170d2d461ebe,unclassed,none,14,0.01,2,0.001
2026-08-31,0x5f5a631e975183d084f60d7121e967b30ec83cb8,other,model,5,0.01,3,0.001
2026-08-31,0xcdd5cb6ab2b9c5f3d2bae896ce516b65010c1f4e,data,model,3,0.01,3,0.005
2026-08-31,0x41adee1eba2c276be5e8cabe0ce523e4dd792170,data,hand_o2,7,0.01,5,0.001
2026-08-31,0xef807610cf050a280029efcfac419394f55e773b,data,model,5,0.01,3,0.001
2026-08-31,0xb856b2c501a91d8dc13411dbaeafdcaca8d39901,data,model,7,0.01,2,0.001
2026-08-31,0x5deaebaf98034cc0d9abe3757a440b121c42ef0a,search,model,6,0.01,2,0.001
2026-08-31,0x59f45516ea4a2481ff45cf431d753d24b0ca6213,other,model,3,0.01,2,0.005
2026-08-31,0xa709b6534f392c5f4cfb986a329b734ecddc8c6f,data,model,4,0.01,4,0.002
2026-08-31,0xeb76f3442eaf192ebddbc1f7eebd59cde5e00d35,data,model,5,0.01,3,0.001
2026-08-31,0xbecce6dd106cfa910f78fea188b2fcceb73bdd0f,data,model,3,0.01,2,0.002
2026-08-31,0x7662e00f8ab4c362166e1ff649ff6c2a638c80ad,compute,model,5,0.01,2,0.002
2026-08-31,0x3b20d22540deb3cf1162b195cd15756adb5ceb5d,data,model,4,0.01,2,0.0035
2026-08-31,0x421d31725e1e7990662600a780ebbb6c92f1cb09,data,model,3,0.01,3,0.005
2026-08-31,0xbd65c2d2ac9d3df9ce77e5e2579b5b38efee36f0,other,hand_o2+model,4,0.01,2,0.002
2026-08-31,0xbeab7b87280b63bf90c3e8fa04d7285e3895cd07,other,model,6,0.01,3,0.001
2026-08-31,0x9299ea851fcf213071a6dd94ffcd026834d61023,compute,model,5,0.01,4,0.001
2026-08-31,0x58f42c60dfe9b662b9e573c13358e5d773790699,data,model,6,0.01,3,0.001
2026-08-31,0x2a47e248ee3b5f3e680b5f6b5832e5ef1206b7e3,other,model,13,0.01,6,0.001
2026-08-31,0x18b9fd16aa724e8d214ecce525d16ceb3cfb3e87,data,model,2,0.01,2,0.005
2026-08-31,0xf375b89bb5785386f5cbb63e815c924787af79cf,data,model,2,0.01,2,0.003
2026-08-31,0xb86f95ef5fa904318ea9df3b59adce099b478fc4,compute,model,4,0.01,4,0.001
2026-08-31,0x6a706d6fcf192c15fb592d7502258ed41425dd36,content,hand_o10,3,0.01,3,0.005
2026-08-31,0x8e525bfce1ef40aa8075ef64e45421b5855c8909,data,model,4,0.01,2,0.0015
2026-08-31,0x30a535132ea7573fd339b30fee8b677e0ec947e0,data,model,4,0.01,3,0.001
2026-08-31,0x015eb036560216b3051339061ff68a207e0fe88f,data,model,3,0.01,3,0.005
2026-08-31,0xca4556c3f1fab4af46a089d6346c86f0cac63a2d,data,hand_o2,9,0.01,3,0.001
2026-08-31,0xd30fa3412cab70ea62fe4478388d1df82bba8e1a,unclassed,none,2,0.01,2,0.005
2026-08-31,0x53598173ce7c26025bab0520d9e9d0c28fbcf7de,other,hand_o2+model,6,0.01,3,0.001
2026-08-31,0x455f20ec147477cafcd6d77c1604529f3c4ff665,other,hand_o10,2,0.01,2,0.006
2026-08-31,0xfbd46201267609ad3c66bd1b99b7f1cc80b1852f,data,model,3,0.01,3,0.005
2026-08-31,0xeb12bb2f52eed33dba6a00774e48324032fd87c6,compute,hand_o2+model,3,0.01,3,0.002
2026-08-31,0xa733875f2f7e8a2817040b5c60b63ae07d58a1d6,data,hand_o2,2,0.01,2,0.005
2026-08-31,0xe16a1b12404cb2ebc6e783beca6e2a9253c3dc7e,data,model,2,0.01,2,0.005
2026-08-31,0x7d9982ac9af31ef16336740edd26c7f5b4127b51,data,model,2,0.01,2,0.005
2026-08-31,0xb708af3bce13517357e498f8ffd277de93db9ef5,compute,hand_o10,2,0.01,2,0.005
2026-08-31,0xcaf124cacf6611a7476c64d08a829c39c1688943,data,model,3,0.01,3,0.005
2026-08-31,0xb847fe425f54cbc586f8e735ae4270b82119771e,compute,model,3,0.01,2,0.002
2026-08-31,0x810f6d61f7606deee2657d3083e150a222bc29c5,unclassed,none,2,0.01,2,0.003
2026-08-31,0xd275612bf0bb35638432c4d95eaa8d5d22346ca6,compute,model,2,0.0,2,0.002
2026-08-31,0xd433f056270912659f073d5ffe7ae247e39235a5,data,model,4,0.0,3,0.001
2026-08-31,0xa18e34607479b706123ca5e1831f24d2ecece4c6,compute,model,2,0.0,2,0.001
2026-08-31,0xa3091005a76b1480f1897a9d0c2e1c55b7767674,other,hand_o2+model,3,0.0,2,0.001
2026-08-31,0x5770e66181984aa8510777790016b64aeda4f8b2,unclassed,none,2,0.0,2,0.002
2026-08-31,0x3fc3bfe0e28824cdc964b8ba3ba97ac3c8d8ffb0,unclassed,none,27,0.0,22,1e-06
2026-08-31,0x1035e11e861aab9fa443491bfeeb0b3152c7a9f3,unclassed,none,21,0.0,16,1e-06
2026-08-31,0x59dc4e72ff68bd2fdcf904f7dea50ba34369c9dd,unclassed,none,22,0.0,19,1e-06
2026-08-31,0x6a82fe3f9471fdf7c8987b482737a44084dfe2cb,unclassed,none,31,0.0,23,1e-06
2026-08-31,0xd07bb762a322029df4f4fb728af1c805591fc7d0,unclassed,none,23,0.0,18,1e-06
2026-08-31,0x8553670d4b9302a6c6499707e1ad742bd941f930,unclassed,none,31,0.0,26,1e-06
2026-08-31,0x5fd3e2915b3a726db50b6ff60f281f59a591ab3c,unclassed,none,26,0.0,20,1e-06
2026-08-31,0xb77bb730db97d8ced7d85b59dd702f83c65bd02c,unclassed,none,9,0.0,9,1e-06
2026-08-31,0xc87a34ea2051c052c9e4ccb4bfc5d308560abc68,unclassed,none,11,0.0,11,1e-06
2026-08-31,0x7e5af504234a9a992009b4de3f5ca9c4fe0db5be,unclassed,none,25,0.0,21,1e-06
2026-08-31,0x0bb172622db9f247a53c8e2d577aeabf0b81c8ec,unclassed,none,2,0.0,2,0.001
2026-08-31,0xc863b1c6658971ca427e90665dccce90a41a2bc2,data,model,2,0.0,2,0.001
2026-08-31,0x8b29dabd6fbb5a09dacbc7978eaed66a8540721d,other,model,4,0.0,4,0.001
2026-08-31,0xe8bc82d53e45e61e07d84536970d695265a51ce4,unclassed,none,2,0.0,2,0.002
2026-08-31,0x0cab129183b874b040f2cc72665fcd46a1f3149f,unclassed,none,2,0.0,2,0.001
2026-08-31,0xca87adbcffdf6539a387783fef17a91dbabeef52,data,model,4,0.0,4,0.001
2026-08-31,0xd9e7a161ad06f410c28b3939cef5f06f0a327a8c,unclassed,none,2,0.0,2,0.001
2026-08-31,0xd6fce15298fc9d60f867d9455d497177da9bfb0a,data,model,2,0.0,2,0.001
2026-08-31,0xed181bcadb44681e44fa365521af1251625e57b7,other,model,2,0.0,2,0.001
2026-08-31,0x7d6e22db7c2ee44859061061f99e55257a5ceac1,other,model,2,0.0,2,0.001
2026-08-31,0xa1ebb2a8a8ed5497cf09c861a1e135520a3b3396,other,hand_o2+model,3,0.0,3,0.001
2026-08-31,0x309fd902b4b29905c8493c94a569673e1d6dc0d3,compute,model,2,0.0,2,0.001
2026-08-31,0xc900f41481b4f7c612af9ce3b1d16a7a1b6bd96e,unclassed,none,3,0.0,2,0.001
2026-09-07,0x47d3394c7234714e4b9e9b74827c12be847f9dda,unclassed,none,3863,8239.3,24,1.0
2026-09-07,0x93862e5b2b1fa10a01772e7e9ca7cdc7deb5ca25,large_ticket,unlisted_review,437,6181.04,120,18.0
2026-09-07,0xe9030014f5dae217d0a152f02a043567b16c1abf,data,hand_o2,13920,2595.88,131,0.0132885
2026-09-07,0xffde1acbac169f822dabc3d97d6d7127dcae6003,large_ticket,unlisted_review,5,2019.56,4,299.56
2026-09-07,0x7f219652fa3bde3d5c0cd30f0c0cfd87dfc4c605,large_ticket,unlisted_review,4,2000.0,2,500.0
2026-09-07,0x85b47b40455ab2bd7921f76dce841b48c82d627c,unclassed,none,1467,1753.84,2,0.6123
2026-09-07,0x7284d41b5b852f2bd4c99bdf95043d84452d299c,other,model,52030,1040.6,1989,0.02
2026-09-07,0x3291e96b3bff7ed56e3ca8364273c5b4654b2b37,other,model,175,1018.19,21,0.001
2026-09-07,0x41bb09043062a90598fcfe2e82a2b951f1971dee,large_ticket,unlisted_review,20,463.8,8,9.99
2026-09-07,0x325bdf6f7efab24a2210c48c1b64cab2eae1d430,data,hand_o2,17295,346.06,125,0.01
2026-09-07,0xdd350976b8cffc65938c0464d39a2c78be079bd0,other,hand_o2+model,134,230.81,6,0.005
2026-09-07,0xa9dd7cc9cbf0e05551332209289f04be36bc2315,data,hand_o2,90962,230.49,49,0.002
2026-09-07,0x2be87df452c9b30c9f958eed340f051b475e4133,large_ticket,unlisted_review,5,226.7,2,47.34
2026-09-07,0x21dd37e3e4ea6ccc0a5c98a4944702ede6e7be10,large_ticket,unlisted_review,35,175.0,15,5.0
2026-09-07,0x9bb01e9356ba0c97e76d19b1aca691223bbb3248,unclassed,none,111,149.07,3,0.01
2026-09-07,0x158e90dd58fbe897ed8c244f472febee37283d00,other,model,14525,147.26,7,0.01
2026-09-07,0x213c8d7434e2ae7aa1c392767c5120778d413215,compute,model,101,121.95,9,1.0
2026-09-07,0x4aabe17c239ef71c3a26ba7c2b3e0aebbfc1df26,data,model,54,120.3,18,1.0
2026-09-07,0x2670b922ef37c7df47158725c0cc407b5382293f,unclassed,none,173,111.5,9,0.01
2026-09-07,0x0ad624d12b61591ba2d66b46602299e82f6e14db,large_ticket,unlisted_review,2,97.29,2,48.645
2026-09-07,0xcfa26f13c6c18307033ece13bbb8f470da5b4dbe,search,model,1596,95.76,39,0.06
2026-09-07,0xade02dff58b0316f04cd59806e3fdb4690fe89ab,data,hand_o2,573,91.13,9,0.1
2026-09-07,0x94dfcb159041e333c4eff251c33b3f07093c3036,large_ticket,unlisted_review,6,90.0,4,15.0
2026-09-07,0x5b9acf47eda712cdc7ec4b499646f6c236d880c7,large_ticket,unlisted_review,5,79.0,5,10.0
2026-09-07,0x7d2ceb7a0e0c39a3d0f7b5b491659fde4bb7bcfe,other,model,1302,66.75,78,0.05
2026-09-07,0x159be9e316bc5fac8ce05aec4eaae46e8f8a4908,other,model,833,58.1,145,0.1
2026-09-07,0x66d7c2f952362bfb24fd7f02a9bec9c754ea83bc,data,hand_o2,1062,55.95,12,0.0324
2026-09-07,0x79e999e2f9d5417f2803f1d88602ab1ea4323881,other,hand_o2+model,75,54.28,13,0.01
2026-09-07,0xefcd28bb1bf3a80c26c7195af15c47ff3b815669,data,model,657,48.58,2,0.03
2026-09-07,0x7662e00f8ab4c362166e1ff649ff6c2a638c80ad,compute,model,72,47.28,3,0.072
2026-09-07,0x07317e7713aa8ee93913214a4a74f334ff7db048,unclassed,none,41,46.03,13,0.07
2026-09-07,0x50ab2018c06c6e4eaa9ba52057eb55ed284912fc,other,hand_o2+model,90,44.49,37,0.015
2026-09-07,0xbf67fd717aada7bfb40056ffca820e5710227a2b,large_ticket,unlisted_review,2,41.16,2,20.58
2026-09-07,0xabf4fabd7c416fb67202e5f9002389fc75e2a9d0,data,hand_o2,1351,40.39,71,0.003
2026-09-07,0x07f067959297767c887dbfa3c72379c66e82a045,compute,hand_o10,190,39.72,23,0.17
2026-09-07,0x7861db4efc14a1ed5dd8c96c528a3796560f1393,other,hand_o2+model,142,39.49,4,0.05
2026-09-07,0x3e0a7c9a79f0646fc4e72d52b5ee8877f5aa78e7,unclassed,none,9149,39.35,1235,0.004306
2026-09-07,0x3c0820e2dabd5feae1fd03b78079dee15c7f83d8,unclassed,none,128,38.72,6,0.001
2026-09-07,0x75ddd3c42eace13c59ea0cd1141b886a1c70d2a5,data,hand_o2,210,34.95,7,0.15
2026-09-07,0xbcbd4963a5b088996f5e26cf0fef38425a00820c,unclassed,none,12,32.49,3,0.43
2026-09-07,0xe740d5701749d262da5e4fcb9f814c5b6d91cf46,data,hand_o2,280,32.43,12,0.05
2026-09-07,0x0e84ddedaae6a779c462c22a59f301ec31b6b808,data,hand_o2,2078,32.17,83,0.001
2026-09-07,0x5ca3647cedc9c22bc1541467277669dfdeca2932,large_ticket,unlisted_review,7,31.0,2,3.0
2026-09-07,0xaeeb8eabdc05532a26123045f99d208eb1cc00ab,data,model,135,30.78,7,0.075
2026-09-07,0xdd257723b86b4947483905cdacbbbc70facf2ec0,data,hand_o2,1444,30.7,23,0.02
2026-09-07,0xa931d1fd0f87191e3cd71e68c6a6f39e588cb4fe,large_ticket,unlisted_review,2,30.33,2,15.165
2026-09-07,0xf4f7182508895812f235c5d1c47c0cfc89fdab5b,other,hand_o2+model,2,29.99,2,14.995
2026-09-07,0x40a8cdd6a10ec1a8cb3dfb2834675e7a2cf4ad8b,other,model,4136,29.83,81,0.01
2026-09-07,0xf121fbecec43e1b616d47285851c20d5fc64431b,data,hand_o2,98,28.66,7,0.05
2026-09-07,0xb8343fac457b2ba68981839693e60249c79c70f8,unclassed,none,16,27.44,16,0.098
2026-09-07,0x788b4ca11950879550353d8ae82d1c0af6018454,other,model,25,24.02,2,1.0
2026-09-07,0xabcb091d90419e1c8ad4818f1b33fc4645501892,data,hand_o2,27,21.59,4,0.1
2026-09-07,0xf000ab8b02aa5c52b62bdb10bf63312317e994fc,unclassed,none,246,20.01,6,0.03
2026-09-07,0x155b0f980ba3125e9d1bf98a29586d1d70117629,unclassed,none,20,20.0,4,1.0
2026-09-07,0xb48699946ce35fdab44b5cd99ad41eb8d977ba8b,data,hand_o2,5,19.01,2,1.5
2026-09-07,0xd219db8179bb9c1899ef87f39eeba9d1070c6801,unclassed,none,34,18.36,6,0.54
2026-09-07,0x52e29e0d2aa49bfbfc548c0a9f2196f4aa51f3ea,data,hand_o2,3244,16.13,409,0.005
2026-09-07,0x942bd3e3073543c674efc0c378d5bce20f9120c1,data,hand_o2,62,15.6,7,0.2
2026-09-07,0x1f81da453901d15296c1710af83e0bc0371d39f1,data,hand_o2,324,15.4,15,0.05
2026-09-07,0x93053f1e7a5efeda532fe69cbbe43cbec3a0f13f,data,hand_o2,703,14.23,28,0.01
2026-09-07,0x9aaceabad8e1858b72fcea1665381b168841b2fa,data,model,272,12.8,7,0.05
2026-09-07,0x7dd5be069f2d2ead75ec7c3423b116ff043c2629,compute,model,41,12.79,21,0.02
2026-09-07,0xcc1984e79726e7a0ae2b9df2ac9e79fb4983930e,other,model,100,12.72,100,0.1
2026-09-07,0x7360d007c5b96c1a0be4d3faf7f4bc3f8d1fb832,unclassed,none,28,11.65,3,0.0249915
2026-09-07,0x9dba414637c611a16bea6f0796bfcbcbdc410df8,data,hand_o2,1545,11.51,41,0.006
2026-09-07,0x2d16a243ba9facc6ac85519d5efad2149dc4c6c3,data,model,74,10.87,4,0.095
2026-09-07,0x98e74178bfbd97c28c9e2b0046ff39b68bf52f96,large_ticket,unlisted_review,3,10.78,3,4.9
2026-09-07,0x8a598a28a435fe44d31854251b1c88d0781ea822,other,model,87,10.49,5,0.001
2026-09-07,0x527b56f3bfbb78c9ff479cec3961fca82c359e1b,unclassed,none,131,10.48,131,0.08
2026-09-07,0x4466d4a84b7c49a6a094ec6eef4a0712d6dd125e,data,hand_o2,814,10.12,46,0.008
2026-09-07,0xec9641ebdcdfcad27bc10472d26bdd61cbf71d5c,unclassed,none,68,10.1,2,0.15
2026-09-07,0x7827db6188826f33da7c234ff75916eadca00a0f,large_ticket,unlisted_review,2,10.0,2,5.0
2026-09-07,0x87caed4e51c36a2c2ece3aaf4ddac9693d2405e1,unclassed,none,8,9.85,3,0.540804
2026-09-07,0x4d5d3df7f6e3d568d49bf063ae65773fd1fa02e9,other,model,14,9.76,3,0.75
2026-09-07,0xa0af9ed64c8fe5d00ce879badd40e94b47db2542,unclassed,none,7,9.65,6,1.0
2026-09-07,0x7c655d3d3944bd27994dd81a036c3afb19806c40,data,model,153,9.25,16,0.01
2026-09-07,0xab62452b4b019bc4402bffcca6c706d16d72a7bf,compute,hand_o2+model,65,9.23,5,0.01
2026-09-07,0x38b069b3fbb0ba41014e4d5dd38dc7f9506abd95,unclassed,none,5,9.14,5,1.14
2026-09-07,0x9811c0900fcb719bbc363a3846d2d6db2771dea8,compute,model,24,9.0,7,0.05
2026-09-07,0x10ff767043a1723e0bb5b9207bc37d3442cc9e4f,compute,hand_o10,10,8.79,6,0.5
2026-09-07,0xab6731a0bcdf511c2842c768a03448075ab654ca,other,hand_o2+model,167,7.01,20,0.005
2026-09-07,0x6d7a2d65b26a87134c0571fb1baaa248eb0a291b,data,model,91,6.94,2,0.1
2026-09-07,0x3c5cbe28eca3b96023c45d3f877da834f1c7d5fa,data,model,714,6.89,8,0.005
2026-09-07,0xaa4e3bd56446f190e89066f850cfb0c2c80bd0c9,unclassed,none,3,6.78,3,0.98
2026-09-07,0x0550779cfbc832657a8bb46bac9f359a5ad038b8,data,hand_o2,257,6.74,19,0.025
2026-09-07,0x2a90d68071b16ba7ab236709d4e37a54f56fea3b,compute,model,21,6.66,7,0.08
2026-09-07,0xd4bf214e1c1f7ec0e798eea554d1a1157158ff2b,unclassed,none,33,6.6,14,0.2
2026-09-07,0x5e00c23a3cb51746fa0cf3e2ccfb0757fe2c0b5c,compute,model,34,6.47,3,0.0728
2026-09-07,0x0d2c87e1dcbf97e5fea97d047e50b11457ae7d9c,unclassed,none,13,6.47,13,0.49
2026-09-07,0x8aab9a6d28e9aba2a15a613c90f24f352f0cce15,data,model,195,6.28,12,0.01
2026-09-07,0x52ab53912d37759b2ad364f22dd06b16714b6c06,data,model,87,6.08,12,0.05
2026-09-07,0x36038e1d712c5e39f35952164ec58ec2b96caee7,data,hand_o2,181,5.67,21,0.02
2026-09-07,0x73ace32013985f715b5e00e5a341259cce17d220,data,model,25,5.65,3,0.25
2026-09-07,0x43b85ae58f0a2505c710bc715d6f3eb16b1f63de,data,hand_o2,99,5.49,9,0.05
2026-09-07,0xc9e2a96d0c9d5b1e0656862dfef849c95b8afa4c,compute,model,12,5.32,3,0.05
2026-09-07,0xfbf218accbb0d57fc4e8fc3e2a885c910c4c9e94,data,model,22,5.3,5,0.06
2026-09-07,0xdb5aa553feeb2c3e3d03e8360b36fb0f7e480671,unclassed,none,269,5.2,14,0.02
2026-09-07,0x8e37022edcf0f21cf3c9f93fee9d4d32519f36f4,compute,hand_o10,10,5.14,3,0.02
2026-09-07,0xd593832ce9c2b13b192ba50b55dd9af44e96700d,data,hand_o2,155,5.03,17,0.05
2026-09-07,0xb15a55e85fdf5edc41b6c1eaf7813e2c6e6def59,other,model,490,4.9,27,0.01
2026-09-07,0xc7acd120010b07693a59d611c9ae9a2b0bf4568d,unclassed,none,4,4.9,4,0.98
2026-09-07,0x9acfdc5a3d6bfbb127615751e0f0e44014e32abf,compute,hand_o2+model,123,4.82,6,0.01
2026-09-07,0xf34e807e14ef6dd029d2b5aab992ca108c2e70ed,unclassed,none,7,4.8,7,0.588
2026-09-07,0xa7f3ad0e69f61864092fabba6cee00af6e584689,compute,hand_o10,91,4.79,7,0.03
2026-09-07,0x6d6e695b09861467c7d462f5aaf31cf3540b9192,search,model,693,4.53,40,0.007
2026-09-07,0x8666a0796297de08364e0c8cda235463a79de43c,data,model,9,4.5,2,0.5
2026-09-07,0xbf22b6ddb5a08c823856a779f1004eea60c5ab92,content,hand_o10,5,4.5,3,1.0
2026-09-07,0xe72f8a2b1d39f68559f09fb1aa096cb899d607b9,unclassed,none,5,4.5,5,0.9
2026-09-07,0x3a6e1866f38385025fa9024304882cf59e3330ab,data,model,37,4.42,2,0.0099
2026-09-07,0x480cd46e6fade651a0437deadda53d5c8e7d846a,other,model,118,4.34,25,0.002
2026-09-07,0x3c9119f68513e6a81c00984c64ea5072ca5401d2,unclassed,none,24,4.34,24,0.08
2026-09-07,0x59f3a6dcb6f482c53872dd8f8f9e1f9161a1c5f7,data,hand_o2,346,4.32,8,0.01
2026-09-07,0x76a672eee56d29d475b0715cc03b8c99d70ec8a2,data,hand_o2,101,4.25,8,0.01
2026-09-07,0x6c0752c09e7f6fa6526fcdf40e456a159ebb5621,compute,hand_o2+model,105,4.23,20,0.006
2026-09-07,0xc751344ee09b5159160173f77d4a1169bcd386a1,data,hand_o2,1272,4.22,24,0.004
2026-09-07,0xd494a454888a390b2b05df74ae2b5fd9c9902b71,compute,model,44,4.14,5,0.01
2026-09-07,0x634bc40f8b83e995ed16874f364b761643d40b48,large_ticket,unlisted_review,2,4.12,2,2.058
2026-09-07,0x41bff60e2971b568cfc3d40a242444476c5dbfc9,unclassed,none,5,4.02,5,0.588
2026-09-07,0x9b3380770de0c0c5fa93174e4c6a2a5a55da7bab,unclassed,none,4,4.0,2,1.0
2026-09-07,0xf5a1b98b976ed10c985802677e475b234912cd6d,large_ticket,unlisted_review,2,3.92,2,1.96
2026-09-07,0xcf19bafccbf27369ceea7ff0f60c891dec1a0830,unclassed,none,8,3.83,5,0.505
2026-09-07,0x5d5e0cf1cd611ff6f08e9c5a11cd068ab9b63085,unclassed,none,14,3.8,7,0.1
2026-09-07,0x970007590acc5c938cd51345b17af51b1b40d3ab,other,hand_o2+model,141,3.77,28,0.004
2026-09-07,0x00acee6cd97a308ace9a3fe7da90664bfa9b6d21,compute,model,266,3.76,3,0.01
2026-09-07,0xa13d363aecccf878ec64f6eb687eb4a771fb0599,data,hand_o2,191,3.72,10,0.02
2026-09-07,0x973a31858f4d2125f48c880542da11a2796f12d6,data,hand_o2,101,3.6,7,0.02
2026-09-07,0x8a87647bbda8032c802b198e8e7413350be8ce9a,unclassed,none,4,3.5,2,1.0
2026-09-07,0xcc985ba6934d134feec4824ba40258608f3a4333,compute,model,6,3.5,5,0.5
2026-09-07,0xa2d72abf2c5e939fddca4156b74de482e03ca3ec,other,hand_o2+model,7,3.5,5,0.5
2026-09-07,0x4df66b6c140778fe0717880a7c6dde5ea53acdea,data,hand_o2,85,3.34,27,0.03
2026-09-07,0x41364b9a1313edfa3adbb375776907cde1b7a0cf,other,hand_o10,36,3.33,2,0.01
2026-09-07,0x24a5ec14de5dbf0ed1e27784d63d22dc9451998f,data,model,42,3.29,2,0.07
2026-09-07,0xcc42ed39a06b6cf3f484307ef76b88bf56fb305f,data,hand_o2,182,3.26,24,0.02
2026-09-07,0x2ec4545f96a24876764bf2b04d54e66a1351be71,data,hand_o2,300,3.19,22,0.01
2026-09-07,0x0d0e3539da45c573af8730045e7d5f634243f3d3,other,model,4,3.16,2,0.79
2026-09-07,0x26572ff23c6c52bfb1a69cb0c9114a8be443b422,compute,model,25,3.1,2,0.05
2026-09-07,0x3e7c9ca818f713f19e126e3b7b37b47dc1411570,search,model,990,3.07,5,0.003
2026-09-07,0x3fccb2b9ed8f3c9ec96bb97d3d643a6768897944,unclassed,none,22,3.05,22,0.08
2026-09-07,0x7586b801b79a85fb9898b2017b786f7800bba691,other,model,6,3.03,2,0.505
2026-09-07,0xc1dab3c368f8b6595c49df67f4a17225e0ceb785,data,model,3,3.02,2,0.01
2026-09-07,0xe3e597a4698e0ed0e06f9d9fe513157728fbc28b,data,model,3,3.0,3,1.0
2026-09-07,0xc3d01fd2f79d4c57ad106ab8ecc12a5de24f97cb,data,hand_o2,107,2.98,14,0.01
2026-09-07,0x2ebc005320ad70490eebbd752eaeef08e0a881c2,unclassed,none,3,2.94,3,0.98
2026-09-07,0x95ec5b9eb80cb275ab6e6015b624f86fbeb573eb,unclassed,none,3,2.94,3,0.98
2026-09-07,0x1677383a7bec2cf618fc98aef68b757bcfc37f27,unclassed,none,78,2.88,2,0.009975
2026-09-07,0xbe3fc886e104904935cfc5f4f32f4ccec06cba79,unclassed,none,278,2.78,5,0.01
2026-09-07,0x68e3e7822cf83c824cf9606ec999b5e8a93c85b5,data,hand_o2,73,2.76,11,0.005
2026-09-07,0x91d568599fb802cb3f03f067d2063785dbaf0abd,other,model,275,2.75,3,0.01
2026-09-07,0x5e709929a4ab69ec3a8811d03417869059bc4eb9,other,hand_o2+model,42,2.74,8,0.02
2026-09-07,0x28395ea918485bd5a00b7847c478ef7ea3bc14f6,unclassed,none,14,2.57,3,0.14
2026-09-07,0x525f6ddce9af7a7179d7696aabfcd5fcd15a21e6,data,hand_o2,256,2.56,10,0.01
2026-09-07,0x93fb99a4ea2134d2d66ea4821df435ccd500fc42,unclassed,none,30,2.53,30,0.08
2026-09-07,0x32a1ef342b5d6a82bc53208602341474d623e5c3,data,hand_o2,152,2.5,2,0.01
2026-09-07,0xcb79b3c5a7dadcd7c30e3be252c0ca44a06c6f78,compute,model,25,2.5,8,0.1
2026-09-07,0x13f9c2d7414fb7d1faf8511635da2a2b77bfd92a,unclassed,none,2,2.43,2,1.215
2026-09-07,0x06dff3c8380b5d1799874ada903fc3422882fd6f,other,model,123,2.33,21,0.02
2026-09-07,0x3873d15cf3209c32aaa8d9aa542164e658567129,data,hand_o10,53,2.16,4,0.05
2026-09-07,0xce48d4c2914c9e22a920883622cc04b1f6a5856c,search,model,11,2.16,7,0.05
2026-09-07,0x2b6d4988db4723e6908db86ab2b8dfbc51fc32c5,other,hand_o2+model,237,2.15,41,0.0036
2026-09-07,0x367f1b3d8ca90d1e087481a9a40d585bf3451a03,compute,hand_o2+model,40,2.13,6,0.02
2026-09-07,0x2f6ba59f09fd4693c6df12aec5acf14a4ba43f1d,data,model,19,2.12,5,0.05
2026-09-07,0xbe683fa884b75cd5cac20a13772ef8fffa716ad6,unclassed,none,10,2.1,3,0.1
2026-09-07,0xc91ce6291edc0713ec753bafba002506ffb2b95c,other,hand_o2+model,18,2.09,11,0.005
2026-09-07,0xfdb4b511f6ae1f270776e500b3360217d5e7ed03,data,hand_o2,110,2.03,10,0.02
2026-09-07,0xdd51ae794f2cbbc69ef791be8aa4476d6d48c7ce,data,model,25,2.0,2,0.08
2026-09-07,0x6cab485fc28ec70d3845113b704d4824e4d2b24f,compute,hand_o2+model,2,2.0,2,1.0
2026-09-07,0xc0ce6bfb16bb6b6e10a9d806e509d8d20996380f,search,hand_o2+model,2,2.0,2,1.0
2026-09-07,0x0550f1f1ad91b354fa1fb0673e5d25afa0b1a1a4,unclassed,none,2,2.0,2,1.0
2026-09-07,0x7f33b3c113915a0f2981070553ba9538c0f90171,data,hand_o2,16,1.96,2,0.1
2026-09-07,0x894da4c9f416b7ec965ad9cf5d4de12982c52174,unclassed,none,2,1.96,2,0.98
2026-09-07,0x59f3ffb6ece340a31632cbd43be4b499f032e249,unclassed,none,2,1.96,2,0.98
2026-09-07,0x31b25607fb6f0d358b72bc11ca9a0350c8bdebc5,unclassed,none,2,1.96,2,0.98
2026-09-07,0xe65000a6e3dee33022fa5c7384faa4cb90725ff9,unclassed,none,4,1.96,4,0.49
2026-09-07,0xc7d7b6d856ab058a9373e61cf46a85d1f73da695,other,model,10,1.95,2,0.08
2026-09-07,0x169bf49c6ee5a179190121ab8d180b50e31683d1,data,hand_o2,9,1.94,3,0.05
2026-09-07,0x127462e296fac1a7f5cf33ba57bb2f0fff5cd0b6,other,hand_o2+model,14,1.84,9,0.001
2026-09-07,0x8c128f1ee62bb5e47867cfbae2ad89be325df1b2,data,model,83,1.81,15,0.02
2026-09-07,0xc711ed3d5a1de3cf4a13a080f40cc7b2e673a69e,unclassed,none,2,1.8,2,0.9015
2026-09-07,0x9b8a2786a3df7a7837ccfc4e792e9eb90a36f72f,compute,model,176,1.76,2,0.01
2026-09-07,0x656d7af2821d42211217a15d88913d3a3ee9a24d,unclassed,none,5,1.74,5,0.11
2026-09-07,0x5aae638ccd22a4117c0441331e8e86ca979d482e,unclassed,none,1730,1.73,26,0.001
2026-09-07,0xc327d0aeb5f65b514b193b5e5a95cc6f4060815f,search,hand_o10,320,1.71,10,0.005
2026-09-07,0xcb9b3f94387389e38ef2a7b3c0b851fb8325d7e9,data,hand_o2,163,1.71,8,0.005
2026-09-07,0x26c2ebffb2b332e5c188b1e33d4c7fa1a0ce0937,unclassed,none,2,1.66,2,0.83
2026-09-07,0xec84c1cd6602bbe387bc8e6f0d3c062f2762de28,compute,model,38,1.64,4,0.0155
2026-09-07,0x5f7254f252ef9b9f92b6b4f2cf91205ed7a96c7a,compute,model,101,1.62,4,0.01
2026-09-07,0xf04220c87894e7cbc0273f38c18195dab0db5fe5,search,model,13,1.62,7,0.1
2026-09-07,0xea09413c62f6f25df7463341cc42ead470373205,unclassed,none,3,1.6,3,0.5
2026-09-07,0xbbecbe90f28632a9d52ed67b33b43767b8c89285,other,hand_o2+model,19,1.59,7,0.005
2026-09-07,0x22951201eb449b8c5b270b2fbd9a284255f6da57,unclassed,none,3,1.59,2,0.686
2026-09-07,0x797290a4c7891d56da4e78e6afb63f2082e3ec9d,unclassed,none,7,1.56,7,0.28
2026-09-07,0x29322ea7ecb34aa6164cb2ddeb9ce650902e4f60,data,hand_o2,218,1.54,123,0.005
2026-09-07,0x9e5c9cb250d5ac23bde6f1925ceba170061e1b02,unclassed,none,3,1.53,2,0.48
2026-09-07,0xe8e26183736d796d401df30810207465fa708959,data,hand_o2,5,1.53,4,0.01
2026-09-07,0xf444abc53f5e1e73caec7df64d147ddb119514a0,data,hand_o2,110,1.51,11,0.01
2026-09-07,0x3cc1d8ee1dfdfd326c19b0884b8df4b24b623f0c,data,hand_o2,66,1.45,7,0.005
2026-09-07,0x524bf56b92400bd232bf85348660b652e0dddb2a,compute,model,11,1.44,4,0.025
2026-09-07,0x41adee1eba2c276be5e8cabe0ce523e4dd792170,data,hand_o2,23,1.42,6,0.001
2026-09-07,0x4f180b7752993b785be84ebbb15ce99c97a926a1,unclassed,none,23,1.42,2,0.024308
2026-09-07,0xc9b70d8d342609437bc87ec3c877911a306d3e6a,data,hand_o2,23,1.4,7,0.05
2026-09-07,0x54cdedd5152bd45ec0dc58e8c78af50d7184ce5c,unclassed,none,12,1.34,10,0.08
2026-09-07,0xe82ebef57fa5af958b8ecb6843d4327d314f59e3,data,hand_o2,331,1.32,50,0.003
2026-09-07,0xf752eeb75d3bea24aa867ad93bfd8ef5a2f431b9,search,model,127,1.31,19,0.01
2026-09-07,0x1ee42717b1c370dace197a8850bf41a932f3b5a8,data,model,13,1.3,2,0.1
2026-09-07,0xbfd71ea27ffc99747da2873372f84346d9a8b7ed,unclassed,none,242,1.29,12,0.005
2026-09-07,0xb0ae6a9bd7a573ddda58db6c28622417e8ca2099,search,hand_o10,78,1.27,7,0.02
2026-09-07,0x20d71310309b6a4982472f4a5eee131069a493a7,unclassed,none,79,1.24,2,0.01
2026-09-07,0xc3426919d3c3e822fde601187ada28ef41c5f85d,other,hand_o10,64,1.24,3,0.02
2026-09-07,0x2bd7013be60facba3a9e117bc6dd0bee2d71d481,unclassed,none,2,1.24,2,0.62
2026-09-07,0x97ef1cc202cbea15c46693ac53178aa90c7566fc,unclassed,none,8,1.21,2,0.12
2026-09-07,0x05a877ef93e7818828d199e2df0028bca3c75bf0,compute,model,50,1.2,2,0.03
2026-09-07,0x8c69b13769ca7033145cedbf463a7fe1368537d1,data,model,12,1.2,6,0.1
2026-09-07,0xb059eac9330dc5f23f5346a81348af1e99f379bd,unclassed,none,12,1.2,10,0.1
2026-09-07,0x02c2fcafce36b4aadb39625866bc6b1699d83043,data,model,78,1.19,10,0.014
2026-09-07,0xc2afb91833f4de19542a025872c6085cc29185eb,data,model,462,1.19,16,0.001
2026-09-07,0x318d34fa0bd69eff17fac648d2df8cf7a88b3dbe,other,hand_o2+model,179,1.19,2,0.001
2026-09-07,0x9c5418416110008a587d6bcdffba580dea208356,unclassed,none,3,1.19,2,0.34
2026-09-07,0xdadc335482ad545296fd7b28518a251ffcbeb9df,data,hand_o2,140,1.18,28,0.003
2026-09-07,0x19491164262c8963b11e1bcb1e4351c101b420ff,compute,hand_o2+model,25,1.18,5,0.08
2026-09-07,0xc8a45586f71fa83bcd7eda2e1162ba12c3621102,unclassed,none,12,1.18,12,0.098
2026-09-07,0xe6c7a59e8f9ff0db34eb416d9de9969673df0fb9,unclassed,none,2,1.18,2,0.588
2026-09-07,0x49c889e482dc6dae180dac263916211f7c5d818a,unclassed,none,2,1.17,2,0.584
2026-09-07,0x4eba5ea3cf0f3fc307099317e17e54390f7a4c58,other,model,57,1.14,3,0.02
2026-09-07,0x7aac1cce7113306c7af59f82637d0a38b3e5c6b0,data,model,9,1.11,4,0.05
2026-09-07,0xa0bdc6cd7ec19c9d4f0c72fb2d79fb65d118d3ab,content,hand_o10,6,1.11,2,0.01
2026-09-07,0x648d637af535ead6cee192b232c19ffe399281ab,unclassed,none,3,1.11,2,0.55
2026-09-07,0xf22e558a00d91ee12a1f50c52186fecb8ddff493,data,hand_o2,164,1.1,36,0.003
2026-09-07,0x6e007731870ede419cfb31889cd5c4493cecb04c,data,hand_o2,125,1.06,55,0.0085
2026-09-07,0x7b13107779cfda1beba3289d0fbe27310436f3e3,data,model,21,1.05,5,0.05
2026-09-07,0x0cb12df486381a0ebebc0ef338da80657f68f9cb,compute,model,7,1.05,6,0.01
2026-09-07,0x9fb365e4e9385e2a39febad70368267e6f571d9a,data,hand_o2,188,1.03,25,0.005
2026-09-07,0xb3f4de103f34b99f0da19b4f16d6b53a14c2194a,data,hand_o2,121,1.02,20,0.003
2026-09-07,0x0573c4da7fc31e944e5ff959fef3b42199c308b2,unclassed,none,10,1.01,6,0.001
2026-09-07,0x12cd84b102bfc1f2a4d6257c5bf14aca9acd6a4b,unclassed,none,2,1.01,2,0.505
2026-09-07,0x4c1a4fce51fea51f128a01cce8becb106d391155,compute,model,4,1.0,3,0.25
2026-09-07,0x1c233157caf59768b0503268dbbd647e51ee644a,unclassed,none,2,1.0,2,0.5
2026-09-07,0x68396bd35874695ad86cd29410bd80a550991a2b,compute,model,2,1.0,2,0.5015
2026-09-07,0x0d083590c048a243e24a75e3a7c968145de25b44,data,model,201,0.99,24,0.005
2026-09-07,0xc3b66d340390d5dd2ec8294168f185e811b6c06b,data,hand_o2,221,0.99,4,0.005
2026-09-07,0x177ea123a35253ba8869a7e21e717978e482351d,data,model,16,0.94,4,0.04
2026-09-07,0xd5f96558fcb1f127c77c7d95eea067f526d08618,compute,model,55,0.93,3,0.001
2026-09-07,0xdc59fa7b64988b846e76ec9849bb68f889071506,data,hand_o2,196,0.92,7,0.001
2026-09-07,0x058d0cc5cc97e61e8a9f38d6d6365bce525921b2,search,model,301,0.9,14,0.003
2026-09-07,0xdd666cdcf2bccff8d1c8161ed24ff26c0ed429b9,compute,hand_o2+model,17,0.9,3,0.04
2026-09-07,0xadc3a47efbd82ed724a0e9a3d08d5a1a8e6586fd,other,hand_o2+model,35,0.88,2,0.02
2026-09-07,0x624faf18c78456c8da5bf156cd77c1a2033f21c5,data,hand_o2,26,0.88,8,0.006
2026-09-07,0xd0cb67af1adbf8982ed1cd085cd4b845704609ce,compute,hand_o2+model,24,0.88,2,0.04
2026-09-07,0xb6a6ba7f58fe92e77bce040cc0818c63ab9ac768,search,hand_o10,21,0.86,4,0.05
2026-09-07,0x2d08dabd1c0e435920e11498ccb4cb6af84153e2,unclassed,none,2,0.81,2,0.405
2026-09-07,0x83967a938f6869b31a227442b5207a7601d86c93,unclassed,none,4,0.81,4,0.2
2026-09-07,0xca1271e777c209e171826a681855351f4989cd0c,content,hand_o10,13,0.8,3,0.05
2026-09-07,0xa95b17ffa78cc32a836a2120992f629dd6ecc5fa,unclassed,none,8,0.8,6,0.1
2026-09-07,0x34f486ec2a378125bf07aa17908b8c97ed610eac,unclassed,none,2,0.8,2,0.3975
2026-09-07,0x718ef566e55875e34bcae8bb5674f3bc25094e21,unclassed,none,4,0.8,2,0.174
2026-09-07,0xf8b2dd46542175ad46e14e6133340e652665f2ee,data,hand_o2,25,0.79,4,0.03
2026-09-07,0x7941582afbf097cbcba3fee8b7cac1a8bc329139,unclassed,none,5,0.79,2,0.12
2026-09-07,0xc2f5fc2f46c8640a60a1ebfa9776338cc1b1e1dc,unclassed,none,27,0.78,3,0.02
2026-09-07,0x8d0663bbb967ebf1c047405a888ddf865f3e8854,data,model,103,0.78,4,0.007
2026-09-07,0x44ed8c10293f70351b5573b07ec76a8f53175b33,unclassed,none,8,0.78,8,0.1
2026-09-07,0x7c8ff7e324cc5241a5f30822c460d66ea78ccf99,unclassed,none,2,0.77,2,0.3865
2026-09-07,0xd4931c41dac198317f11aabb1a10f3c39c9469c9,unclassed,none,3,0.76,3,0.095
2026-09-07,0x48e23742181654139f9a7c1b14dd64b04e89ed3b,data,model,3,0.75,2,0.25
2026-09-07,0xae2634e709c454f2720c65a0b2f9ba168e431842,data,hand_o2,14,0.74,4,0.004
2026-09-07,0xdf3d160b4720f3a72148ad1106acd7ebeeefd85f,unclassed,none,2,0.72,2,0.359
2026-09-07,0xb531320805c5bed1d46aeadcf4f008fdf172dbda,unclassed,none,49,0.71,2,0.01
2026-09-07,0x47722077234ec5b3064f689ebf0ee8de0cb56bb3,unclassed,none,2,0.71,2,0.3538
2026-09-07,0xa59e9603612af4137d7dd040fcb8489e5efd6e88,unclassed,none,3,0.69,3,0.098
2026-09-07,0xb80cebc30343e9a1fb3c3c57cbe1a5a4f8087761,unclassed,none,2,0.69,2,0.343
2026-09-07,0x24d231d18e12b657002ac544de31952760ec4979,unclassed,none,8,0.68,8,0.08
2026-09-07,0x96ac2cc7c4b3d3b0ceaa833ee2c67aca209bceb3,unclassed,none,3,0.68,3,0.28
2026-09-07,0xb836a641dae76424861f7f1fcb37c1295e44e329,data,model,132,0.67,4,0.005
2026-09-07,0x33661b8496075c3b8b2b69cb3e03bc3436808d78,content,hand_o10,65,0.65,48,0.01
2026-09-07,0xf1c7c037891525e360c59f708739ac09a7670c59,compute,model,65,0.65,2,0.01
2026-09-07,0xce339395d7f2ea5a5009022ef1c392fb208a989e,search,model,157,0.64,6,0.004
2026-09-07,0x84fa7ea8303d4f503267e2e998a3f7d980e814a5,content,hand_o10,34,0.64,10,0.01
2026-09-07,0x1888192fac6a69e4cd7d078ec4bcf6f24f7c767b,data,hand_o2,19,0.63,6,0.03
2026-09-07,0xb5194a98dbdbb7028b585db26b972e7f0f3f826a,data,hand_o2,21,0.62,8,0.00225
2026-09-07,0x276efa09388fb1578a6c415b8f90d26fdfce0cf2,data,model,9,0.61,5,0.02
2026-09-07,0x7bcd1f84a601f941e883892992a73ce87d7ca2d9,unclassed,none,32,0.61,2,0.02
2026-09-07,0x8145671ca13d8b97b22238fb903d14e36e720428,content,hand_o10,12,0.6,2,0.05
2026-09-07,0x315f827fa70c7ce27c1126bb9d83a7a036cf779e,unclassed,none,2,0.6,2,0.3
2026-09-07,0x38c063312719220c676e988f0dee14b4ec0e44c8,data,hand_o2,156,0.58,34,0.002
2026-09-07,0x9876af0f6d8ed5155cd02d1ca56d128601612690,other,hand_o2+model,44,0.58,3,0.01
2026-09-07,0x2583aac89f58a63d9ccbedaa5e3baf2196aa967e,compute,model,10,0.57,5,0.0575
2026-09-07,0x9a07e9d85ec924a96a5c089d38e9caf2dda52244,unclassed,none,2,0.57,2,0.287
2026-09-07,0x839fcff29ea5d2ff26185960d6f6291ae5ef6507,unclassed,none,5,0.57,5,0.08
2026-09-07,0x2bcfa4f7e1fa5e96934846a7dea623398ed7f752,data,model,23,0.56,4,0.03
2026-09-07,0x7a1611404417ed8ca2c52d88f866e3d90296493f,unclassed,none,2,0.56,2,0.28
2026-09-07,0xb790ed3796194e5511c44411cf045f67e069cdc0,compute,model,23,0.55,2,0.02
2026-09-07,0xdc758e91680f9d955518d2108694e0bf82f7ca63,unclassed,none,2,0.55,2,0.275
2026-09-07,0xad982cb19acca2923df8f687c0614a7700255a23,other,model,5,0.55,3,0.15
2026-09-07,0xef879bfd6c4accb8f795136de90246e1ec245e06,data,hand_o2,25,0.54,11,0.01
2026-09-07,0xdceca23ff8a7145e1b5b35427c9886cf21a67566,other,hand_o2+model,26,0.54,8,0.01
2026-09-07,0xe3738580ede5384bb8b8d1c8786b391c59d2668d,data,hand_o2,20,0.54,8,0.02
2026-09-07,0xa1a181695116221a0e4e981d2547fdb6cdca8c2b,unclassed,none,3,0.54,3,0.18
2026-09-07,0xdb46fd2a4fd05bac4c75bac29bde134bb3306d79,unclassed,none,4,0.54,3,0.088
2026-09-07,0xa7287aec98281bdc40dd87a00854fa54218c1aa4,unclassed,none,2,0.54,2,0.27
2026-09-07,0xe4181c7de066959bcca010525304ba68a84768e0,data,hand_o2,177,0.53,25,0.001
2026-09-07,0xc7d2dd296379aa701ef67ce2a1c3398865a74fe7,unclassed,none,6,0.53,6,0.08
2026-09-07,0xd089749e279347b36542f57f8ca60c94a0a2ae1e,unclassed,none,15,0.52,3,0.01
2026-09-07,0xfa45c1c9e6e21bfc7fc6ca21efefae60627ce3d7,unclassed,none,2,0.52,2,0.26
2026-09-07,0xd63e74bcb00757c8fdb1817f1558ed8b97c608b6,other,hand_o2+model,3,0.52,2,0.01
2026-09-07,0xbeebd30639e99bbce11faa2b463fcccf6215831b,data,model,23,0.51,3,0.01
2026-09-07,0xb3c2776ce3f99cb3366520c27b4ac5d436942ab6,data,hand_o2,33,0.5,7,0.014
2026-09-07,0x39a7b6fa1597bb6657fe84e64e3b836c37d6f75d,unclassed,none,2,0.5,2,0.25
2026-09-07,0x53a05c0eed6cbf065f31aedbae7b0d8ce1a0f4db,data,hand_o10,424,0.49,13,0.001
2026-09-07,0x4395c7e383b7e05665aad7f36ed77c01923dd965,data,hand_o2,42,0.48,4,0.015
2026-09-07,0x217e5fe265eb78b29067bf8324ef03a7d8e167c4,data,model,85,0.48,30,0.005
2026-09-07,0x03d773c52b67993e60ecb3134b17436fe03b584c,data,hand_o2,12,0.48,4,0.05
2026-09-07,0xc87a06dee4c0e85912296002617120bbfd5ef990,data,model,71,0.45,7,0.005
2026-09-07,0x93958d39d88eb8372bb9c1c82c0d6c0c332848af,data,model,36,0.44,2,0.01
2026-09-07,0xdc9f94a8b93f070b58cfa580cbe740d763005fe6,data,model,12,0.43,4,0.03
2026-09-07,0xee72b902af7466023595512e3359bb5bf312977c,other,hand_o2+model,41,0.43,6,0.01
2026-09-07,0x0deb462437ab46f703fcd15f9cf9c9ea6472eacb,search,model,17,0.42,2,0.01
2026-09-07,0x71033ab6ed376a0b53d1826ea632ddfec96b3661,data,hand_o2,8,0.4,5,0.05
2026-09-07,0x94e6e217611e2466a2d7958b786916b197b11f36,unclassed,none,2,0.39,2,0.1925
2026-09-07,0x9d3d9410be95fa1d230734b961997427fc61d837,unclassed,none,12,0.37,4,0.02392
2026-09-07,0x98fa9c8afb5c56ad27d24843cabebdd55170dbc0,compute,model,11,0.37,2,0.02
2026-09-07,0xb1ef5415e9d3695e16977b8be422ab7512f788c0,data,hand_o2,7,0.37,6,0.02
2026-09-07,0x7087c5b879e6eeb199aa7fdf9dad2db53f9d99f0,unclassed,none,4,0.37,2,0.0945
2026-09-07,0x6e9c2ebca537f861fe9242f8f974d99b3df762b2,data,model,18,0.36,7,0.02
2026-09-07,0x14849afa040edeee524a40c52b877fe1b6e6c2c5,compute,model,6,0.36,3,0.0595
2026-09-07,0xbd17480bf6ff056f7b91d9adc9dfda001eb7283d,data,hand_o2,18,0.36,7,0.02
2026-09-07,0x2034753f1233ddeda04c8c3da39260bf991f2fae,unclassed,none,2,0.36,2,0.18
2026-09-07,0x3070fbb3803819fb5bdfe9286fdc6325a877fa85,data,hand_o2,20,0.35,9,0.01
2026-09-07,0x3dcbef58b30fac60a897cd4ed1daed5de33b32e1,data,hand_o2,85,0.35,71,0.005
2026-09-07,0x5c3db195a38f39074d8c891741a82f6d8f2a16cc,data,hand_o2,16,0.35,10,0.005
2026-09-07,0xcb8025d951e5e45be7d288b658eeee6f05713006,data,hand_o2,68,0.34,23,0.005
2026-09-07,0x6ab8efe305cce67daa48c97bde29c04402822dff,data,hand_o2,64,0.34,14,0.004
2026-09-07,0xcd6b6d99b7751ff30b68fa1365488eb73fa7cefa,data,model,35,0.33,5,0.01
2026-09-07,0xd617a7145ca56e3ed58d639f9dec6999b22441ee,data,hand_o2,7,0.33,5,0.005
2026-09-07,0xb810b599bc730aa85800babe7f5d160524322c86,data,hand_o2,115,0.32,15,0.003
2026-09-07,0xc66ee26cae6cd34970f51f644f36d720826d392a,data,model,4,0.32,2,0.03
2026-09-07,0xf39be1b0c9e702844ee809b4f31d744f335f10c7,unclassed,none,2,0.32,2,0.16
2026-09-07,0xad62f03c7514bb8c51f1ea70c2b75c37404695c8,other,model,29,0.31,11,0.005
2026-09-07,0x63ae98f3363b346a94fcc1cbcb621f1c2b1fcddc,search,model,142,0.31,11,0.002
2026-09-07,0x9fd05b6ff42f2ece0e1ef418cbca00b716ee6753,unclassed,none,16,0.31,2,0.01
2026-09-07,0x3c5f3a6ce224bb89d72f5eb4232ecc27f67b3eea,data,model,31,0.31,10,0.01
2026-09-07,0x260fbe1ec46968ee02e5b972507d7bb7f09f82b0,data,hand_o2,11,0.31,8,0.005
2026-09-07,0x36256c1d592ed0161082b4971988ae880af29a32,data,model,12,0.31,2,0.01
2026-09-07,0x98e83fbcb5f8fb8414acd0aeeb93160046b65666,other,hand_o2+model,60,0.3,5,0.005
2026-09-07,0x4c9151e56863a05c27fe21a5ff566ae73a2f3b7b,unclassed,none,5,0.3,2,0.05
2026-09-07,0x54d6c2c08e10f1a1d3da88df513bbe9bcf1a4afa,search,model,21,0.3,4,0.01
2026-09-07,0x71a869960c5486e94a8b7018b18a45d604f6843a,unclassed,none,2,0.3,2,0.15
2026-09-07,0x3b0b12707d9564b92a4ad1720797c1e213aab54a,unclassed,none,2,0.3,2,0.148
2026-09-07,0xcd265870a20db25250535cb8a0d3bb0850417902,data,model,36,0.29,17,0.01
2026-09-07,0xd07c06a650a88bbcf4f0c4fbf2c6c08c9a60acc6,data,model,29,0.29,4,0.01
2026-09-07,0xab8f43efb96cde78b0bdee7bcf27c02917945b81,unclassed,none,3,0.29,3,0.098
2026-09-07,0x9720950d3e4d9e8c9e23e84e04e683b00204874c,other,model,8,0.28,5,0.05
2026-09-07,0x470a1b647d668d3820add26d70c8371557ff4c6b,data,model,14,0.28,2,0.02
2026-09-07,0x072f3a2bd93bb75b1eb84a9e45d17a4f90a6d801,search,model,59,0.28,5,0.005
2026-09-07,0x4293f75e69b22ee68afa0f464de86e5cd80bed75,data,hand_o2,14,0.28,8,0.01
2026-09-07,0x0ff5a6ecef783bba35463ec2f8403b9b5e9e7c86,other,model,9,0.28,3,0.02
2026-09-07,0x6bfd758bf04e4a67692574a44329d824963851f7,unclassed,none,2,0.28,2,0.138
2026-09-07,0x1222f2758378625c99efe88a7032bc93f89d5028,unclassed,none,2,0.28,2,0.1415
2026-09-07,0x7d9c21acb6be3f6ea4723c148a32dc327a3ecb5b,data,hand_o2,18,0.27,3,0.01
2026-09-07,0x2740651e046c59ab2a6510401140643292d3a96f,data,hand_o2,14,0.26,9,0.01
2026-09-07,0x51d577c8cbb8b3fb1ba0ce31c7923cc27a07f78b,data,hand_o2,51,0.26,6,0.005
2026-09-07,0x05e82e03753c7bc99fb24d10a876cce53f24b7b7,search,model,51,0.26,2,0.005
2026-09-07,0x6aa5b9143ea525824fefd7d157bc21005d07a638,data,model,2,0.26,2,0.132
2026-09-07,0x17e0e7156403beb6e73223d81bb78cba3d29e695,unclassed,none,2,0.26,2,0.1285
2026-09-07,0xa2e500e1ce6c7bb01b8dd447b1fa7a923ca6f4e2,unclassed,none,2,0.26,2,0.129
2026-09-07,0x2ff3cf8d6ffd3a357d33d52a2e36981c40bf8e90,unclassed,none,2,0.26,2,0.1275
2026-09-07,0x8647f7d7a1368a467ad1ff757fbc2e7167973558,data,hand_o2,26,0.25,7,0.0035
2026-09-07,0xb9f06d2734b7e9d7b21b64c4d8b95bd774b71acf,data,hand_o2,23,0.25,2,0.01
2026-09-07,0x1b24deac0951efcd6923f684b574fe9a4202cf1f,content,hand_o10,14,0.25,4,0.02
2026-09-07,0x0cd2c9724f185a029101b4aeacf3f114415c394f,data,model,17,0.25,4,0.01
2026-09-07,0x0928b96e482676440ea91f547a49aadbdc1a7eb9,compute,hand_o2+model,9,0.25,2,0.028
2026-09-07,0x26ba58f5cc36b928973aca2d506cb576aaf4009f,unclassed,none,12,0.24,5,0.02
2026-09-07,0xffc458db291b4abce020fe3de4f91f2770e537b1,data,hand_o2,197,0.24,16,0.001
2026-09-07,0x31edb4f019bce7741a416a5cb429b6b79edc5f3b,data,model,12,0.24,4,0.02
2026-09-07,0x549c82e6bfc54bdae9a2073744cbc2af5d1fc6d1,content,hand_o10,12,0.24,5,0.02
2026-09-07,0xc648116b5debe4af7d78838aa468d07e0a9ab697,data,hand_o2,18,0.24,6,0.005
2026-09-07,0x59ea036c64f0f54cdd14a3be8a1a6586b58da71c,data,hand_o2,12,0.24,8,0.02
2026-09-07,0xd5f951c86b0a4022c72c38ab5ba66a682a259420,data,model,7,0.23,3,0.05
2026-09-07,0x110cdbba7fe6434ec4ce3464cc523942ad6fb784,data,model,22,0.22,11,0.01
2026-09-07,0x548fc289526ab2f0391d562a723cda64bbf1abc4,data,hand_o2,11,0.22,7,0.003475
2026-09-07,0xf99b281010c5e6cbcf486d7ef108b315be7ce0e9,data,hand_o2,10,0.22,4,0.0165
2026-09-07,0x3a7292b88471691946d8d8856925e22246bed743,other,hand_o2+model,13,0.22,2,0.01
2026-09-07,0x28410eac7393dba041cd5a92eefe7a8e834310bb,data,hand_o2,7,0.22,4,0.02
2026-09-07,0xcf9223ece895258dea8d288aebcf846ab8e342fb,data,hand_o2,75,0.21,24,0.002
2026-09-07,0x21b077b26bfda6d2b8fdf0130977362d61e18912,data,model,5,0.21,3,0.02
2026-09-07,0xd94ce1924dedd6f3442380a4f075dc3796fb2875,data,model,22,0.21,7,0.01
2026-09-07,0x2880edfff13100677bf97a3cbdf3bc34771c4e5e,data,model,78,0.2,9,0.002
2026-09-07,0x841ef35b7b7ee4c820bff040369a8ade4741b45d,data,model,2,0.2,2,0.1
2026-09-07,0xec643c22e089be9a23a282c532e6557ae08b8902,unclassed,none,2,0.2,2,0.1
2026-09-07,0xa98e17d26e1b3a51a10c79c2f52f78914e7d50eb,data,model,4,0.2,3,0.05
2026-09-07,0x175562431dfcb38ab3a1762b7fc1fbc08a93bbbb,content,hand_o10,5,0.2,5,0.04
2026-09-07,0xf4b8037bf3709f37c5ffe224004d2e61833d084c,compute,model,2,0.2,2,0.1
2026-09-07,0x239de97929b20f27aa503b236d33420670bf5ad1,data,hand_o2,4,0.2,4,0.05
2026-09-07,0x8581784d3e598cca3482375cff2409ac9dd8c402,unclassed,none,46,0.19,3,0.0042465
2026-09-07,0x5d89060682fce50ecaa7600af6a5645bd2b107eb,other,model,192,0.19,3,0.001
2026-09-07,0xbc64b379295310b4e020f9186de44be0ca4fe3b0,data,hand_o2,45,0.19,7,0.005
2026-09-07,0x6e8b64638b24c6d625b045dd353120d850064e2e,compute,model,37,0.18,7,0.005
2026-09-07,0x9f8bd9875b3e0b632a24a3a7c73f7787175e73a2,other,hand_o2+model,117,0.18,14,0.001
2026-09-07,0x383190a4f26f075fc2c73f6738eabf4dc6f33442,data,model,25,0.18,11,0.005
2026-09-07,0xe9740820225b3918b4ddd1292c7ca4ca0e2c2f08,compute,hand_o2+model,16,0.18,6,0.01
2026-09-07,0x1d1b81247c407521e2a01f3e21514870dcf1620f,data,hand_o2,7,0.18,5,0.005
2026-09-07,0x6880220f5e654f170490ecfeeb4d75f02a44af9c,unclassed,none,2,0.18,2,0.09
2026-09-07,0x1332f535018126099f6cb63863d9d56e32f31741,unclassed,none,2,0.18,2,0.089
2026-09-07,0x85f5aad81f7590a03188b11af2e2ec38c894b3dc,unclassed,none,2,0.18,2,0.089
2026-09-07,0x46830a57ca3806ec71b981e063dc39ca2a3c6fb0,compute,hand_o2+model,4,0.18,4,0.05
2026-09-07,0xee1c101a65605a235f0c4f6c8b83a176369f899f,data,model,3,0.17,2,0.03
2026-09-07,0x7b53524d5c5d29efb8c1d128c56f62fe38cd9476,data,hand_o2,34,0.17,12,0.005
2026-09-07,0xffa9155a0e4b3d8d42351da226cc1feee449686f,search,model,51,0.17,7,0.002
2026-09-07,0x7beca68dd9ac733d4de6b16d16b85dc391c071e2,other,hand_o2+model,19,0.17,2,0.01
2026-09-07,0xc5d86acc69b2300f0ad0d0868500e8a2131c2274,unclassed,none,17,0.17,2,0.01
2026-09-07,0xa9a38639ed4aebc04092e21f3399c56545450713,data,hand_o2,9,0.17,5,0.002
2026-09-07,0xd94c7db0decd04039f7807d978e2ebfe020cd5d1,unclassed,none,2,0.17,2,0.085
2026-09-07,0xfeb03e665e9178f18ff785987caed92f2dd17a25,unclassed,none,2,0.17,2,0.0875
2026-09-07,0x67f02660c1df3b88c06f7f75f577a2112260cabc,unclassed,none,2,0.17,2,0.0835
2026-09-07,0x1831f336585a6c67b6a954d28f3e07f44c4eebbd,data,hand_o2,21,0.16,7,0.006
2026-09-07,0x3803a19280deefe533d177c4a169412bd341101b,unclassed,none,13,0.16,4,0.013
2026-09-07,0x82d4a33f0e6fde1e04d33f4baedf3753dcada4db,unclassed,none,2,0.16,2,0.08
2026-09-07,0x8ea1f0f3f30d0c79c1020b3df50d200124576568,unclassed,none,2,0.16,2,0.08
2026-09-07,0x9ac9d81cbcd03144d8824a933a0940039da32ecb,unclassed,none,2,0.16,2,0.08
2026-09-07,0x63347cd326a50696f76cfe4b8ce079d3c8ed3039,other,model,5,0.16,4,0.02
2026-09-07,0x48ad35617e5f8b70d8c693a0c9295ab7a16634ec,other,model,3,0.15,3,0.05
2026-09-07,0xa40dadc75b69bee8325e8089258235213293f8f4,content,hand_o10,8,0.15,2,0.01
2026-09-07,0x40e5a6647803c2dd686049dcdc5f9c34817d7a7f,data,model,18,0.15,5,0.01
2026-09-07,0x7f74ce6d34ee0180f0217a16ce05f3b91272570f,data,hand_o2,7,0.15,5,0.01
2026-09-07,0x308d11654eee1050b8700811ea6afc07aaafa81a,unclassed,none,3,0.15,3,0.05
2026-09-07,0xe90316121189715cdc2515b7c2673658b810b751,data,model,2,0.15,2,0.075
2026-09-07,0x17cd53c04d707ef0dd615ef56c633f02915a7905,other,model,8,0.15,5,0.001
2026-09-07,0xbe8caa02a72cd783c4b4b61db01aa386e2615893,data,model,2,0.15,2,0.075
2026-09-07,0x1937e2d648b8f07a03429ae35f28c4942a756c94,data,hand_o2,3,0.15,3,0.0495
2026-09-07,0x8a12157b27c22fb239e558dc3cb43c7d1a8c0881,unclassed,none,9,0.14,4,0.01
2026-09-07,0xe55359021a6a22d8385b827405991c56075f56f8,data,hand_o2,52,0.14,8,0.001
2026-09-07,0x13e060adcc6f4b731da8382b333027b8b2bff707,data,hand_o2,14,0.14,3,0.01
2026-09-07,0xe79e7fa7ce7259c46f9b127b837d2907bb036f95,other,model,12,0.14,8,0.01
2026-09-07,0xb85c83cc448edca8eb724f5d79b523faff9375a7,data,model,7,0.14,3,0.02
2026-09-07,0x76a51b5dd3729950b3b60c17f19252d221968fce,data,hand_o2,28,0.14,2,0.005
2026-09-07,0xdd5fcea81ca6f1eb39fed5b973de794293b81ba6,compute,hand_o2+model,28,0.14,9,0.001
2026-09-07,0x510d1c21788166b0a39f83796bf624e006849690,data,hand_o2,8,0.14,7,0.01
2026-09-07,0xdfc32f8cb9d893dfb9692143a4552b9ddd352e08,compute,model,7,0.14,6,0.02
2026-09-07,0x32e293a7fa946331b3ecd013cf0461bf32c99a9d,data,hand_o2,5,0.14,4,0.005
2026-09-07,0x9500075649a70411c81f99c4314f6cff55d12579,unclassed,none,5,0.13,4,0.01
2026-09-07,0x7cf45cd775bdf31a5a96fa0a5805df0b610d87ff,data,hand_o2,16,0.13,8,0.005
2026-09-07,0x25d408ef54e60f3006bd13d5a040d525e2f359c2,data,model,5,0.13,2,0.01
2026-09-07,0xffff4b8da8c165b556326453446f6940c8afe0db,data,hand_o2,8,0.13,6,0.004
2026-09-07,0xf0a30aba86e2e656669c8d964cd7a5fb1accb586,unclassed,none,3,0.13,2,0.022
2026-09-07,0x3da40a9ad36640a2c0f533bac368490095574664,data,model,121,0.12,53,0.001
2026-09-07,0xbaf55b24ca99bd7393b6e627093b13c6628b53cc,search,model,6,0.12,6,0.005
2026-09-07,0xf7fdeffc3abc97379418b0a687fdb54e1cbce163,search,model,88,0.12,5,0.001
2026-09-07,0xe8b25a72dd6aef69515452a61ad231c7df2843b7,other,model,12,0.12,6,0.01
2026-09-07,0x820d61a720963fab63ab6e0aef4d1779eb42f6bb,compute,hand_o2+model,16,0.12,8,0.01
2026-09-07,0x82096bf08d81c14c678e915a04fcf150958ee571,data,model,13,0.12,10,0.005
2026-09-07,0x4465825b0ac713aa2fa07ea29023020804a128ee,data,model,11,0.12,4,0.01
2026-09-07,0xbd61dfb01f81c91f02b0ccd51b0220e0c8918639,other,hand_o2+model,15,0.12,6,0.001
2026-09-07,0x85557c90027354eaeffe9ee4b4f4014818d8d3e1,compute,model,5,0.12,3,0.005
2026-09-07,0x1304ec1a8945365e43a5c18a734065f107b417ca,data,hand_o2,5,0.12,4,0.005
2026-09-07,0xa112c9c8bf655c678c768b6fd42a1c6fbfed7d60,unclassed,none,10,0.12,3,0.0103355
2026-09-07,0xf61f957d9ac432309219549b1ae79ae8b7c71ff5,data,hand_o2,3,0.12,2,0.05
2026-09-07,0x478bcdea94b9cb5ea14c33e6f0d7e920743d39f2,data,hand_o2,15,0.11,5,0.005
2026-09-07,0x515e7bce44baa5f6e42d16d4b5f27768e7f2f8cc,compute,model,3,0.11,3,0.05
2026-09-07,0xccd231829e24b42195b500028f8779b8f8b1131a,data,hand_o2,11,0.11,2,0.01
2026-09-07,0x66717045858d9f598e2ebd046bf42a0b1063c0fa,data,hand_o2,11,0.11,7,0.01
2026-09-07,0x2bd0aec63aa0fb17219fe7c7ea0f0b7d64b87625,unclassed,none,113,0.11,2,0.001
2026-09-07,0x276c5dca140291c9083513355b39f0dd8776eb01,unclassed,none,2,0.11,2,0.055
2026-09-07,0xbd356968846829e32983bb4abe2d0dd29f2c2f7b,data,model,2,0.11,2,0.055
2026-09-07,0x3a43fdf92b1596b22ddf719d5b528c537da4237d,data,hand_o2,17,0.1,3,0.005
2026-09-07,0xbeab7b87280b63bf90c3e8fa04d7285e3895cd07,other,model,8,0.1,5,0.001
2026-09-07,0x444731dac7c9cde478147f41e621a064fcbe70f2,data,model,10,0.1,6,0.01
2026-09-07,0x04b563909fdafeace9cba26f1848141bd140d741,other,hand_o2+model,31,0.1,2,0.005
2026-09-07,0x8e3c3e9c91cc0161b5e1cf138180ef3641d2371e,compute,model,55,0.1,4,0.002
2026-09-07,0x6d91adf2c545047cbbc5b37a5f457cce081b48d3,data,model,2,0.1,2,0.05
2026-09-07,0xf567cfe0fdb87a1d6ca330e3f30f0d3da0f7cb98,data,model,18,0.1,12,0.001
2026-09-07,0xbd5eb5559f5ac14475ac0c81b6735a4d9106ce28,other,hand_o2+model,24,0.1,3,0.002
2026-09-07,0x5bb4b0c766e0d5d791d9403fc275c22064709f68,data,model,77,0.1,18,0.001
2026-09-07,0x7194ec1f397bb6c02c82a2d8eb57d32443fc5164,data,model,10,0.1,2,0.01
2026-09-07,0xfb9819456bd9248a9d3c9e12f4cb7bbda5fc2578,other,model,3,0.1,3,0.05
2026-09-07,0x446e51deab3ae656c99e65369e8ef1148d23d7f7,data,hand_o2,21,0.1,10,0.005
2026-09-07,0x54ebfcf3870439b9db62381848c5dabc05c70d5b,data,hand_o2,10,0.1,5,0.01
2026-09-07,0xbecc987508adf6696a3254bed485cc2d9493c8ad,data,model,2,0.1,2,0.05
2026-09-07,0x1e84f1f4e83ddfc91f8d5298b0cf49da34d041a6,data,model,10,0.1,9,0.01
2026-09-07,0xe79aa9d55170f7e1ac420266ec93a6c28c436de8,data,model,10,0.1,6,0.01
2026-09-07,0x44b16952484b6dbea40ede12927ee03a5ea6cdd3,data,model,10,0.1,6,0.01
2026-09-07,0x11a5a9ee3fffd4d8cbb2b3c5e02acaa268486b67,data,model,5,0.1,5,0.02
2026-09-07,0x61195a8af1f72350d85790f6edfd5d11d1fa02db,data,hand_o2,7,0.1,4,0.005
2026-09-07,0x7f8043c400799643bcb62b41b84b297a8ecb7b9c,compute,hand_o2+model,10,0.1,7,0.01
2026-09-07,0xfb5625d44be488414606773244f0de35410b2f39,data,model,8,0.1,4,0.008398
2026-09-07,0x39e10e5f431b26cae3d7d0a39aef86055d015d8c,data,hand_o2,5,0.1,3,0.02
2026-09-07,0x83f15f5bea445109e255ab82622fbdfecd1e4c9f,data,model,71,0.09,3,0.001
2026-09-07,0xd6b585dd2f48263d08fb75ea28c1598d845d23a8,data,hand_o2,39,0.09,6,0.002
2026-09-07,0x33cc8de6e86761d217044a8a6b394ad23b579596,data,hand_o2,19,0.09,3,0.005
2026-09-07,0x6b2891b824206b0dc9884751fdbaf73e9cce651b,data,model,9,0.09,4,0.01
2026-09-07,0x3a4f2ea5e1a32a1af8716edf089b74a28a68ebda,data,hand_o2,5,0.09,2,0.01
2026-09-07,0x11efa031d56316bd63720d172f9d5c1448e9a21f,data,model,10,0.09,2,0.01
2026-09-07,0x3bf4f4914f78c3c2b2f2801f8ea717135b7d3bdf,content,hand_o10,9,0.09,8,0.01
2026-09-07,0x6ef84644cc2abcf66e806538016705fa77c1397b,unclassed,none,9,0.09,2,0.01
2026-09-07,0x5c6b3a3dae296d3cef50fef96afc73410959a6db,data,model,5,0.09,3,0.02
2026-09-07,0xef4364fe4487353df46eb7c811d4fac78b856c7f,other,model,4,0.08,2,0.01
2026-09-07,0x24facafeb49b4e3facf0b3e69604a2f4640c9bf2,data,hand_o2,36,0.08,13,0.001
2026-09-07,0x46ba634261566cf242c853d1f49511f9268ba674,data,hand_o2,28,0.08,6,0.001
2026-09-07,0xaab91727a29827783bc42135fc56bff5bfb8911d,data,model,4,0.08,3,0.02
2026-09-07,0x5d4ecba4458c49b6f92fd5384686f0caf0c3080b,data,model,5,0.08,3,0.01
2026-09-07,0x506c3995cb7b9bb6ea4d2f95e1e43461b74c9aff,data,model,8,0.08,5,0.01
2026-09-07,0x32793f68dc2ea26bbc75eb900da120069e8b6d02,data,hand_o2,16,0.08,8,0.005
2026-09-07,0x9863ab6242663fcc84c33632741711db78f8fd15,data,hand_o2,4,0.08,3,0.0115
2026-09-07,0xcd8975137d48ed9bfd1c299a62c01420b860070d,data,model,4,0.08,4,0.02
2026-09-07,0x3731f5c2c1835e3ace2ac157c4e31b1cea0cb0e0,compute,model,8,0.08,5,0.01
2026-09-07,0x8aa327403ed786ca56eb8f59c6c8831a8bd73485,content,hand_o10,8,0.08,5,0.01
2026-09-07,0x4df3ed41c0273fa5d8d37545a77dc9337474e427,unclassed,none,4,0.08,4,0.02
2026-09-07,0x9edc06e69fbf71b191510ca9446fe09caa95668d,search,model,4,0.08,2,0.02
2026-09-07,0xe72b85a97a6e19413d8b80633787eda6d6237a77,data,model,21,0.07,11,0.002
2026-09-07,0x0e525428d66c111672ce58b1bf649a6d167f36b1,unclassed,none,15,0.07,7,0.005
2026-09-07,0x850363a27f0ac6feb9c7a3ec4c1d295262df9432,data,hand_o2,12,0.07,6,0.005
2026-09-07,0x32d711c66dd1ad0c42d0cfe48e58ee5f2de7c243,data,model,6,0.07,5,0.005
2026-09-07,0x21e16f1bc3aa847236354c8193d0cb21cf412efa,content,hand_o10,10,0.07,7,0.005
2026-09-07,0x58bdad5e654691ac5ed4631758f3d8da00666b6c,data,hand_o2,19,0.07,10,0.003
2026-09-07,0xa55b06462a2e48661badf22f5841f95ae654b716,data,hand_o2,12,0.07,10,0.005
2026-09-07,0x1538726707212f4db3eb67cec0910422a310475c,data,model,29,0.07,8,0.002
2026-09-07,0x40b62aa49f4a929760fb2dd0fcb0642f0aa872eb,other,hand_o2+model,4,0.07,3,0.005
2026-09-07,0x7eebd75b116a553e02cbaca28cfbd47bc411e6b1,compute,model,5,0.07,2,0.01
2026-09-07,0x3a24cc8394358b1e1b61900a73e27b1ea8482e48,other,model,7,0.07,2,0.01
2026-09-07,0xe295b6641b32998537ae0f8e61babf729eaed6e5,other,hand_o2+model,5,0.07,4,0.01
2026-09-07,0x315708415764b7f2b783714ce82cf9c628e33fcf,data,hand_o2,11,0.07,6,0.001
2026-09-07,0x859af250df0b68bfd0768ca22142a1afa0abeaf4,content,hand_o10,7,0.07,5,0.01
2026-09-07,0x3f4cee4c6bad04fcca3138dffdee579ddf17049b,other,hand_o2+model,13,0.07,11,0.005
2026-09-07,0x15773309e68e7d6b561a86bfca8f1bfbf1807d90,data,model,6,0.07,2,0.005
2026-09-07,0xf1f15ab1b66377d6d60b8938a737122551be57f9,unclassed,none,4,0.07,3,0.02
2026-09-07,0x9d667bc76f166322df087b3b3927d4d83d44a5d0,data,hand_o2,5,0.07,4,0.015
2026-09-07,0x01b34d04b658990fd1f22cc4dddeaba10349b1c4,data,hand_o2,2,0.07,2,0.035
2026-09-07,0x374cfb844a5c702d637d72a5387fd9ef6b82108c,other,model,7,0.07,7,0.01
2026-09-07,0x5d17c40fd6b119dc6006c4ab3c20a917fcab2acd,compute,hand_o2+model,25,0.06,5,0.001848
2026-09-07,0x6d9f318463168ff637b50e5b9a21392e97c7c167,data,hand_o2,5,0.06,2,0.01
2026-09-07,0xb32e6b14b706bc64ec7a67285973c4556e97a8e6,data,hand_o2,19,0.06,2,0.003
2026-09-07,0x65e02cb7fee27630bb7d1a3add02ef7aa2d21701,other,hand_o2+model,10,0.06,6,0.005
2026-09-07,0x74500ee8519da3b6bf43642bc06be5874a9ecc99,data,model,5,0.06,3,0.01
2026-09-07,0xd441d9f4c59cb26253e2f0a7a62ac9ce7823b4b4,data,hand_o2,17,0.06,2,0.002
2026-09-07,0x9862ca83b72ab95521f457aff6e6efb03d8164c3,data,model,4,0.06,4,0.01
2026-09-07,0x338d8649efa45b940d6656030faa58d9d01e6983,data,model,6,0.06,3,0.001
2026-09-07,0x552cc4a10878c7f20574489d47184249657ca3f6,data,hand_o2,14,0.06,10,0.005
2026-09-07,0xd5f8481d8f25d3966d2010dbf9b47ffbdf745a9e,other,hand_o2+model,6,0.06,4,0.005
2026-09-07,0x93a1f57d2e0dbe4cc882b5dbaebe7f0f16443338,data,model,3,0.06,3,0.02
2026-09-07,0xf499102c8707c6501caadd2028c6df1c6c6e813b,unclassed,none,2,0.06,2,0.0275
2026-09-07,0x492ec81ecf395fbea2f19fece203ee14d0544b71,search,model,7,0.06,6,0.009
2026-09-07,0xd7fe185ddaa9664c9211ec1ccdac073ef79215bf,compute,model,6,0.06,5,0.01
2026-09-07,0x658dc531a7fe637f7ba31c3ddd4c9bf8a27c81e5,other,model,3,0.06,2,0.02
2026-09-07,0x479b69dfb8f7cce52da68f8276286840e8211ab9,data,model,46,0.05,3,0.001
2026-09-07,0xcd3273893d1c8df15a4d6bc411aa3d25a60fdc60,other,hand_o2+model,50,0.05,2,0.001
2026-09-07,0x0d4ee4e945601865e3a5bc5a188e4a9cf23c00d5,data,hand_o2,4,0.05,4,0.01
2026-09-07,0x38c9f689274e2fc3ae360744ef88ce212077a584,other,hand_o2+model,22,0.05,8,0.001
2026-09-07,0x23d931f95831cee50b5f5edf4d0e88270f6c8411,search,model,7,0.05,3,0.005
2026-09-07,0xc4f9f3b2cc0eac2542df9f1cb8f5c118e13a0045,data,model,5,0.05,4,0.01
2026-09-07,0x642e8a7c289381f24f0395e0539f0ba41c74cc1b,unclassed,none,2,0.05,2,0.025
2026-09-07,0x22c24daf579629a6d7418e09e9c71e6c8883f8e2,data,model,7,0.05,5,0.005
2026-09-07,0x5a557ddd13cee04dcb54625ff28a53e13e2ed548,data,hand_o2,4,0.05,2,0.012
2026-09-07,0x0ccd097f92475d3eaf88e3b73e38a4dd4cb08667,other,hand_o2+model,17,0.05,4,0.001
2026-09-07,0x962794fb8ad92941faf1ab446b9e30637b86f331,compute,model,18,0.05,3,0.001
2026-09-07,0x0fad15c9f4c38f439fd56c4d4e4bc8fc71c42767,data,model,6,0.05,3,0.003
2026-09-07,0xddb1fe4892599551c50cdaad8a2fc3ce17a4a9cc,other,model,2,0.05,2,0.0255
2026-09-07,0xd0712170d1134ac4baa941b19f390ea7ec04ac2d,unclassed,none,2,0.05,2,0.0255
2026-09-07,0x8904df3de6dfee6a7c8cc38619d2f17806213cee,search,model,7,0.04,5,0.005
2026-09-07,0x23f713411c30bbd9a989c9cbc22eb0b55f7f7334,other,model,18,0.04,4,0.002
2026-09-07,0x1e15e64e815473385b571deec7bce4f0cc262817,data,model,4,0.04,4,0.01
2026-09-07,0x63a20fa244d3e6a8902121e99704b7f857dc6ebb,data,model,4,0.04,3,0.01
2026-09-07,0x57210b95ecbfd6f2ee74d77830228b48d1878867,search,model,2,0.04,2,0.0205
2026-09-07,0x5deaebaf98034cc0d9abe3757a440b121c42ef0a,search,model,7,0.04,3,0.004
2026-09-07,0x75113dcf8ce34f0338440d40270e420f8c1762b8,other,model,12,0.04,9,0.003
2026-09-07,0x237371f8b372a02b58fb430eb564b7c5cb936f75,data,hand_o2,9,0.04,5,0.001
2026-09-07,0xda2f35d283c42dd60b965322394bc658a5c1769f,data,model,13,0.04,7,0.001
2026-09-07,0xbda48b29607b9dc66ef7e38b68ad53f2b17efb23,data,model,2,0.04,2,0.02
2026-09-07,0x9200c98c8188ef50302ed3b8b0ffd5d39832090c,compute,hand_o2+model,15,0.04,9,0.001
2026-09-07,0xf6705e3da2d2f98afd3944e4a6b0d6ca931e576a,data,model,4,0.04,4,0.01
2026-09-07,0x5bcda55247b238a573a968b234f788a2d35664dd,data,model,4,0.04,3,0.005
2026-09-07,0x53598173ce7c26025bab0520d9e9d0c28fbcf7de,other,hand_o2+model,7,0.04,6,0.005
2026-09-07,0x1cfc6489bc9703a2a49715b8a746d8c6075f3a80,search,model,6,0.04,3,0.005
2026-09-07,0x8f9ef7f8c4744bfaedaa5d315c21f9770c10f931,other,model,4,0.04,4,0.005
2026-09-07,0xe6814e0172c9f15f2ba2e09fe9d9f3751fa38b75,search,model,4,0.04,4,0.01
2026-09-07,0x6d6c398390cfb88f1cd42715b84906a0bd6652aa,data,model,7,0.04,5,0.005
2026-09-07,0x381cdbb664608bf7b1dd4f9403a572c1c57332c2,data,model,6,0.04,2,0.005
2026-09-07,0x0b6e3594df4faa6d66196d5a3271796ad8bb505d,compute,model,4,0.04,3,0.01
2026-09-07,0xbfcc51bfcc0ef326f0f78682ebe3327783ea3208,data,model,2,0.04,2,0.02
2026-09-07,0x8a897d546c22d726b45fa25f0ebb56207e63ff4e,data,model,4,0.04,3,0.01
2026-09-07,0x6a706d6fcf192c15fb592d7502258ed41425dd36,content,hand_o10,7,0.04,5,0.005
2026-09-07,0xc34cda76d8b9edd3be25c336ca1cf668522fdf0c,compute,model,2,0.04,2,0.02
2026-09-07,0xfde7913abe6e4a4e3e3134cf050df9030ae8ef48,data,model,4,0.04,4,0.01
2026-09-07,0xdb7b2b54f80479826222749a2ea73a8acc306e1e,other,model,5,0.04,2,0.01
2026-09-07,0x07149eff93b303ae0f81f3facd0151040a8047de,data,model,2,0.04,2,0.02
2026-09-07,0x2fecabdfc849c76fdc28ca13aa0ab392753ef35c,other,hand_o2+model,4,0.04,4,0.01
2026-09-07,0xf4a904d8326786d90157cf791c281302f11b2036,data,model,2,0.04,2,0.0175
2026-09-07,0xb86f95ef5fa904318ea9df3b59adce099b478fc4,compute,model,16,0.03,9,0.001
2026-09-07,0xd275612bf0bb35638432c4d95eaa8d5d22346ca6,compute,model,5,0.03,5,0.002
2026-09-07,0xc900f41481b4f7c612af9ce3b1d16a7a1b6bd96e,unclassed,none,29,0.03,2,0.001
2026-09-07,0xd433f056270912659f073d5ffe7ae247e39235a5,data,model,29,0.03,9,0.001
2026-09-07,0xb708af3bce13517357e498f8ffd277de93db9ef5,compute,hand_o10,6,0.03,6,0.005
2026-09-07,0xc1793b8aa0d25193117ef025f145994e1c02011f,data,model,10,0.03,7,0.002
2026-09-07,0x7b5592d2f8adbf58b4a69b374636ec918f21efab,compute,model,6,0.03,2,0.005
2026-09-07,0xcc69d619e6053f88a4845066518f465bd06fc96c,data,hand_o2,33,0.03,15,0.001
2026-09-07,0xa2ad8183209e5d2f7f0d8f995f5601a0bb5100c7,data,model,26,0.03,5,0.001
2026-09-07,0x5f5a631e975183d084f60d7121e967b30ec83cb8,other,model,33,0.03,3,0.001
2026-09-07,0xc210ea7d5692a6401adf25bbcb7acde9cdb7e9ff,compute,model,5,0.03,3,0.005
2026-09-07,0x589a2314a2e05f45e40c4823da3ba58d421db3d8,other,model,29,0.03,6,0.001
2026-09-07,0x41595e02275629126ad11551e39ee9ac8531ad3c,compute,model,6,0.03,3,0.005
2026-09-07,0x6382e6929a20b7eb02bdacfb5368362984b24c15,data,hand_o2,6,0.03,3,0.005
2026-09-07,0x309fd902b4b29905c8493c94a569673e1d6dc0d3,compute,model,7,0.03,6,0.001
2026-09-07,0x0eba5d314f4f5dcb7a094953fa9311a45172dd1b,other,model,20,0.03,7,0.002
2026-09-07,0xd9f3261c9fea20a99d0708815010280c549e8ebf,data,hand_o2,3,0.03,3,0.01
2026-09-07,0x5b078ab958921613b71bc2a849b092db83f07b46,other,model,7,0.03,5,0.001
2026-09-07,0xa3068cfae6217ae906958250072bdf51b7f910c3,compute,model,11,0.03,10,0.0025
2026-09-07,0x30a535132ea7573fd339b30fee8b677e0ec947e0,data,model,9,0.03,3,0.001
2026-09-07,0xaa4a75114b5bda671844ae10256d2b048df8fdc3,other,model,3,0.03,2,0.01
2026-09-07,0xc0ccf68a8e61a4d25eecfcacd486e673e900de0a,data,hand_o2,3,0.03,2,0.01
2026-09-07,0x93835cf2bd459e72b577ed944e33578d8529dacc,data,model,3,0.03,2,0.01
2026-09-07,0xd5ba9711a3d052846a3695c70e7fcb8b3168fe7d,data,hand_o2,7,0.03,2,0.003
2026-09-07,0x16b5fe729f2ca544b309844f75e8429ab45151ae,data,model,3,0.03,3,0.01
2026-09-07,0x45ac00db8bdd4b837abbbf75888cbdfe6b6d8943,other,hand_o10,3,0.03,3,0.01
2026-09-07,0xd70d01c73b0c5f3246f2b55cce5ff1b41842ab5e,other,model,15,0.03,12,0.002
2026-09-07,0xd22b6d51ff3bb145d55676243d5a7d4c66fd78d5,unclassed,none,3,0.03,3,0.01
2026-09-07,0x0db4c96d8b14f431f3bb8ce1a33f07d2c696a62c,data,hand_o2,10,0.03,7,0.002
2026-09-07,0xe1946c7a27afc4afc92690cc5c79b2771f85a0c1,unclassed,none,3,0.03,2,0.01
2026-09-07,0x17cf15d61026b4cdd26cff6042f8e7d2e0ca5e8d,other,model,3,0.03,3,0.01
2026-09-07,0xb3cc1566b213dc97f6aac5984e849df2f2391772,other,hand_o10,3,0.03,3,0.01
2026-09-07,0x6d02e3f7c68e7492cc5474ef8ce17dedfd11df89,search,model,3,0.03,2,0.01
2026-09-07,0x153aa87807d8f6deb65bd53b137cee7ad2daccdb,other,model,3,0.03,3,0.01
2026-09-07,0x8e57bfde053dbb6862991759c19affc5f383d5d0,search,model,6,0.03,5,0.002
2026-09-07,0x1c8b3c34dca2ba2a71598f1f9e0bc2a04a0bea36,compute,model,3,0.03,3,0.01
2026-09-07,0x5be6c12339eaf5eb18db8012f54955a2250bd3d9,unclassed,none,5,0.03,4,0.005
2026-09-07,0x18b9fd16aa724e8d214ecce525d16ceb3cfb3e87,data,model,6,0.03,4,0.005
2026-09-07,0x11f591c3496c0632e7b173184f5bc71dc941125d,data,model,3,0.03,3,0.01
2026-09-07,0x985348d7ac42e771bdaa469d4f7ab57a8a2b7323,compute,hand_o10,3,0.03,3,0.01
2026-09-07,0xcc73d69a4d04fa41afa3727c45140d51d71f615c,compute,model,2,0.03,2,0.0125
2026-09-07,0x079471e6f43b6feef80895e19cbfcbb496904852,compute,hand_o10,3,0.03,2,0.01
2026-09-07,0x5253666c40432f009ebd99908b9cd2a7fd1019cb,other,hand_o2+model,13,0.02,7,0.001
2026-09-07,0x6a4921474848d3fa168ee7fa87222547acc4712f,content,hand_o10,12,0.02,10,0.0013
2026-09-07,0x5770e66181984aa8510777790016b64aeda4f8b2,unclassed,none,10,0.02,2,0.002
2026-09-07,0xb5f08f2db7baa682f308baa02cf0edb35aca336a,content,hand_o10,19,0.02,17,0.001
2026-09-07,0xb91504d6f77d36923376c302ccc0237df0efaa35,other,model,7,0.02,7,0.003
2026-09-07,0x995c0abdcd2ad76548e5f7deb54d32549b2b781f,data,hand_o2,18,0.02,8,0.001
2026-09-07,0x701fd2fc3295ff2e98d986bd2032a966f54555f7,data,model,4,0.02,2,0.005
2026-09-07,0xc1ea63e3596599d186d80f07a8099047fa49a901,unclassed,none,17,0.02,2,0.001
2026-09-07,0x2f58f210fca0e3a486eacc29057a04576aee265e,data,model,2,0.02,2,0.01
2026-09-07,0x649006bc937e7a60f98e49455d0fe3425321a3b0,data,model,9,0.02,6,0.002
2026-09-07,0xf080a1aab08650946acda41410a7edc14f7be035,compute,model,9,0.02,4,0.002
2026-09-07,0x7437a817450ba32d22ebe8d2ac71611666999b8e,compute,model,2,0.02,2,0.01
2026-09-07,0x52c76f43aa871b407e242dcc396ccc54a8c70ade,data,model,6,0.02,2,0.0035
2026-09-07,0xbbba34e9e10130ce852aa9f1d651cd73c36206d4,compute,model,13,0.02,11,0.0017
2026-09-07,0x56a093255d6e0536109b5f255fc71bb74bfe5838,other,model,2,0.02,2,0.01
2026-09-07,0x255cdb4e42afefc7120b0388eb78f96d996d387b,other,model,12,0.02,11,0.002
2026-09-07,0xcaf124cacf6611a7476c64d08a829c39c1688943,data,model,4,0.02,4,0.005
2026-09-07,0x82b17d0bb4de9ae6c3491257b60e8245e70acd7b,data,hand_o2,19,0.02,10,0.001
2026-09-07,0x108bcd8a07c3fdfca3aa500784a8573123a1029f,data,hand_o2,8,0.02,5,0.002
2026-09-07,0xd7d49d6a12ee3852f29a52a40908069bf4e48914,other,model,17,0.02,14,0.001
2026-09-07,0x9d0bb5da24cade855dee8d1231a1c416e0bb2ffe,content,hand_o10,7,0.02,3,0.0025
2026-09-07,0x94aa52201cb118d7158f95cd8dcb7f02a38a02be,unclassed,none,3,0.02,3,0.0053
2026-09-07,0x88a4cdea106f18e919613a4eaed8efdb2183e9ea,other,model,20,0.02,17,0.001
2026-09-07,0x96368628b679a459fe69815bacca5cb0232ac397,unclassed,none,2,0.02,2,0.01
2026-09-07,0x9baa4417d1e78f2ed5b09aa4abfb541aeb2cd6ed,data,hand_o2,6,0.02,4,0.002
2026-09-07,0xd8ca10c55296bd8ca1dd409ea2f0fa72fb0c643f,data,model,2,0.02,2,0.01
2026-09-07,0x2af91df69bd04ccf82d6477adc046c815b7ae129,content,hand_o10,14,0.02,13,0.0015
2026-09-07,0x25a8b697da5c0baf698fd6bd9701b5e825214145,data,hand_o2,6,0.02,5,0.001
2026-09-07,0x6ea81be98bc360fb2291a3cd1b2d598c1cc1dd66,other,model,2,0.02,2,0.01
2026-09-07,0x899be41c39d88c97c264f91a95784707341047ec,search,model,6,0.02,2,0.0025
2026-09-07,0x77f3c9bcb898ad1d30e9a336e2cc3108d88d6c09,compute,model,2,0.02,2,0.01
2026-09-07,0x8b1cf12e7efe6aea59cd1124ebbe7709e3ac6085,other,model,2,0.02,2,0.01
2026-09-07,0xa82c8b6971a7379badb2fb96032d82af46eccc0a,compute,model,2,0.02,2,0.01
2026-09-07,0x23c920649f148bd253583f140f540797b312db35,data,model,8,0.02,8,0.002
2026-09-07,0x8d64a4834e262d96d1264e8900b5a4f1405b8982,search,hand_o10,4,0.02,4,0.005
2026-09-07,0xbe5cb96d1bd2b4d5d5c0a1f16266cc0ba2849d30,other,model,2,0.02,2,0.01
2026-09-07,0x318a4b4764eb37c3fcbce434713128143815fd57,data,model,2,0.02,2,0.01
2026-09-07,0x52d4901142e2b5680027da5eb47c86cb02a3ca81,data,model,3,0.02,3,0.01
2026-09-07,0xe22f691ed420143bfdab022a14e7d6873b33eef9,data,hand_o2,2,0.02,2,0.008
2026-09-07,0x5e4413f7ec69b67c07a60c4f1f75391370f79b13,data,model,2,0.02,2,0.01
2026-09-07,0xf9d1d63f362bbf1ee08ab9acb36fe74afc48d5f1,data,model,2,0.02,2,0.01
2026-09-07,0xb4848d1b4b7e31b75b9b30d717f89777dc65d68e,data,model,2,0.02,2,0.01
2026-09-07,0x16be07aec4d16e8ec9039d16e7049ee47834acd7,data,model,2,0.02,2,0.01
2026-09-07,0x4cf33ccb14b43d76b4f672c3fede297d1d763ace,compute,model,2,0.02,2,0.01
2026-09-07,0xc29185fa176357612f3194735753e520e91adc46,data,hand_o2,3,0.02,2,0.005
2026-09-07,0xb1f5aa2d750547a84fc53b8519de235d7bc29e29,data,model,2,0.02,2,0.01
2026-09-07,0x7904e8de283960f4176c44690f34af7da47dc75c,other,hand_o2+model,2,0.02,2,0.01
2026-09-07,0x4bafaae3442454bce41b51877017170d2d461ebe,unclassed,none,15,0.01,2,0.001
2026-09-07,0x74718dd5a04e0a0a2bfaf3bd06adb27032c67f7f,data,model,7,0.01,5,0.002
2026-09-07,0x9299ea851fcf213071a6dd94ffcd026834d61023,compute,model,6,0.01,5,0.001
2026-09-07,0x751c6acf5d1b704a1ad983a526207600968b4e41,data,model,10,0.01,8,0.001
2026-09-07,0xbd65c2d2ac9d3df9ce77e5e2579b5b38efee36f0,other,hand_o2+model,5,0.01,4,0.001
2026-09-07,0x6ede3258bce2ef32f9bb614c781818b4efd0e765,data,model,4,0.01,3,0.003
2026-09-07,0x6ca3b21d18e2b60291413c99dd6969c43d26c3d2,unclassed,none,12,0.01,2,0.001
2026-09-07,0x0300e73759b357ceee5a248d1801ecb8abf7a1d4,data,model,3,0.01,3,0.005
2026-09-07,0x1e21dba6eeb902343e4128a1957eafb8cdf36f39,content,hand_o10,9,0.01,7,0.0011
2026-09-07,0x5a78ace5dd133316c8aaf7e156fbfc57e1209cf9,data,model,10,0.01,9,0.001
2026-09-07,0x8b29dabd6fbb5a09dacbc7978eaed66a8540721d,other,model,8,0.01,6,0.001
2026-09-07,0x9d86e0e74333b297b1d0b6ba30d2ed1b5f01f296,data,model,10,0.01,5,0.001
2026-09-07,0xe73d86f185be79a33b0318d881b71f2a24371114,compute,hand_o2+model,8,0.01,3,0.001
2026-09-07,0x87fc8c5b2c5000d50d6808f3526eeec57e240211,compute,model,12,0.01,3,0.001
2026-09-07,0x519c79c7eb7566f7353a324472a5ce4f05330c81,data,model,3,0.01,3,0.005
2026-09-07,0x046a26665429a12448316a3029a2f2ccf8eecd12,unclassed,none,7,0.01,4,0.001
2026-09-07,0xca4556c3f1fab4af46a089d6346c86f0cac63a2d,data,hand_o2,6,0.01,3,0.001
2026-09-07,0xb3e9391f04f791462ed2a1ebafabe254d7afe3a5,data,hand_o2,13,0.01,7,0.001
2026-09-07,0xc55a2d530b53cbad1001e4afd4720b7e71f9c291,other,hand_o2+model,4,0.01,3,0.0015
2026-09-07,0xa3091005a76b1480f1897a9d0c2e1c55b7767674,other,hand_o2+model,5,0.01,3,0.001
2026-09-07,0x67ac1e671e87b2c91847230748ed38a596013ea6,data,hand_o2,6,0.01,3,0.002
2026-09-07,0x85df5380debe236ad6bf49de788243924b080267,data,hand_o10,5,0.01,2,0.003
2026-09-07,0xe8bc82d53e45e61e07d84536970d695265a51ce4,unclassed,none,3,0.01,3,0.002
2026-09-07,0xed7d30e8bc643503f9da261ed8e623bb6ecf6189,other,model,5,0.01,4,0.001
2026-09-07,0xa0bfa4f07281c9b248dc3aed2217836bca24869b,other,hand_o2+model,9,0.01,6,0.001
2026-09-07,0xe341add833f9d62082e97ea260baa6546cd09f73,data,hand_o2,13,0.01,7,0.001
2026-09-07,0x3b20d22540deb3cf1162b195cd15756adb5ceb5d,data,model,3,0.01,3,0.002
2026-09-07,0x5b34cac219963f0a52f1764cfe3cbcd49e222dc8,search,model,3,0.01,2,0.005
2026-09-07,0xb8c578e039aa2c44dd3dec48e6875ba5763cd67f,other,model,14,0.01,13,0.001
2026-09-07,0x6ee49a7872844397fb52870cc07b308ffadc9427,data,hand_o2,4,0.01,4,0.001
2026-09-07,0x7971a809c18c918cad50cf004c190cbb6e1bf668,compute,model,13,0.01,12,0.001
2026-09-07,0x58f42c60dfe9b662b9e573c13358e5d773790699,data,model,5,0.01,2,0.001
2026-09-07,0x421d31725e1e7990662600a780ebbb6c92f1cb09,data,model,2,0.01,2,0.005
2026-09-07,0xeb76f3442eaf192ebddbc1f7eebd59cde5e00d35,data,model,6,0.01,4,0.001
2026-09-07,0x3772e91c287b7be00a67cfb2a72cc5fb5958af06,other,model,3,0.01,3,0.002
2026-09-07,0x1350a77befebbcc05f8e3a13cc6d4ad781c59d34,content,hand_o10,13,0.01,10,0.001
2026-09-07,0xe8799c2deda78ecceb329d1e8fe9f110bf55e4f8,compute,hand_o2+model,2,0.01,2,0.005
2026-09-07,0x908b2cc89a2387f754ba3c80aedb06f3457436aa,data,hand_o2,2,0.01,2,0.005
2026-09-07,0xc863b1c6658971ca427e90665dccce90a41a2bc2,data,model,5,0.01,4,0.001
2026-09-07,0x435afac555fe115f18e657e49960063c12c6aed0,search,model,6,0.01,4,0.002
2026-09-07,0x59f45516ea4a2481ff45cf431d753d24b0ca6213,other,model,2,0.01,2,0.005
2026-09-07,0x015eb036560216b3051339061ff68a207e0fe88f,data,model,3,0.01,3,0.005
2026-09-07,0xd3fad775704a0ed209315a406c3d99ed589ee723,data,model,5,0.01,4,0.002
2026-09-07,0xc529edd6d47c60923902514c7c0b3993ae42c2ec,data,model,3,0.01,2,0.005
2026-09-07,0x2a47e248ee3b5f3e680b5f6b5832e5ef1206b7e3,other,model,6,0.01,3,0.001
2026-09-07,0xe2520f1497ee47645072a6214304807bc3340d58,data,model,7,0.01,3,0.001
2026-09-07,0xd32714cc95753d5cd50f56570e98c9d87e7c6dfe,data,model,3,0.01,2,0.0021
2026-09-07,0x9fd85fe177a8750a0e8a15b0741c56932f26f1ae,data,model,2,0.01,2,0.005
2026-09-07,0x9173fc7aca730ae34838f08dfe85d4a608f38c38,data,model,6,0.01,3,0.001
2026-09-07,0x788aa4a08da3025c5b5a68be80752ca244e73158,search,model,2,0.01,2,0.003
2026-09-07,0x75abce556c2450d58dad3779c57f5eb0885b9758,other,model,5,0.01,5,0.001
2026-09-07,0xeb12bb2f52eed33dba6a00774e48324032fd87c6,compute,hand_o2+model,6,0.01,4,0.001
2026-09-07,0x20beffad24499e9b3d45dd0971b1d6afb0ae925d,data,model,6,0.01,5,0.002
2026-09-07,0xf2a6416ebb0c594ab2977695bed061729ddeb47b,compute,model,3,0.01,3,0.002
2026-09-07,0x3268c9434d8603957420f04510ca0ff6097a5c64,data,model,3,0.01,3,0.002
2026-09-07,0xb0d0207bcd46c6a7009ca5c8294177d79adc0807,data,model,3,0.01,3,0.005
2026-09-07,0xb3e7993ed2fc2c79fff220620240f298bba9bf5b,other,model,4,0.01,4,0.001
2026-09-07,0xba667287b8ef89565f8fd7acd4d22ce98e0f39cd,compute,model,9,0.01,8,0.001
2026-09-07,0xefc3f6ba8a706af67162ebab84fc2d09fa73360e,data,model,8,0.01,6,0.001
2026-09-07,0xa7e1fe3744e3b6d55237d95ce575cafe3b8abecd,data,hand_o2,4,0.01,2,0.002
2026-09-07,0xbf0df63a4a47e5a72a976ece1d78aefeccc773a0,other,model,12,0.01,11,0.001
2026-09-07,0xb60a3181303953e6f909ba4d3b09282beefcdd6b,data,model,5,0.01,5,0.001
2026-09-07,0xe61e9aae81810f199a7d313c355688b28e0f41b9,data,model,2,0.01,2,0.005
2026-09-07,0x08849082224d3b503a5384a693cbf7bc7ce154cd,data,model,2,0.01,2,0.005
2026-09-07,0x464374fb066f08273740e99ad5c07b92d8ac665f,compute,hand_o2+model,3,0.01,2,0.005
2026-09-07,0xe16a1b12404cb2ebc6e783beca6e2a9253c3dc7e,data,model,2,0.01,2,0.005
2026-09-07,0xbecce6dd106cfa910f78fea188b2fcceb73bdd0f,data,model,3,0.01,3,0.002
2026-09-07,0x6bf820a4b8a1722bf83d6f84d05a2125e2f61d1a,unclassed,none,4,0.01,2,0.002
2026-09-07,0xa709b6534f392c5f4cfb986a329b734ecddc8c6f,data,model,3,0.01,3,0.002
2026-09-07,0xfbd46201267609ad3c66bd1b99b7f1cc80b1852f,data,model,2,0.01,2,0.003
2026-09-07,0x58e632fa698383820ffc22156352c9836790e2c0,other,model,2,0.01,2,0.005
2026-09-07,0xd85096faec1ac03075667b4c1a1661f5623bf111,data,model,4,0.0,2,0.001
2026-09-07,0xf43f7a7b8370d28ecb6606636dc61c0470c4ec91,data,model,2,0.0,2,0.001
2026-09-07,0x1394a802c94ab096abbd91ccc632843b03f46614,data,model,3,0.0,2,0.001
2026-09-07,0xd6fce15298fc9d60f867d9455d497177da9bfb0a,data,model,4,0.0,4,0.001
2026-09-07,0x3a0aee5c49e6d32a2b7a333dc3500ad6a7901eae,other,model,3,0.0,3,0.001
2026-09-07,0x55e6024b4eb9b9325537c7453f53fda5413b8417,data,model,3,0.0,3,0.001
2026-09-07,0xa18e34607479b706123ca5e1831f24d2ecece4c6,compute,model,2,0.0,2,0.001
2026-09-07,0x021028695eafdde60e139d87000a8bd6cb65645e,other,model,2,0.0,2,0.001
2026-09-07,0x7d6e22db7c2ee44859061061f99e55257a5ceac1,other,model,3,0.0,3,0.001
2026-09-07,0x402faccc3faeb72351cc2b68c7966faf5f22b0d4,data,hand_o2,2,0.0,2,0.001
2026-09-07,0xed181bcadb44681e44fa365521af1251625e57b7,other,model,2,0.0,2,0.001
2026-09-07,0x7849ed8a93815fe26a38b5368498b4fc6210be8a,data,model,3,0.0,3,0.001
2026-09-07,0x7677a0ec93c75b540dada06e9f1952c950ee2dbb,data,model,3,0.0,2,0.001
2026-09-07,0x1bb5dabe390cf04bf743175a1b57a55ce288ae7f,data,model,2,0.0,2,0.001
2026-09-07,0x0451cf4084b8e2fd8e3e14e2667f045127898cb4,unclassed,none,2,0.0,2,0.001
2026-09-07,0x10333d09dd1f5ebd8b8bd83f74a9d99c7b88129f,unclassed,none,4,0.0,2,0.001
2026-09-07,0x84a1827f1705c257e80771fdc2b152aea4a57a08,other,hand_o10,2,0.0,2,0.001
2026-09-07,0xb77bb730db97d8ced7d85b59dd702f83c65bd02c,unclassed,none,21,0.0,17,1e-06
2026-09-07,0xd07bb762a322029df4f4fb728af1c805591fc7d0,unclassed,none,14,0.0,12,1e-06
2026-09-07,0x6a82fe3f9471fdf7c8987b482737a44084dfe2cb,unclassed,none,30,0.0,22,1e-06
2026-09-07,0x59dc4e72ff68bd2fdcf904f7dea50ba34369c9dd,unclassed,none,16,0.0,13,1e-06
2026-09-07,0x5fd3e2915b3a726db50b6ff60f281f59a591ab3c,unclassed,none,30,0.0,25,1e-06
2026-09-07,0x1035e11e861aab9fa443491bfeeb0b3152c7a9f3,unclassed,none,25,0.0,21,1e-06
2026-09-07,0x8553670d4b9302a6c6499707e1ad742bd941f930,unclassed,none,12,0.0,11,1e-06
2026-09-07,0x7e5af504234a9a992009b4de3f5ca9c4fe0db5be,unclassed,none,15,0.0,15,1e-06
2026-09-07,0xc87a34ea2051c052c9e4ccb4bfc5d308560abc68,unclassed,none,27,0.0,24,1e-06
2026-09-07,0x3fc3bfe0e28824cdc964b8ba3ba97ac3c8d8ffb0,unclassed,none,29,0.0,24,1e-06
2026-09-07,0x892d8d9e7f3702ead715bceaba45141b59937239,other,model,3,0.0,2,0.001
2026-09-07,0x6f748ce56a7b39008dcf42f427a2cbf849ced320,other,model,4,0.0,3,0.001
2026-09-07,0x0bb172622db9f247a53c8e2d577aeabf0b81c8ec,unclassed,none,3,0.0,3,0.001
2026-09-07,0xa1ebb2a8a8ed5497cf09c861a1e135520a3b3396,other,hand_o2+model,2,0.0,2,0.001
2026-09-07,0x4261701a4ddf4625ebfa80ceefb5b3b2b5453b2e,other,model,3,0.0,3,0.001
2026-09-07,0x6b2683f66d35b91ed05a1646c0305b02260b6acb,compute,model,2,0.0,2,0.001
2026-09-07,0xb856b2c501a91d8dc13411dbaeafdcaca8d39901,data,model,2,0.0,2,0.001
2026-09-07,0x9cc774a8ed49d89cba1a288f4a050b8f7fba77ee,data,model,3,0.0,3,0.001
2026-09-07,0xa954852f41aabb6e8577eb661449531472aed775,other,hand_o10,2,0.0,2,0.001
2026-09-07,0xa0f9c380ad1e1be09046319fd907335b2b452b37,data,model,2,0.0,2,0.0024
2026-09-07,0x3623ea0856aff3a314a67157d7e5ed1ccec553b3,other,model,3,0.0,3,0.001
2026-09-07,0xde067f726c514b1e957de551aef6db92be9900d5,data,model,2,0.0,2,0.001
2026-09-07,0x15459498e1191d8787c83177809bd54022fa18c4,compute,hand_o2+model,2,0.0,2,0.001
2026-09-07,0x3fb1413adb2aadb1c84f34e762d9cacfd8b068c1,data,hand_o2,2,0.0,2,0.001
2026-09-14,0x68396bd35874695ad86cd29410bd80a550991a2b,compute,model,23715,19825.25,714,0.003
2026-09-14,0x47d3394c7234714e4b9e9b74827c12be847f9dda,unclassed,none,3872,8496.4,25,1.0
2026-09-14,0x93862e5b2b1fa10a01772e7e9ca7cdc7deb5ca25,large_ticket,unlisted_review,535,7580.62,130,18.0
2026-09-14,0xed9fcd0d36d1fc847b6489865261ccbbbf299902,large_ticket,unlisted_review,1057,2656.43,12,1.375
2026-09-14,0x7284d41b5b852f2bd4c99bdf95043d84452d299c,other,model,116144,2322.88,903,0.02
2026-09-14,0x85b47b40455ab2bd7921f76dce841b48c82d627c,unclassed,none,1138,1816.26,2,1.129878
2026-09-14,0x7353a2227e82170ec8b6036cd97b6f93e3235cfd,large_ticket,unlisted_review,5,500.0,4,100.0
2026-09-14,0xcc74a6404d54de40572e67dc4fa03c6280e68ae3,large_ticket,unlisted_review,4,442.89,4,84.915
2026-09-14,0x3291e96b3bff7ed56e3ca8364273c5b4654b2b37,other,model,25,311.11,17,0.001
2026-09-14,0xa0af9ed64c8fe5d00ce879badd40e94b47db2542,unclassed,none,366,304.16,205,0.5
2026-09-14,0x325bdf6f7efab24a2210c48c1b64cab2eae1d430,data,hand_o2,7754,287.49,121,0.01
2026-09-14,0x17cd53c04d707ef0dd615ef56c633f02915a7905,other,model,4827,241.2,56,0.05
2026-09-14,0x3c0820e2dabd5feae1fd03b78079dee15c7f83d8,unclassed,none,74,237.12,10,0.001
2026-09-14,0xe9030014f5dae217d0a152f02a043567b16c1abf,data,hand_o2,10933,216.97,119,0.003925
2026-09-14,0xa9dd7cc9cbf0e05551332209289f04be36bc2315,data,hand_o2,89192,198.26,42,0.002
2026-09-14,0x4aabe17c239ef71c3a26ba7c2b3e0aebbfc1df26,data,model,42,175.0,13,1.0
2026-09-14,0x8b1cf12e7efe6aea59cd1124ebbe7709e3ac6085,other,model,14,155.21,5,0.015
2026-09-14,0xcc1984e79726e7a0ae2b9df2ac9e79fb4983930e,other,model,1489,148.9,320,0.1
2026-09-14,0x158e90dd58fbe897ed8c244f472febee37283d00,other,model,13138,139.25,3,0.01
2026-09-14,0x5b9acf47eda712cdc7ec4b499646f6c236d880c7,large_ticket,unlisted_review,2,110.0,2,55.0
2026-09-14,0x41bb09043062a90598fcfe2e82a2b951f1971dee,large_ticket,unlisted_review,8,109.92,5,14.99
2026-09-14,0x26572ff23c6c52bfb1a69cb0c9114a8be443b422,compute,model,112,99.5,21,0.05
2026-09-14,0x7d2ceb7a0e0c39a3d0f7b5b491659fde4bb7bcfe,other,model,1282,80.1,73,0.05
2026-09-14,0x21dd37e3e4ea6ccc0a5c98a4944702ede6e7be10,large_ticket,unlisted_review,31,75.04,11,0.011414
2026-09-14,0x213c8d7434e2ae7aa1c392767c5120778d413215,compute,model,59,69.53,12,1.0
2026-09-14,0xcfa26f13c6c18307033ece13bbb8f470da5b4dbe,search,model,1113,66.78,26,0.06
2026-09-14,0x2670b922ef37c7df47158725c0cc407b5382293f,unclassed,none,141,63.66,8,0.01
2026-09-14,0x4f180b7752993b785be84ebbb15ce99c97a926a1,unclassed,none,577,59.67,5,0.11027
2026-09-14,0x66d7c2f952362bfb24fd7f02a9bec9c754ea83bc,data,hand_o2,911,57.63,9,0.054
2026-09-14,0xb0ae6a9bd7a573ddda58db6c28622417e8ca2099,search,hand_o10,115,57.25,7,0.03
2026-09-14,0x788b4ca11950879550353d8ae82d1c0af6018454,other,model,35,49.05,5,1.0
2026-09-14,0xdd350976b8cffc65938c0464d39a2c78be079bd0,other,hand_o2+model,77,45.1,8,0.006
2026-09-14,0x942bd3e3073543c674efc0c378d5bce20f9120c1,data,hand_o2,209,43.6,10,0.2
2026-09-14,0xe740d5701749d262da5e4fcb9f814c5b6d91cf46,data,hand_o2,239,41.71,10,0.05
2026-09-14,0xa13d363aecccf878ec64f6eb687eb4a771fb0599,data,hand_o2,2054,41.03,6,0.02
2026-09-14,0xd36890d237bce44fc8d328ae3a727600ed8388be,unclassed,none,4,40.36,2,0.12
2026-09-14,0x8a99fef40d17e0bd6d48ce088cc207847d1c0596,other,hand_o10,13,35.03,9,5.0
2026-09-14,0x07f067959297767c887dbfa3c72379c66e82a045,compute,hand_o10,157,33.96,27,0.16
2026-09-14,0x40a8cdd6a10ec1a8cb3dfb2834675e7a2cf4ad8b,other,model,4391,32.43,77,0.01
2026-09-14,0x52e29e0d2aa49bfbfc548c0a9f2196f4aa51f3ea,data,hand_o2,5001,32.31,598,0.005
2026-09-14,0x5aae638ccd22a4117c0441331e8e86ca979d482e,unclassed,none,30335,30.34,139,0.001
2026-09-14,0x15cfebf860bc2195128ccdc77b15c4cf11102b76,unclassed,none,3,30.3,3,10.1
2026-09-14,0x7c3654e54264f3aa870eb4ae2922a30c377fd666,unclassed,none,2,30.2,2,15.1
2026-09-14,0x07c45530de4dc854dc3cf89a6a902c5fe8087fcc,unclassed,none,5,30.1,4,9.0
2026-09-14,0x159be9e316bc5fac8ce05aec4eaae46e8f8a4908,other,model,274,27.4,274,0.1
2026-09-14,0x3e0a7c9a79f0646fc4e72d52b5ee8877f5aa78e7,unclassed,none,5460,23.3,1015,0.0042685
2026-09-14,0xaeeb8eabdc05532a26123045f99d208eb1cc00ab,data,model,105,23.09,5,0.075
2026-09-14,0x7662e00f8ab4c362166e1ff649ff6c2a638c80ad,compute,model,30,20.72,4,0.59209
2026-09-14,0xabf4fabd7c416fb67202e5f9002389fc75e2a9d0,data,hand_o2,1372,20.69,78,0.002
2026-09-14,0x79e999e2f9d5417f2803f1d88602ab1ea4323881,other,hand_o2+model,30,20.43,9,0.0075
2026-09-14,0x934328c7b043f9a90c043a0c5607e40ea14b7872,unclassed,none,2,20.0,2,10.0
2026-09-14,0xab6731a0bcdf511c2842c768a03448075ab654ca,other,hand_o2+model,98,19.32,14,0.005
2026-09-14,0x93053f1e7a5efeda532fe69cbbe43cbec3a0f13f,data,hand_o2,912,19.05,48,0.01
2026-09-14,0xe4b6e29305b5eef77aa296dc87d8683e9750ed8f,data,model,22,18.65,3,0.95
2026-09-14,0xdc59fa7b64988b846e76ec9849bb68f889071506,data,hand_o2,1544,18.25,16,0.0056
2026-09-14,0x9b3380770de0c0c5fa93174e4c6a2a5a55da7bab,unclassed,none,10,18.0,2,1.0
2026-09-14,0x9aaceabad8e1858b72fcea1665381b168841b2fa,data,model,378,17.46,6,0.05
2026-09-14,0xbcbd4963a5b088996f5e26cf0fef38425a00820c,unclassed,none,10,17.31,2,0.43
2026-09-14,0x4466d4a84b7c49a6a094ec6eef4a0712d6dd125e,data,hand_o2,724,16.58,32,0.008
2026-09-14,0xade02dff58b0316f04cd59806e3fdb4690fe89ab,data,hand_o2,156,16.19,18,0.04
2026-09-14,0x96c36b8be3dc9020b72e30bbce439788b61dac2b,unclassed,none,2,15.0,2,7.5
2026-09-14,0x1f81da453901d15296c1710af83e0bc0371d39f1,data,hand_o2,287,14.11,11,0.05
2026-09-14,0x52ab53912d37759b2ad364f22dd06b16714b6c06,data,model,184,13.52,9,0.05
2026-09-14,0xc7d2dd296379aa701ef67ce2a1c3398865a74fe7,unclassed,none,16,13.22,4,0.75
2026-09-14,0x155b0f980ba3125e9d1bf98a29586d1d70117629,unclassed,none,13,13.0,2,1.0
2026-09-14,0x07317e7713aa8ee93913214a4a74f334ff7db048,unclassed,none,13,12.58,7,0.01
2026-09-14,0xd219db8179bb9c1899ef87f39eeba9d1070c6801,unclassed,none,23,12.42,6,0.54
2026-09-14,0x26c2ebffb2b332e5c188b1e33d4c7fa1a0ce0937,unclassed,none,15,12.12,5,0.67
2026-09-14,0x5ca3647cedc9c22bc1541467277669dfdeca2932,large_ticket,unlisted_review,2,12.0,2,6.0
2026-09-14,0xe2a8b8c61e38a25f6567d25fb4e78957e86c594c,unclassed,none,12,12.0,12,1.0
2026-09-14,0x6d7a2d65b26a87134c0571fb1baaa248eb0a291b,data,model,119,11.85,5,0.1
2026-09-14,0x8aab9a6d28e9aba2a15a613c90f24f352f0cce15,data,model,1156,11.66,6,0.01
2026-09-14,0x7c655d3d3944bd27994dd81a036c3afb19806c40,data,model,285,11.15,42,0.01
2026-09-14,0x2211e12e6bc8da27b48b9dd66a55f5c3388d713a,other,model,13,10.11,2,0.05
2026-09-14,0xce668a6eed09dc1b53d6b231c4875456668c1775,unclassed,none,10,10.0,9,1.0
2026-09-14,0xa733875f2f7e8a2817040b5c60b63ae07d58a1d6,data,hand_o2,17,9.83,4,0.01
2026-09-14,0xcc985ba6934d134feec4824ba40258608f3a4333,compute,model,19,9.5,7,0.5
2026-09-14,0xd494a454888a390b2b05df74ae2b5fd9c9902b71,compute,model,128,9.2,6,0.003
2026-09-14,0xd593832ce9c2b13b192ba50b55dd9af44e96700d,data,hand_o2,187,9.14,8,0.05
2026-09-14,0x4782a026ba303fdbde85f5fede8ba0ef2b0061fa,unclassed,none,2,8.87,2,4.435
2026-09-14,0x44dc2dceaa22c7ef6b2e2cf2362fd3fb476b7c2c,compute,model,325,8.79,5,0.02
2026-09-14,0x51d577c8cbb8b3fb1ba0ce31c7923cc27a07f78b,data,hand_o2,1472,8.77,12,0.006
2026-09-14,0xbd62f8dcb52e21ca5bdf20ba173488da101ebcf0,other,model,13,7.9,2,0.94
2026-09-14,0x2b6d4988db4723e6908db86ab2b8dfbc51fc32c5,other,hand_o2+model,264,7.82,33,0.0045
2026-09-14,0xdadc335482ad545296fd7b28518a251ffcbeb9df,data,hand_o2,123,6.27,18,0.01
2026-09-14,0x0e84ddedaae6a779c462c22a59f301ec31b6b808,data,hand_o2,715,6.19,122,0.005
2026-09-14,0xac0bba6e3241a398b1911528a3e19f87aee12f6e,compute,model,16,6.15,4,0.01
2026-09-14,0x463c5fc6bca701970e38d5e8d4cc480a291860db,compute,model,69,6.07,3,0.05
2026-09-14,0x10ff767043a1723e0bb5b9207bc37d3442cc9e4f,compute,hand_o10,3,5.99,3,0.5
2026-09-14,0x7f520c845d5dc5e51a27699a1f098dc13aa789b7,other,hand_o2+model,66,5.66,2,0.05
2026-09-14,0x3070fbb3803819fb5bdfe9286fdc6325a877fa85,data,hand_o2,160,5.53,11,0.02
2026-09-14,0x4f4beb658084d7bd7ea0b6f74dbf6e99f93d422d,data,model,589,5.5,589,0.0015
2026-09-14,0xb3b9f252dd3c9d72569c1cee35360f87ebc156d1,unclassed,none,2,5.41,2,2.7045
2026-09-14,0xd5ba9711a3d052846a3695c70e7fcb8b3168fe7d,data,hand_o2,100,5.18,3,0.03
2026-09-14,0xc0ce6bfb16bb6b6e10a9d806e509d8d20996380f,search,hand_o2+model,5,5.0,2,1.0
2026-09-14,0x480cd46e6fade651a0437deadda53d5c8e7d846a,other,model,77,4.82,11,0.002
2026-09-14,0xb3dba4b9de3b4df9540da11888fa7cf849eeb654,unclassed,none,4,4.82,3,1.421
2026-09-14,0xd4bf214e1c1f7ec0e798eea554d1a1157158ff2b,unclassed,none,24,4.8,15,0.2
2026-09-14,0xd5f951c86b0a4022c72c38ab5ba66a682a259420,data,model,130,4.79,5,0.025
2026-09-14,0x973a31858f4d2125f48c880542da11a2796f12d6,data,hand_o2,98,4.74,10,0.02
2026-09-14,0xbf22b6ddb5a08c823856a779f1004eea60c5ab92,content,hand_o10,5,4.7,3,1.0
2026-09-14,0x9dba414637c611a16bea6f0796bfcbcbdc410df8,data,hand_o2,693,4.68,32,0.006
2026-09-14,0xcf19bafccbf27369ceea7ff0f60c891dec1a0830,unclassed,none,7,4.57,2,0.59
2026-09-14,0x90e8c7956a9e42f3154fd01a5a6d5722add10d6d,unclassed,none,33,4.51,31,0.1
2026-09-14,0xcbdbff72469523a4e44adda585c5fd8b58240100,unclassed,none,12,4.41,10,0.45
2026-09-14,0xfa45c1c9e6e21bfc7fc6ca21efefae60627ce3d7,unclassed,none,32,4.4,31,0.1
2026-09-14,0x400d65bb174c546ed92f5d61ce21fbde96b8bacc,compute,hand_o10,36,4.25,3,0.05
2026-09-14,0x8c128f1ee62bb5e47867cfbae2ad89be325df1b2,data,model,209,4.07,17,0.02
2026-09-14,0x77065d81e18ad403bcd6e9a0616b288e16744121,other,hand_o2+model,28,4.04,2,0.0075
2026-09-14,0x8a598a28a435fe44d31854251b1c88d0781ea822,other,model,12,4.02,7,0.001
2026-09-14,0x6d6e695b09861467c7d462f5aaf31cf3540b9192,search,model,641,3.89,48,0.007
2026-09-14,0x0550779cfbc832657a8bb46bac9f359a5ad038b8,data,hand_o2,147,3.57,8,0.025
2026-09-14,0xc711ed3d5a1de3cf4a13a080f40cc7b2e673a69e,unclassed,none,3,3.43,2,1.0
2026-09-14,0x6f847a09e9ebd73e3fc3aae33c49985e20a945f4,unclassed,none,15,3.42,15,0.28
2026-09-14,0x6c0752c09e7f6fa6526fcdf40e456a159ebb5621,compute,hand_o2+model,110,3.4,16,0.006
2026-09-14,0x2ec4545f96a24876764bf2b04d54e66a1351be71,data,hand_o2,322,3.33,14,0.01
2026-09-14,0xb1ef5415e9d3695e16977b8be422ab7512f788c0,data,hand_o2,88,3.27,8,0.02
2026-09-14,0x12cd84b102bfc1f2a4d6257c5bf14aca9acd6a4b,unclassed,none,5,3.26,2,0.64
2026-09-14,0xc9b70d8d342609437bc87ec3c877911a306d3e6a,data,hand_o2,47,3.2,7,0.05
2026-09-14,0x75ddd3c42eace13c59ea0cd1141b886a1c70d2a5,data,hand_o2,20,3.2,4,0.1
2026-09-14,0xc751344ee09b5159160173f77d4a1169bcd386a1,data,hand_o2,1203,3.11,21,0.001
2026-09-14,0xc3b66d340390d5dd2ec8294168f185e811b6c06b,data,hand_o2,111,3.03,11,0.005
2026-09-14,0x6cab485fc28ec70d3845113b704d4824e4d2b24f,compute,hand_o2+model,3,3.0,2,1.0
2026-09-14,0x3a4b987e9cac2bda1f076a5694a4f56c73f4fdf2,unclassed,none,3,3.0,3,1.0
2026-09-14,0x0c926035c8c3b8c2237b9d4efe30c54a6b709c4e,other,model,3,3.0,2,1.0
2026-09-14,0x06dff3c8380b5d1799874ada903fc3422882fd6f,other,model,188,2.98,24,0.02
2026-09-14,0x4c1a4fce51fea51f128a01cce8becb106d391155,compute,model,10,2.95,4,0.25
2026-09-14,0x36038e1d712c5e39f35952164ec58ec2b96caee7,data,hand_o2,105,2.94,13,0.02
2026-09-14,0x7405d448d8dbc2fb019bc392e9aef90d80a06190,unclassed,none,2,2.94,2,1.47
2026-09-14,0xcb9b3f94387389e38ef2a7b3c0b851fb8325d7e9,data,hand_o2,145,2.83,12,0.02
2026-09-14,0x2c871c2b8876dc35e9e19646fda5abf1cd27735f,compute,hand_o2+model,226,2.82,9,0.0040005
2026-09-14,0x5e00c23a3cb51746fa0cf3e2ccfb0757fe2c0b5c,compute,model,4,2.72,2,0.858
2026-09-14,0x8cf48d837b6a8fcf2c3ba495d1aaa2f0da49fd18,unclassed,none,28,2.66,28,0.097
2026-09-14,0x4df66b6c140778fe0717880a7c6dde5ea53acdea,data,hand_o2,66,2.6,11,0.03
2026-09-14,0x14abff7c9daf346aa0b1e1b74f1b63fdb00da8bf,unclassed,none,2,2.5,2,1.25
2026-09-14,0x13e060adcc6f4b731da8382b333027b8b2bff707,data,hand_o2,248,2.48,7,0.01
2026-09-14,0xe8e26183736d796d401df30810207465fa708959,data,hand_o2,13,2.42,4,0.05
2026-09-14,0x50ab2018c06c6e4eaa9ba52057eb55ed284912fc,other,hand_o2+model,42,2.38,17,0.02
2026-09-14,0xef233bc538ac6fda70b4be48f988b07e6387a6ca,unclassed,none,4,2.35,4,0.588
2026-09-14,0xb3f4de103f34b99f0da19b4f16d6b53a14c2194a,data,hand_o2,206,2.32,14,0.0045
2026-09-14,0xdb5aa553feeb2c3e3d03e8360b36fb0f7e480671,unclassed,none,68,2.3,11,0.02
2026-09-14,0x72ab877086d05afe87d9a007eaab6f2a6c84a2db,unclassed,none,3,2.3,2,0.2
2026-09-14,0x83967a938f6869b31a227442b5207a7601d86c93,unclassed,none,4,2.28,4,0.57
2026-09-14,0x43b85ae58f0a2505c710bc715d6f3eb16b1f63de,data,hand_o2,25,2.2,7,0.05
2026-09-14,0xc962e5bd4a07569fd6296fc57371721197207810,unclassed,none,4,2.2,2,0.5
2026-09-14,0x7360d007c5b96c1a0be4d3faf7f4bc3f8d1fb832,unclassed,none,73,2.09,3,0.019317
2026-09-14,0xf22e558a00d91ee12a1f50c52186fecb8ddff493,data,hand_o2,216,2.07,20,0.003
2026-09-14,0x2d92ff79cb5a8fb90bde021f8f0f7bf1ad7483d0,unclassed,none,2,2.06,2,1.029
2026-09-14,0xe8dc41f9e675ba8340140c99180cfaee65d4d160,compute,model,2,2.06,2,1.03
2026-09-14,0x525f6ddce9af7a7179d7696aabfcd5fcd15a21e6,data,hand_o2,201,2.01,10,0.01
2026-09-14,0xe08ecd638c723c7bb37d19ea04690199c5c9a27e,unclassed,none,2,2.0,2,1.0
2026-09-14,0x464374fb066f08273740e99ad5c07b92d8ac665f,compute,hand_o2+model,24,1.99,2,0.05
2026-09-14,0x7941582afbf097cbcba3fee8b7cac1a8bc329139,unclassed,none,4,1.98,2,0.41
2026-09-14,0xbfd71ea27ffc99747da2873372f84346d9a8b7ed,unclassed,none,333,1.86,12,0.005
2026-09-14,0x1f3180c03b50e41644b0682b8752195824844326,unclassed,none,3,1.8,2,0.794
2026-09-14,0x77761c2ae9545dfcd117afd9029ff141215c2e34,search,model,146,1.79,3,0.005
2026-09-14,0xf1453b5498760508765c29f090492ac1714bced1,unclassed,none,21,1.73,21,0.05
2026-09-14,0x058d0cc5cc97e61e8a9f38d6d6365bce525921b2,search,model,342,1.72,14,0.003
2026-09-14,0x9863ab6242663fcc84c33632741711db78f8fd15,data,hand_o2,7,1.7,6,0.05
2026-09-14,0xb15a55e85fdf5edc41b6c1eaf7813e2c6e6def59,other,model,169,1.69,11,0.01
2026-09-14,0x5f7254f252ef9b9f92b6b4f2cf91205ed7a96c7a,compute,model,107,1.69,4,0.01
2026-09-14,0x4395c7e383b7e05665aad7f36ed77c01923dd965,data,hand_o2,155,1.65,7,0.015
2026-09-14,0x29322ea7ecb34aa6164cb2ddeb9ce650902e4f60,data,hand_o2,189,1.65,114,0.005
2026-09-14,0x76a672eee56d29d475b0715cc03b8c99d70ec8a2,data,hand_o2,89,1.62,4,0.02
2026-09-14,0x54ebfcf3870439b9db62381848c5dabc05c70d5b,data,hand_o2,73,1.61,8,0.02
2026-09-14,0x3dd499559cf3f15d2e84a24add21aee49bbad886,unclassed,none,5,1.61,2,0.24
2026-09-14,0x96ac2cc7c4b3d3b0ceaa833ee2c67aca209bceb3,unclassed,none,8,1.61,8,0.2035
2026-09-14,0xbb4a70f0c91eb52ec94e0b6ae303fb8d7a6935b4,unclassed,none,4,1.59,2,0.2455
2026-09-14,0xd22b6d51ff3bb145d55676243d5a7d4c66fd78d5,unclassed,none,81,1.57,4,0.01
2026-09-14,0xce48d4c2914c9e22a920883622cc04b1f6a5856c,search,model,7,1.56,5,0.05
2026-09-14,0x8145671ca13d8b97b22238fb903d14e36e720428,content,hand_o10,2,1.5,2,0.75
2026-09-14,0xd33906178569f35eff2e1665a14b06b455ff531f,compute,model,18,1.5,3,0.1
2026-09-14,0xa7287aec98281bdc40dd87a00854fa54218c1aa4,unclassed,none,2,1.48,2,0.74
2026-09-14,0x5e709929a4ab69ec3a8811d03417869059bc4eb9,other,hand_o2+model,20,1.47,4,0.02
2026-09-14,0x49245ae5cfbf5b751f83ba66e8502b33551fa9c4,unclassed,none,9,1.46,7,0.116
2026-09-14,0x02c2fcafce36b4aadb39625866bc6b1699d83043,data,model,101,1.43,11,0.014
2026-09-14,0x22c24daf579629a6d7418e09e9c71e6c8883f8e2,data,model,46,1.42,5,0.02
2026-09-14,0x69ce342d0eef8d5ee0f019802b1af96a936ec38d,unclassed,none,4,1.38,3,0.34
2026-09-14,0xe4f6aa652464f2472f3ab8e7122384126e23fb7d,unclassed,none,2,1.37,2,0.686
2026-09-14,0xe2d9819e627048c878d810c7899160e1597e2c73,unclassed,none,2,1.37,2,0.686
2026-09-14,0x8c69b13769ca7033145cedbf463a7fe1368537d1,data,model,13,1.3,4,0.1
2026-09-14,0xb3bd3d5ec7aaffc883fae16b02d29366af4dacb4,unclassed,none,4,1.29,3,0.33
2026-09-14,0xab62452b4b019bc4402bffcca6c706d16d72a7bf,compute,hand_o2+model,78,1.26,6,0.01
2026-09-14,0xc91ce6291edc0713ec753bafba002506ffb2b95c,other,hand_o2+model,13,1.21,10,0.001
2026-09-14,0x485ffc037f02dddc154a454a9ca89c4b1b29e25b,other,model,6,1.2,2,0.1
2026-09-14,0x97ef1cc202cbea15c46693ac53178aa90c7566fc,unclassed,none,4,1.18,2,0.295
2026-09-14,0x3803a19280deefe533d177c4a169412bd341101b,unclassed,none,86,1.17,12,0.001
2026-09-14,0xf752eeb75d3bea24aa867ad93bfd8ef5a2f431b9,search,model,114,1.16,14,0.01
2026-09-14,0x24d231d18e12b657002ac544de31952760ec4979,unclassed,none,6,1.16,3,0.1815
2026-09-14,0x718ef566e55875e34bcae8bb5674f3bc25094e21,unclassed,none,4,1.15,2,0.285
2026-09-14,0x8aa6a85a2723e2816204f3cf48d76b84bafdaab4,data,hand_o2,20,1.14,3,0.0125
2026-09-14,0xb836a641dae76424861f7f1fcb37c1295e44e329,data,model,225,1.13,5,0.005
2026-09-14,0xe82ebef57fa5af958b8ecb6843d4327d314f59e3,data,hand_o2,279,1.12,14,0.005
2026-09-14,0xf444abc53f5e1e73caec7df64d147ddb119514a0,data,hand_o2,83,1.11,10,0.01
2026-09-14,0x3873d15cf3209c32aaa8d9aa542164e658567129,data,hand_o10,10,1.11,7,0.001
2026-09-14,0x3c5cbe28eca3b96023c45d3f877da834f1c7d5fa,data,model,51,1.1,9,0.033
2026-09-14,0xd25deb14ec2e40f1dd07f67411967a1b7e0cae02,unclassed,none,11,1.1,2,0.1
2026-09-14,0xa2d72abf2c5e939fddca4156b74de482e03ca3ec,other,hand_o2+model,3,1.1,2,0.5
2026-09-14,0x54d6c2c08e10f1a1d3da88df513bbe9bcf1a4afa,search,model,29,1.07,6,0.05
2026-09-14,0xe90316121189715cdc2515b7c2673658b810b751,data,model,17,1.01,2,0.055
2026-09-14,0x7f33b3c113915a0f2981070553ba9538c0f90171,data,hand_o2,10,1.0,2,0.1
2026-09-14,0xcb79b3c5a7dadcd7c30e3be252c0ca44a06c6f78,compute,model,10,1.0,3,0.1
2026-09-14,0x7bcd1f84a601f941e883892992a73ce87d7ca2d9,unclassed,none,50,1.0,2,0.02
2026-09-14,0x73ace32013985f715b5e00e5a341259cce17d220,data,model,8,1.0,3,0.05
2026-09-14,0x5d5e0cf1cd611ff6f08e9c5a11cd068ab9b63085,unclassed,none,10,1.0,4,0.1
2026-09-14,0x28410eac7393dba041cd5a92eefe7a8e834310bb,data,hand_o2,27,0.97,3,0.04
2026-09-14,0x9bbbb98e11e7be968bf4a02701c6e29fffd51d6b,compute,hand_o2+model,20,0.97,4,0.05
2026-09-14,0xa8774facfd3da2ea11f240c977b9973d78adfcfe,data,hand_o2,18,0.97,3,0.02
2026-09-14,0x936275d2fc5b1182554455e54576c5a33603ef65,unclassed,none,5,0.96,2,0.15
2026-09-14,0x642e8a7c289381f24f0395e0539f0ba41c74cc1b,unclassed,none,8,0.95,2,0.05
2026-09-14,0x838841ce8e7d3fd4a3f14efe30b4249936f32598,unclassed,none,6,0.95,5,0.104
2026-09-14,0x0d083590c048a243e24a75e3a7c968145de25b44,data,model,189,0.93,13,0.005
2026-09-14,0xc2afb91833f4de19542a025872c6085cc29185eb,data,model,366,0.92,10,0.001
2026-09-14,0x6e007731870ede419cfb31889cd5c4493cecb04c,data,hand_o2,105,0.89,75,0.0085
2026-09-14,0xb531320805c5bed1d46aeadcf4f008fdf172dbda,unclassed,none,39,0.88,2,0.02
2026-09-14,0x3dd9c89708ef3ffb4b8bd70c5743d760d20e4b74,unclassed,none,3,0.88,3,0.098
2026-09-14,0x260fbe1ec46968ee02e5b972507d7bb7f09f82b0,data,hand_o2,15,0.87,6,0.05
2026-09-14,0x00acee6cd97a308ace9a3fe7da90664bfa9b6d21,compute,model,33,0.84,3,0.01
2026-09-14,0x110cdbba7fe6434ec4ce3464cc523942ad6fb784,data,model,83,0.83,22,0.01
2026-09-14,0xb4f9061e3a6a5533431336506b34e1035029599f,data,hand_o2,13,0.82,3,0.02
2026-09-14,0x9876af0f6d8ed5155cd02d1ca56d128601612690,other,hand_o2+model,64,0.82,3,0.01
2026-09-14,0x8d32c6a3ee3fb8a8b4c5378f7c5a26cc320a853f,data,model,5,0.81,3,0.2
2026-09-14,0xf74f2020ac3d73f2bf5ee0f8bf635475ea881319,data,model,8,0.8,3,0.1
2026-09-14,0xd993eafba87cffa2ca2cff5a56ef89034575a7ef,other,model,23,0.79,2,0.02
2026-09-14,0x6a0a10ffd285c971b841bee8892878c0d583bf67,unclassed,none,59,0.78,7,0.001156
2026-09-14,0x7d7ce550251fd81457bfe9afb40c800c2cd50a73,data,model,11,0.78,2,0.07
2026-09-14,0xb1c25e95885c9642247db34d71e10b84f6d2b879,unclassed,none,2,0.78,2,0.388
2026-09-14,0x59964b603ea563b2a74b1a57980ed9592cb7091e,unclassed,none,7,0.78,7,0.098
2026-09-14,0xb76be1e6dafbd6cb9800257504e24caebd548eb2,unclassed,none,2,0.78,2,0.392
2026-09-14,0x7dd5be069f2d2ead75ec7c3423b116ff043c2629,compute,model,57,0.77,13,0.02
2026-09-14,0xcc42ed39a06b6cf3f484307ef76b88bf56fb305f,data,hand_o2,54,0.77,8,0.02
2026-09-14,0x48d5a78d480b4c32de319c2aef69e682dc304615,data,model,142,0.74,5,0.005
2026-09-14,0x7c2957de08649d0fecf15bf3659faf0b416753c2,unclassed,none,2,0.74,2,0.37
2026-09-14,0xd4931c41dac198317f11aabb1a10f3c39c9469c9,unclassed,none,2,0.73,2,0.3665
2026-09-14,0xae2634e709c454f2720c65a0b2f9ba168e431842,data,hand_o2,11,0.73,5,0.12
2026-09-14,0xce339395d7f2ea5a5009022ef1c392fb208a989e,search,model,178,0.72,7,0.004
2026-09-14,0xc13789e82661635d9cea38a53a0390cf9939ef4f,other,hand_o2+model,32,0.7,5,0.02
2026-09-14,0x1771e6d558f4da1b9cfa0c64226caaf9a0971292,data,model,8,0.7,2,0.05
2026-09-14,0x64e4e6c18849ba687a468dcad0a582ac6f8089e4,data,model,9,0.69,4,0.01
2026-09-14,0xf7006ee187545898bf0f10c619af63bd60b72399,unclassed,none,2,0.69,2,0.343
2026-09-14,0xd41d1624a550d8a1cd0c1523caf4e07a1123228d,unclassed,none,2,0.69,2,0.3425
2026-09-14,0x175562431dfcb38ab3a1762b7fc1fbc08a93bbbb,content,hand_o10,13,0.68,5,0.05
2026-09-14,0x4dd5e59475a55f1c2c0816469600663cb74cc1dc,compute,hand_o2+model,14,0.68,4,0.05
2026-09-14,0x81c4143ee57906239718de4a904bff00436fa1c1,unclassed,none,7,0.68,7,0.098
2026-09-14,0x445cc2389c853acd3ce2794a1973dca482514603,unclassed,none,2,0.67,2,0.334
2026-09-14,0xc9ef9b6aae610c1d9b60af1d268c4db82509a1b7,unclassed,none,2,0.66,2,0.33
2026-09-14,0x9fb365e4e9385e2a39febad70368267e6f571d9a,data,hand_o2,80,0.65,14,0.005
2026-09-14,0xb3c2776ce3f99cb3366520c27b4ac5d436942ab6,data,hand_o2,135,0.64,8,0.008
2026-09-14,0x4da1ed782bd61bae9add5a5cabbcf32f767f8d7f,data,model,16,0.64,3,0.04
2026-09-14,0xcb33d15cbef30f83d0f18132fb0b439e6b2da9fd,unclassed,none,3,0.63,3,0.11
2026-09-14,0x9f2c72a91ba810d0b87658d69b56564b633f3003,unclassed,none,7,0.62,4,0.08
2026-09-14,0xb6a6ba7f58fe92e77bce040cc0818c63ab9ac768,search,hand_o10,44,0.6,7,0.01
2026-09-14,0xc327d0aeb5f65b514b193b5e5a95cc6f4060815f,search,hand_o10,97,0.59,9,0.005
2026-09-14,0x32a1ef342b5d6a82bc53208602341474d623e5c3,data,hand_o2,36,0.59,3,0.01
2026-09-14,0xa9a38639ed4aebc04092e21f3399c56545450713,data,hand_o2,13,0.59,6,0.05
2026-09-14,0xfdb4b511f6ae1f270776e500b3360217d5e7ed03,data,hand_o2,39,0.58,11,0.01
2026-09-14,0x177ea123a35253ba8869a7e21e717978e482351d,data,model,22,0.58,5,0.02
2026-09-14,0xf5441baf44082517d370d827aab1d94526c871b5,unclassed,none,6,0.58,3,0.1
2026-09-14,0xd5f96558fcb1f127c77c7d95eea067f526d08618,compute,model,51,0.56,3,0.001
2026-09-14,0x9a8dfbe7a11ee89dd59d80c93ab0efe00d5d5767,data,hand_o2,6,0.56,2,0.02
2026-09-14,0xf121fbecec43e1b616d47285851c20d5fc64431b,data,hand_o2,15,0.55,6,0.01
2026-09-14,0x7a19cd388c7f69145fef09b960853e0a429b6f4a,data,model,8,0.55,2,0.02
2026-09-14,0x837c40e2b4e976f43ffb4451ee281a00fa9477dd,data,hand_o2,10,0.54,2,0.05
2026-09-14,0x1b258d4962e2a0103e932c155a3b9efcac40964a,data,model,9,0.54,2,0.06
2026-09-14,0x2bcfa4f7e1fa5e96934846a7dea623398ed7f752,data,model,19,0.53,3,0.03
2026-09-14,0xa46398d50c14c0c17e1e2dafbf180ccf8abe2e46,unclassed,none,3,0.53,2,0.18
2026-09-14,0x0a5bcdd0d83ca50bb26a1c1b997e6b8b05c1bbab,unclassed,none,3,0.53,3,0.1
2026-09-14,0x2a90d68071b16ba7ab236709d4e37a54f56fea3b,compute,model,5,0.53,4,0.01
2026-09-14,0x59ea036c64f0f54cdd14a3be8a1a6586b58da71c,data,hand_o2,26,0.52,7,0.02
2026-09-14,0x7f7c9bff1ddf2817641740962a9872e6421ebbfc,other,hand_o2+model,4,0.52,3,0.13
2026-09-14,0xd92472c39132023189f9af3fadee5fe8b6f5b385,unclassed,none,3,0.52,3,0.18
2026-09-14,0xa8ba611f7c2a539bd1d6a18edabf2742b616d3f1,unclassed,none,2,0.51,2,0.2565
2026-09-14,0xfcfcc7072524e7495a9c5f499ac4c7b1c9209de8,unclassed,none,2,0.5,2,0.25
2026-09-14,0x3c5f3a6ce224bb89d72f5eb4232ecc27f67b3eea,data,model,49,0.49,11,0.01
2026-09-14,0xd4f7663cfa36ce9a97793b62db26c77e24f75598,unclassed,none,2,0.49,2,0.245
2026-09-14,0x348ac9e3b010ba2300ba9a7bcfe5ae592b9fcfaa,data,hand_o2,15,0.48,4,0.01
2026-09-14,0x70fbe6431648047c20d577948195ffb8b12ad8d5,unclassed,none,3,0.48,2,0.1
2026-09-14,0x8d0663bbb967ebf1c047405a888ddf865f3e8854,data,model,67,0.47,4,0.007
2026-09-14,0xa09ae66ec8664475697ffc0eb45aa3fe52aa6030,search,model,92,0.47,6,0.005
2026-09-14,0xf080a1aab08650946acda41410a7edc14f7be035,compute,model,53,0.46,5,0.008
2026-09-14,0x3dcbef58b30fac60a897cd4ed1daed5de33b32e1,data,hand_o2,109,0.45,88,0.005
2026-09-14,0x1fa89e3b7b3ca98afdd801f35e721251149cea3b,data,hand_o2,18,0.45,2,0.025
2026-09-14,0x1888192fac6a69e4cd7d078ec4bcf6f24f7c767b,data,hand_o2,9,0.45,3,0.05
2026-09-14,0x656d7af2821d42211217a15d88913d3a3ee9a24d,unclassed,none,4,0.45,4,0.11
2026-09-14,0xa43774fd2e867fc45b782456d78f135a215d5561,other,model,123,0.44,5,0.003
2026-09-14,0x24facafeb49b4e3facf0b3e69604a2f4640c9bf2,data,hand_o2,21,0.43,6,0.001
2026-09-14,0xef879bfd6c4accb8f795136de90246e1ec245e06,data,hand_o2,16,0.42,5,0.03
2026-09-14,0x367f1b3d8ca90d1e087481a9a40d585bf3451a03,compute,hand_o2+model,9,0.42,4,0.01
2026-09-14,0x9d667bc76f166322df087b3b3927d4d83d44a5d0,data,hand_o2,27,0.41,5,0.015
2026-09-14,0xc2f5fc2f46c8640a60a1ebfa9776338cc1b1e1dc,unclassed,none,8,0.41,2,0.05
2026-09-14,0x1304ec1a8945365e43a5c18a734065f107b417ca,data,hand_o2,7,0.41,4,0.05
2026-09-14,0x19491164262c8963b11e1bcb1e4351c101b420ff,compute,hand_o2+model,17,0.4,3,0.01
2026-09-14,0x12c6df829321688591dbd97375e78ed6f6c2d460,unclassed,none,4,0.4,2,0.1
2026-09-14,0x176b5a928dc3ef323883c789b31170fdc2c36cb8,unclassed,none,5,0.4,5,0.08
2026-09-14,0xe4181c7de066959bcca010525304ba68a84768e0,data,hand_o2,101,0.39,9,0.005
2026-09-14,0x1d1b81247c407521e2a01f3e21514870dcf1620f,data,hand_o2,12,0.39,6,0.03
2026-09-14,0xe0546f9264eeaf6346f36418c4240c976a505296,unclassed,none,2,0.39,2,0.1965
2026-09-14,0x96368628b679a459fe69815bacca5cb0232ac397,unclassed,none,45,0.38,3,0.01
2026-09-14,0x2880edfff13100677bf97a3cbdf3bc34771c4e5e,data,model,113,0.38,8,0.003
2026-09-14,0x5253666c40432f009ebd99908b9cd2a7fd1019cb,other,hand_o2+model,67,0.38,10,0.001
2026-09-14,0xcb1aae940c1adfd1560962ddda27d2ae4d951620,data,model,7,0.38,3,0.05
2026-09-14,0x820d61a720963fab63ab6e0aef4d1779eb42f6bb,compute,hand_o2+model,48,0.37,3,0.01
2026-09-14,0x224a6395e7353c9dc33c77c35bbe8d54a32d9c4d,unclassed,none,3,0.37,3,0.118
2026-09-14,0x7beca68dd9ac733d4de6b16d16b85dc391c071e2,other,hand_o2+model,105,0.36,5,0.003
2026-09-14,0x4eba5ea3cf0f3fc307099317e17e54390f7a4c58,other,model,18,0.36,5,0.02
2026-09-14,0xbef3e7cfd486c14dd8c3aa5911134bf361b973c5,other,hand_o2+model,28,0.36,2,0.01
2026-09-14,0xa19e3d68f001f1c30af4e623ccd39481668e6056,unclassed,none,2,0.36,2,0.18
2026-09-14,0xf99b281010c5e6cbcf486d7ef108b315be7ce0e9,data,hand_o2,8,0.36,2,0.0165
2026-09-14,0x5432ed7c418d15759e10f74e6ed1cb9e173c1e7d,unclassed,none,5,0.35,2,0.03
2026-09-14,0x14849afa040edeee524a40c52b877fe1b6e6c2c5,compute,model,6,0.35,3,0.069
2026-09-14,0x71033ab6ed376a0b53d1826ea632ddfec96b3661,data,hand_o2,5,0.35,3,0.05
2026-09-14,0xb4879aa471ff52b76008d437103262edfccbd84c,unclassed,none,2,0.35,2,0.1745
2026-09-14,0xefcd28bb1bf3a80c26c7195af15c47ff3b815669,data,model,4,0.34,3,0.0175
2026-09-14,0x3fba5c17be93713714ca8038ed44ea4cbe47b5b7,unclassed,none,3,0.32,3,0.11
2026-09-14,0x4465825b0ac713aa2fa07ea29023020804a128ee,data,model,11,0.32,4,0.015
2026-09-14,0xe9740820225b3918b4ddd1292c7ca4ca0e2c2f08,compute,hand_o2+model,30,0.31,3,0.01
2026-09-14,0xee72b902af7466023595512e3359bb5bf312977c,other,hand_o2+model,23,0.31,3,0.01
2026-09-14,0x08d5e62d48131673e0832d1a83cf738523629a04,unclassed,none,5,0.3,2,0.02
2026-09-14,0x8647f7d7a1368a467ad1ff757fbc2e7167973558,data,hand_o2,12,0.3,2,0.01
2026-09-14,0xca6f089003527a61baa62cc502978f306a4cbdb1,data,model,6,0.3,2,0.05
2026-09-14,0xb681316415bc9b6beefcfbde553f1b71dfcc9d99,unclassed,none,2,0.3,2,0.15
2026-09-14,0x84391d214ba612fed6f5fd29cf4d599746f9f388,unclassed,none,4,0.3,2,0.075
2026-09-14,0xab745e5f576667037696e78ba7da28e193e4423d,compute,model,3,0.3,2,0.1
2026-09-14,0x0bfd52ea41841d0f1121399167bfe36781d40ebb,other,model,34,0.29,3,0.01
2026-09-14,0x6e8b64638b24c6d625b045dd353120d850064e2e,compute,model,44,0.29,5,0.0065
2026-09-14,0x0663f5d71fac9cf99027f85caef1e9cd3e20e031,compute,model,29,0.29,2,0.01
2026-09-14,0x18a41a674aaec64c23afda51c6bcb0d86c295f07,unclassed,none,2,0.29,2,0.147
2026-09-14,0x7ebff188f2eba16518c02864589b1403a5d1296a,data,model,16,0.28,4,0.02
2026-09-14,0x59f3a6dcb6f482c53872dd8f8f9e1f9161a1c5f7,data,hand_o2,18,0.28,5,0.01
2026-09-14,0x1ea22bb8d998eb7e85235a5610b163a7166b18a5,unclassed,none,2,0.28,2,0.139
2026-09-14,0x6bab1d63b3b51a88c7f87402db2803b05f0ae9e9,data,hand_o2,6,0.28,3,0.04
2026-09-14,0x33661b8496075c3b8b2b69cb3e03bc3436808d78,content,hand_o10,27,0.27,21,0.01
2026-09-14,0xbc3a8eac0601f717e803935cabedee8edb7713c4,data,model,33,0.27,2,0.005
2026-09-14,0x153aa87807d8f6deb65bd53b137cee7ad2daccdb,other,model,4,0.27,4,0.01
2026-09-14,0x9811c0900fcb719bbc363a3846d2d6db2771dea8,compute,model,7,0.27,5,0.05
2026-09-14,0xbd356968846829e32983bb4abe2d0dd29f2c2f7b,data,model,3,0.27,3,0.01
2026-09-14,0xbd17480bf6ff056f7b91d9adc9dfda001eb7283d,data,hand_o2,13,0.26,7,0.02
2026-09-14,0xc648116b5debe4af7d78838aa468d07e0a9ab697,data,hand_o2,17,0.26,6,0.005
2026-09-14,0x549c82e6bfc54bdae9a2073744cbc2af5d1fc6d1,content,hand_o10,9,0.26,5,0.02
2026-09-14,0xd8e6160192fc052ae0025e1b3ba0f5acd0d63b27,unclassed,none,2,0.25,2,0.1235
2026-09-14,0xb810b599bc730aa85800babe7f5d160524322c86,data,hand_o2,83,0.24,11,0.003
2026-09-14,0x850363a27f0ac6feb9c7a3ec4c1d295262df9432,data,hand_o2,11,0.24,5,0.03
2026-09-14,0x6e9c2ebca537f861fe9242f8f974d99b3df762b2,data,model,12,0.24,8,0.02
2026-09-14,0x67601df897afcd569e6c4bb75a2280e028dac8a1,unclassed,none,2,0.24,2,0.12
2026-09-14,0x589a2314a2e05f45e40c4823da3ba58d421db3d8,other,model,202,0.23,17,0.001
2026-09-14,0x8e57bfde053dbb6862991759c19affc5f383d5d0,search,model,116,0.23,5,0.002
2026-09-14,0x5bcda55247b238a573a968b234f788a2d35664dd,data,model,11,0.23,4,0.02
2026-09-14,0x23fc725e8eaa1c58900c6507ba89be99a6dfc75d,unclassed,none,5,0.23,4,0.01
2026-09-14,0x7e4d786057930b66cb45e2017a587425ebade587,compute,model,6,0.23,3,0.03
2026-09-14,0xa8cc4011eb545ee5d436a599c9a8bd03dd1e1df3,compute,model,3,0.23,3,0.11
2026-09-14,0xdd257723b86b4947483905cdacbbbc70facf2ec0,data,hand_o2,21,0.22,16,0.01
2026-09-14,0xad62f03c7514bb8c51f1ea70c2b75c37404695c8,other,model,19,0.22,12,0.005
2026-09-14,0x63ae98f3363b346a94fcc1cbcb621f1c2b1fcddc,search,model,86,0.21,5,0.002
2026-09-14,0xd0cb67af1adbf8982ed1cd085cd4b845704609ce,compute,hand_o2+model,8,0.21,4,0.03
2026-09-14,0x6d91adf2c545047cbbc5b37a5f457cce081b48d3,data,model,5,0.21,3,0.05
2026-09-14,0x2740651e046c59ab2a6510401140643292d3a96f,data,hand_o2,11,0.21,5,0.01
2026-09-14,0x579c7e178f116c7ad4388be6a143afdce300cbfc,unclassed,none,2,0.21,2,0.105
2026-09-14,0xf18dc6b2fca72fc9780e77707bb2e68c34b4d752,unclassed,none,2,0.21,2,0.10495
2026-09-14,0x147991a1c25e78f6d9225d2dba61ed93a6158c7b,other,model,8,0.2,2,0.0255
2026-09-14,0xb5194a98dbdbb7028b585db26b972e7f0f3f826a,data,hand_o2,11,0.2,3,0.024
2026-09-14,0x7b13107779cfda1beba3289d0fbe27310436f3e3,data,model,4,0.2,3,0.05
2026-09-14,0x7f74ce6d34ee0180f0217a16ce05f3b91272570f,data,hand_o2,9,0.2,5,0.02
2026-09-14,0x5018b3f7da2c5f54be761f4353b695f753ac1d4f,data,model,9,0.2,3,0.02
2026-09-14,0x80aa1fa83f7b771bf2ab815da9ba1236b1b91e3f,data,hand_o10,4,0.2,3,0.05
2026-09-14,0xec643c22e089be9a23a282c532e6557ae08b8902,unclassed,none,2,0.2,2,0.1
2026-09-14,0xfe31fd52a89461b8d54895cfcf86187aa3c95f21,other,hand_o2+model,2,0.2,2,0.1
2026-09-14,0xdb46fd2a4fd05bac4c75bac29bde134bb3306d79,unclassed,none,2,0.2,2,0.1
2026-09-14,0x959558bbb8eb141ec6c56434f885b24e88e6614f,unclassed,none,2,0.2,2,0.098
2026-09-14,0xa9403f0777ffba919889262a680054e519552461,unclassed,none,2,0.2,2,0.098
2026-09-14,0xad982cb19acca2923df8f687c0614a7700255a23,other,model,4,0.2,2,0.05
2026-09-14,0xcb8025d951e5e45be7d288b658eeee6f05713006,data,hand_o2,38,0.19,6,0.005
2026-09-14,0xe0ed7a30589fec49e98f2085c7162b90fdbb83de,compute,model,19,0.19,2,0.01
2026-09-14,0x21b077b26bfda6d2b8fdf0130977362d61e18912,data,model,4,0.19,2,0.035
2026-09-14,0x05a877ef93e7818828d199e2df0028bca3c75bf0,compute,model,11,0.19,5,0.01
2026-09-14,0x2d50131399ddb89de63eee353eeda2c7ab97dfba,data,model,3,0.19,2,0.07
2026-09-14,0xaab91727a29827783bc42135fc56bff5bfb8911d,data,model,9,0.19,6,0.01
2026-09-14,0x9720950d3e4d9e8c9e23e84e04e683b00204874c,other,model,7,0.18,4,0.01
2026-09-14,0xfc8922017ae8372a1fa94e93469c89218523ed76,compute,model,4,0.18,2,0.046
2026-09-14,0x23d931f95831cee50b5f5edf4d0e88270f6c8411,search,model,18,0.18,7,0.01
2026-09-14,0x208c9e5fe1d925e88db5ff23153f0ec2fb091e0e,unclassed,none,2,0.18,2,0.088
2026-09-14,0x548fc289526ab2f0391d562a723cda64bbf1abc4,data,hand_o2,16,0.17,9,0.002
2026-09-14,0xa2604ae688228af8349363770351bfcec66d4fa0,other,hand_o2+model,53,0.17,3,0.003
2026-09-14,0x38c72cab5d8f053a7cce4f522b923c3c70291b9d,compute,hand_o2+model,10,0.17,2,0.02
2026-09-14,0xa7f3ad0e69f61864092fabba6cee00af6e584689,compute,hand_o10,15,0.17,5,0.01
2026-09-14,0x072f3a2bd93bb75b1eb84a9e45d17a4f90a6d801,search,model,35,0.17,6,0.005
2026-09-14,0x68e3e7822cf83c824cf9606ec999b5e8a93c85b5,data,hand_o2,18,0.17,9,0.005
2026-09-14,0xc3426919d3c3e822fde601187ada28ef41c5f85d,other,hand_o10,9,0.17,2,0.02
2026-09-14,0x01b41c2ec1579b562bab44ec5cb4c48f3f810a53,search,hand_o10,8,0.17,2,0.01
2026-09-14,0x3a438b911b8e2995a9c855578f95b2889752498f,search,model,8,0.17,2,0.025
2026-09-14,0x5bb4b0c766e0d5d791d9403fc275c22064709f68,data,model,156,0.16,50,0.001
2026-09-14,0x38c063312719220c676e988f0dee14b4ec0e44c8,data,hand_o2,44,0.16,24,0.002
2026-09-14,0xf09a4cc522d974b0b6ef3dc1880e5e69d02b8780,other,model,16,0.16,2,0.01
2026-09-14,0x66717045858d9f598e2ebd046bf42a0b1063c0fa,data,hand_o2,16,0.16,7,0.01
2026-09-14,0x9504a5939ab5be2b2b1f8bea7d7ebeccd96c485d,other,hand_o2+model,12,0.16,5,0.01
2026-09-14,0x0cd2c9724f185a029101b4aeacf3f114415c394f,data,model,16,0.16,4,0.01
2026-09-14,0x63347cd326a50696f76cfe4b8ce079d3c8ed3039,other,model,5,0.16,4,0.02
2026-09-14,0x8a12157b27c22fb239e558dc3cb43c7d1a8c0881,unclassed,none,2,0.16,2,0.0800755
2026-09-14,0x970007590acc5c938cd51345b17af51b1b40d3ab,other,hand_o2+model,31,0.15,24,0.003
2026-09-14,0x41595e02275629126ad11551e39ee9ac8531ad3c,compute,model,9,0.15,3,0.02
2026-09-14,0x5a557ddd13cee04dcb54625ff28a53e13e2ed548,data,hand_o2,10,0.15,2,0.012
2026-09-14,0x5533c0e8ef9f833b0bac10d74e582da9767309b7,data,model,17,0.15,3,0.009
2026-09-14,0x40e5a6647803c2dd686049dcdc5f9c34817d7a7f,data,model,18,0.15,4,0.01
2026-09-14,0xf4f7182508895812f235c5d1c47c0cfc89fdab5b,other,hand_o2+model,3,0.15,2,0.05
2026-09-14,0xf4b8037bf3709f37c5ffe224004d2e61833d084c,compute,model,2,0.15,2,0.075
2026-09-14,0x48ad35617e5f8b70d8c693a0c9295ab7a16634ec,other,model,3,0.15,3,0.05
2026-09-14,0xffc458db291b4abce020fe3de4f91f2770e537b1,data,hand_o2,54,0.14,8,0.001
2026-09-14,0x701fd2fc3295ff2e98d986bd2032a966f54555f7,data,model,11,0.14,2,0.005
2026-09-14,0xeca891e34b3e5873181fb779672564e198c55354,data,hand_o2,17,0.14,3,0.002
2026-09-14,0xc3d01fd2f79d4c57ad106ab8ecc12a5de24f97cb,data,hand_o2,17,0.14,6,0.01
2026-09-14,0xe79aa9d55170f7e1ac420266ec93a6c28c436de8,data,model,14,0.14,7,0.01
2026-09-14,0x98e83fbcb5f8fb8414acd0aeeb93160046b65666,other,hand_o2+model,30,0.14,6,0.005
2026-09-14,0xc87a06dee4c0e85912296002617120bbfd5ef990,data,model,18,0.14,6,0.0075
2026-09-14,0x9f8bd9875b3e0b632a24a3a7c73f7787175e73a2,other,hand_o2+model,77,0.13,6,0.001
2026-09-14,0xcf9223ece895258dea8d288aebcf846ab8e342fb,data,hand_o2,68,0.13,25,0.002
2026-09-14,0x7df9c5edbf039b1c645d7697f58efd143f0986e1,data,hand_o2,3,0.13,2,0.05
2026-09-14,0x04b563909fdafeace9cba26f1848141bd140d741,other,hand_o2+model,41,0.12,3,0.002
2026-09-14,0x87fc8c5b2c5000d50d6808f3526eeec57e240211,compute,model,65,0.12,3,0.001171
2026-09-14,0xe55359021a6a22d8385b827405991c56075f56f8,data,hand_o2,38,0.12,9,0.003
2026-09-14,0xc210ea7d5692a6401adf25bbcb7acde9cdb7e9ff,compute,model,22,0.12,3,0.005
2026-09-14,0x127462e296fac1a7f5cf33ba57bb2f0fff5cd0b6,other,hand_o2+model,30,0.12,17,0.001
2026-09-14,0xfbf218accbb0d57fc4e8fc3e2a885c910c4c9e94,data,model,3,0.12,3,0.05
2026-09-14,0xccd231829e24b42195b500028f8779b8f8b1131a,data,hand_o2,12,0.12,4,0.01
2026-09-14,0xf4a904d8326786d90157cf791c281302f11b2036,data,model,4,0.12,3,0.03
2026-09-14,0x833fc86daae83105b82e98a95742b4f32b1a03e3,unclassed,none,6,0.12,2,0.02
2026-09-14,0xd617a7145ca56e3ed58d639f9dec6999b22441ee,data,hand_o2,11,0.12,6,0.005
2026-09-14,0x7cf45cd775bdf31a5a96fa0a5805df0b610d87ff,data,hand_o2,11,0.12,6,0.005
2026-09-14,0xa0ac44becc6302298f01ed255b175ca1060c189e,compute,model,14,0.12,2,0.01
2026-09-14,0x059a69c76cea4d2b319cc05021a093ab3fd9bafb,search,model,19,0.12,2,0.00625
2026-09-14,0x2a462db85807f0ff497ddd15f5978317d079a3a1,unclassed,none,6,0.12,6,0.02
2026-09-14,0x32e293a7fa946331b3ecd013cf0461bf32c99a9d,data,hand_o2,4,0.12,4,0.005
2026-09-14,0x381cdbb664608bf7b1dd4f9403a572c1c57332c2,data,model,13,0.12,4,0.01
2026-09-14,0xf61f957d9ac432309219549b1ae79ae8b7c71ff5,data,hand_o2,4,0.12,3,0.03
2026-09-14,0xa3068cfae6217ae906958250072bdf51b7f910c3,compute,model,45,0.11,33,0.0025
2026-09-14,0xe3738580ede5384bb8b8d1c8786b391c59d2668d,data,hand_o2,9,0.11,7,0.01
2026-09-14,0xf0f285a471c69907d8d536348daf0df3fbf1a1d4,data,hand_o2,20,0.11,2,0.005
2026-09-14,0x55d06e282a699710e03088c218a9e79d2b1616fc,compute,model,11,0.11,3,0.01
2026-09-14,0x1b24deac0951efcd6923f684b574fe9a4202cf1f,content,hand_o10,7,0.11,4,0.02
2026-09-14,0x3a43fdf92b1596b22ddf719d5b528c537da4237d,data,hand_o2,18,0.1,5,0.005
2026-09-14,0xd70d01c73b0c5f3246f2b55cce5ff1b41842ab5e,other,model,52,0.1,32,0.002
2026-09-14,0xa0bdc6cd7ec19c9d4f0c72fb2d79fb65d118d3ab,content,hand_o10,4,0.1,2,0.01
2026-09-14,0x383190a4f26f075fc2c73f6738eabf4dc6f33442,data,model,13,0.1,5,0.01
2026-09-14,0x62a0d3d9df0de8804983009949c714eaeafd87f1,data,model,5,0.1,3,0.02
2026-09-14,0xcd6b6d99b7751ff30b68fa1365488eb73fa7cefa,data,model,10,0.1,5,0.01
2026-09-14,0xf8b2dd46542175ad46e14e6133340e652665f2ee,data,hand_o2,5,0.1,3,0.02
2026-09-14,0xf59621fc406d266e18f314ae18ef0a33b8401004,data,model,2,0.1,2,0.05
2026-09-14,0x23f713411c30bbd9a989c9cbc22eb0b55f7f7334,other,model,10,0.1,5,0.002
2026-09-14,0x3cc1d8ee1dfdfd326c19b0884b8df4b24b623f0c,data,hand_o2,14,0.1,7,0.005
2026-09-14,0x3a4f2ea5e1a32a1af8716edf089b74a28a68ebda,data,hand_o2,6,0.1,3,0.01
2026-09-14,0x7ba267b21ec77309cbbdce92d3005421329db62a,compute,model,2,0.1,2,0.05
2026-09-14,0xfab07d26f7627fc4ce459ecf90d7e015f7eece71,other,model,2,0.1,2,0.05
2026-09-14,0xdceca23ff8a7145e1b5b35427c9886cf21a67566,other,hand_o2+model,10,0.1,4,0.01
2026-09-14,0x65e02cb7fee27630bb7d1a3add02ef7aa2d21701,other,hand_o2+model,7,0.1,4,0.01
2026-09-14,0x0b6e3594df4faa6d66196d5a3271796ad8bb505d,compute,model,9,0.1,5,0.01
2026-09-14,0xb9db3966c7f18283624c97e860a84cef7f9ba607,compute,model,2,0.1,2,0.05
2026-09-14,0x48096526488f2d51df6bca1b1f3a3639986cc3dd,other,hand_o2+model,12,0.1,5,0.01
2026-09-14,0xe28cd838be6bdade252dfa7e25d7fb864c2c18cd,search,model,2,0.1,2,0.05
2026-09-14,0x13c474081bec0459f06f750e687ffeb4a35a4f39,other,model,2,0.1,2,0.05
2026-09-14,0xb6bbd64cbef2cc0a07b84df9870e65c8ae8e9181,data,model,2,0.1,2,0.05
2026-09-14,0x550205eca42aae871cfed6bc943fb2cf59f1d057,other,model,2,0.1,2,0.05
2026-09-14,0x239de97929b20f27aa503b236d33420670bf5ad1,data,hand_o2,2,0.1,2,0.05
2026-09-14,0x59959450bb3da79a8bc07cc078696d6cba3beb4a,content,hand_o10,2,0.1,2,0.05
2026-09-14,0xbecc987508adf6696a3254bed485cc2d9493c8ad,data,model,2,0.1,2,0.05
2026-09-14,0x8a897d546c22d726b45fa25f0ebb56207e63ff4e,data,model,9,0.09,5,0.01
2026-09-14,0x2bd0aec63aa0fb17219fe7c7ea0f0b7d64b87625,unclassed,none,91,0.09,2,0.001
2026-09-14,0x46830a57ca3806ec71b981e063dc39ca2a3c6fb0,compute,hand_o2+model,5,0.09,3,0.01
2026-09-14,0x5d89060682fce50ecaa7600af6a5645bd2b107eb,other,model,89,0.09,3,0.001
2026-09-14,0x255cdb4e42afefc7120b0388eb78f96d996d387b,other,model,44,0.09,33,0.002
2026-09-14,0x01b34d04b658990fd1f22cc4dddeaba10349b1c4,data,hand_o2,3,0.09,3,0.02
2026-09-14,0xbbecbe90f28632a9d52ed67b33b43767b8c89285,other,hand_o2+model,7,0.09,3,0.005
2026-09-14,0x169bf49c6ee5a179190121ab8d180b50e31683d1,data,hand_o2,3,0.09,3,0.03
2026-09-14,0xbbba34e9e10130ce852aa9f1d651cd73c36206d4,compute,model,49,0.08,32,0.0017
2026-09-14,0x0ccd097f92475d3eaf88e3b73e38a4dd4cb08667,other,hand_o2+model,25,0.08,5,0.001
2026-09-14,0x217e5fe265eb78b29067bf8324ef03a7d8e167c4,data,model,9,0.08,9,0.004
2026-09-14,0x21353452e547b306a6007d834c433a118638d3b3,data,model,8,0.08,5,0.01
2026-09-14,0xffff4b8da8c165b556326453446f6940c8afe0db,data,hand_o2,9,0.08,7,0.003
2026-09-14,0xe295b6641b32998537ae0f8e61babf729eaed6e5,other,hand_o2+model,6,0.08,4,0.01
2026-09-14,0xcd265870a20db25250535cb8a0d3bb0850417902,data,model,8,0.08,4,0.01
2026-09-14,0x93a1f57d2e0dbe4cc882b5dbaebe7f0f16443338,data,model,4,0.08,3,0.02
2026-09-14,0x4293f75e69b22ee68afa0f464de86e5cd80bed75,data,hand_o2,5,0.08,4,0.01
2026-09-14,0x124f620b4f3b53559cd9148c9b1b2773ca104478,data,model,8,0.08,4,0.01
2026-09-14,0x65003c15622f8fbecfa60805777f9c5ae8fb77fc,compute,model,4,0.08,3,0.02
2026-09-14,0x2583aac89f58a63d9ccbedaa5e3baf2196aa967e,compute,model,7,0.08,3,0.01
2026-09-14,0x2af91df69bd04ccf82d6477adc046c815b7ae129,content,hand_o10,45,0.07,35,0.0015
2026-09-14,0x6a4921474848d3fa168ee7fa87222547acc4712f,content,hand_o10,50,0.07,37,0.0013
2026-09-14,0x58bdad5e654691ac5ed4631758f3d8da00666b6c,data,hand_o2,22,0.07,9,0.003
2026-09-14,0xdd5fcea81ca6f1eb39fed5b973de794293b81ba6,compute,hand_o2+model,18,0.07,12,0.001
2026-09-14,0x74500ee8519da3b6bf43642bc06be5874a9ecc99,data,model,6,0.07,4,0.01
2026-09-14,0x1e21dba6eeb902343e4128a1957eafb8cdf36f39,content,hand_o10,64,0.07,44,0.0011
2026-09-14,0xd403f725eeb79b7358c741327a2a815b185f6f69,unclassed,none,7,0.07,2,0.01
2026-09-14,0xf9d1d63f362bbf1ee08ab9acb36fe74afc48d5f1,data,model,7,0.07,3,0.01
2026-09-14,0x3f4cee4c6bad04fcca3138dffdee579ddf17049b,other,hand_o2+model,13,0.07,10,0.005
2026-09-14,0xdc9f94a8b93f070b58cfa580cbe740d763005fe6,data,model,6,0.07,4,0.003
2026-09-14,0x7b53524d5c5d29efb8c1d128c56f62fe38cd9476,data,hand_o2,10,0.07,4,0.005
2026-09-14,0x859af250df0b68bfd0768ca22142a1afa0abeaf4,content,hand_o10,7,0.07,5,0.01
2026-09-14,0x470a1b647d668d3820add26d70c8371557ff4c6b,data,model,4,0.07,3,0.02
2026-09-14,0xd9f3261c9fea20a99d0708815010280c549e8ebf,data,hand_o2,7,0.07,4,0.01
2026-09-14,0x9a4fb84633c690e422c33491d1fcc319849e6bb0,data,hand_o2,8,0.07,2,0.007
2026-09-14,0xeb12bb2f52eed33dba6a00774e48324032fd87c6,compute,hand_o2+model,8,0.07,3,0.0015
2026-09-14,0xbad1aa224bfe4feb460e12b2553dcdf98a7098d0,data,model,7,0.07,3,0.01
2026-09-14,0x446e51deab3ae656c99e65369e8ef1148d23d7f7,data,hand_o2,13,0.07,6,0.005
2026-09-14,0x1538726707212f4db3eb67cec0910422a310475c,data,model,9,0.07,3,0.005
2026-09-14,0x403b72e2edbc9db738e09d3064a6a54f8a027055,data,hand_o2,5,0.07,4,0.01
2026-09-14,0x9200c98c8188ef50302ed3b8b0ffd5d39832090c,compute,hand_o2+model,10,0.07,7,0.001
2026-09-14,0xbd5eb5559f5ac14475ac0c81b6735a4d9106ce28,other,hand_o2+model,6,0.07,4,0.0125
2026-09-14,0x33cc8de6e86761d217044a8a6b394ad23b579596,data,hand_o2,7,0.07,4,0.002
2026-09-14,0xed617f79201248df99909fbde4269b6eeaee39b6,data,hand_o2,7,0.07,4,0.01
2026-09-14,0x76a51b5dd3729950b3b60c17f19252d221968fce,data,hand_o2,14,0.07,4,0.005
2026-09-14,0xa82c8b6971a7379badb2fb96032d82af46eccc0a,compute,model,7,0.07,3,0.01
2026-09-14,0xca28eb92657f8a81afb5493b3a04a740b204d816,data,model,2,0.07,2,0.035
2026-09-14,0xd685efa22e80262db5b5e2a5d0b9d7565b36334b,unclassed,none,64,0.06,2,0.001
2026-09-14,0x7eaf3c393a8996e124c0fa7ccbc55019854c4c5b,other,model,6,0.06,4,0.01
2026-09-14,0xb5f08f2db7baa682f308baa02cf0edb35aca336a,content,hand_o10,55,0.06,40,0.001
2026-09-14,0xd7d49d6a12ee3852f29a52a40908069bf4e48914,other,model,57,0.06,39,0.001
2026-09-14,0xb8c578e039aa2c44dd3dec48e6875ba5763cd67f,other,model,63,0.06,47,0.001
2026-09-14,0xa3babb36564b0383a82c617050306ee30fd18e08,unclassed,none,6,0.06,3,0.01
2026-09-14,0x32793f68dc2ea26bbc75eb900da120069e8b6d02,data,hand_o2,12,0.06,6,0.005
2026-09-14,0x45ac00db8bdd4b837abbbf75888cbdfe6b6d8943,other,hand_o10,6,0.06,5,0.01
2026-09-14,0x5d4ecba4458c49b6f92fd5384686f0caf0c3080b,data,model,3,0.06,3,0.01
2026-09-14,0xf058d8a375343daa6967adf3ac6d425f3c9c8dfc,other,model,3,0.06,2,0.02
2026-09-14,0x7eebd75b116a553e02cbaca28cfbd47bc411e6b1,compute,model,6,0.06,4,0.01
2026-09-14,0x7971a809c18c918cad50cf004c190cbb6e1bf668,compute,model,55,0.06,31,0.001
2026-09-14,0xb9f06d2734b7e9d7b21b64c4d8b95bd774b71acf,data,hand_o2,6,0.06,3,0.0085
2026-09-14,0x552cc4a10878c7f20574489d47184249657ca3f6,data,hand_o2,10,0.06,6,0.005
2026-09-14,0xa55b06462a2e48661badf22f5841f95ae654b716,data,hand_o2,10,0.06,7,0.005
2026-09-14,0xadc3a47efbd82ed724a0e9a3d08d5a1a8e6586fd,other,hand_o2+model,6,0.06,2,0.01
2026-09-14,0xb3cc1566b213dc97f6aac5984e849df2f2391772,other,hand_o10,6,0.06,6,0.01
2026-09-14,0x39e10e5f431b26cae3d7d0a39aef86055d015d8c,data,hand_o2,3,0.06,3,0.02
2026-09-14,0x7b177b724d6b02f69d9f25d9b91c63338c554dbf,data,model,2,0.06,2,0.03
2026-09-14,0x8ede9ed2e6acdd9b2bafa42ff4078d3f3263607c,data,model,11,0.06,2,0.005
2026-09-14,0xabcb091d90419e1c8ad4818f1b33fc4645501892,data,hand_o2,2,0.06,2,0.03
2026-09-14,0xc0a707f63df3120e018f119ddf44fc8eaab40e72,search,model,2,0.06,2,0.03
2026-09-14,0xbb967f16c7f3e9b4c1626680684445d41dbe44ab,other,hand_o2+model,6,0.06,3,0.01
2026-09-14,0xd5f8481d8f25d3966d2010dbf9b47ffbdf745a9e,other,hand_o2+model,5,0.06,4,0.01
2026-09-14,0x338d8649efa45b940d6656030faa58d9d01e6983,data,model,5,0.06,3,0.001
2026-09-14,0x1831f336585a6c67b6a954d28f3e07f44c4eebbd,data,hand_o2,6,0.06,3,0.01
2026-09-14,0x658dc531a7fe637f7ba31c3ddd4c9bf8a27c81e5,other,model,3,0.06,3,0.02
2026-09-14,0x478bcdea94b9cb5ea14c33e6f0d7e920743d39f2,data,hand_o2,8,0.06,4,0.0075
2026-09-14,0x11f591c3496c0632e7b173184f5bc71dc941125d,data,model,6,0.06,3,0.01
2026-09-14,0x54bea1e6f70437085b85892a0e7cd6f09ce8c22f,data,model,2,0.06,2,0.03
2026-09-14,0x289aa17875d1adbe3dc66d7658218d14258d81f2,data,model,2,0.06,2,0.03
2026-09-14,0x0928b96e482676440ea91f547a49aadbdc1a7eb9,compute,hand_o2+model,2,0.06,2,0.028
2026-09-14,0xffa9155a0e4b3d8d42351da226cc1feee449686f,search,model,14,0.05,8,0.002
2026-09-14,0x3731f5c2c1835e3ace2ac157c4e31b1cea0cb0e0,compute,model,5,0.05,4,0.01
2026-09-14,0x1350a77befebbcc05f8e3a13cc6d4ad781c59d34,content,hand_o10,53,0.05,37,0.001
2026-09-14,0x82096bf08d81c14c678e915a04fcf150958ee571,data,model,7,0.05,4,0.005
2026-09-14,0x88a4cdea106f18e919613a4eaed8efdb2183e9ea,other,model,49,0.05,33,0.001
2026-09-14,0x9862ca83b72ab95521f457aff6e6efb03d8164c3,data,model,6,0.05,5,0.01
2026-09-14,0x52c76f43aa871b407e242dcc396ccc54a8c70ade,data,model,24,0.05,3,0.002
2026-09-14,0xcd3273893d1c8df15a4d6bc411aa3d25a60fdc60,other,hand_o2+model,52,0.05,3,0.001
2026-09-14,0xdb7b2b54f80479826222749a2ea73a8acc306e1e,other,model,6,0.05,4,0.01
2026-09-14,0xb86f95ef5fa904318ea9df3b59adce099b478fc4,compute,model,12,0.05,9,0.003
2026-09-14,0x962794fb8ad92941faf1ab446b9e30637b86f331,compute,model,21,0.05,5,0.001
2026-09-14,0x5e4413f7ec69b67c07a60c4f1f75391370f79b13,data,model,5,0.05,5,0.01
2026-09-14,0x1ddf747975c4ebeaf48e14a5110f7eab6b0807f2,other,model,5,0.05,3,0.01
2026-09-14,0x93958d39d88eb8372bb9c1c82c0d6c0c332848af,data,model,5,0.05,3,0.01
2026-09-14,0xb4848d1b4b7e31b75b9b30d717f89777dc65d68e,data,model,4,0.05,4,0.01
2026-09-14,0xb40a687ca5483ebc02f870348f6e08971cae1308,compute,model,5,0.05,3,0.001
2026-09-14,0x363c520492edba89057bce696b74263b3295a72a,unclassed,none,5,0.05,2,0.01
2026-09-14,0x492ec81ecf395fbea2f19fece203ee14d0544b71,search,model,6,0.05,6,0.009
2026-09-14,0x07851f02f4b0e85f18f5ef06a4545b713eaa39fe,search,model,5,0.05,3,0.01
2026-09-14,0x6429ed3c4879837588e64bd09ed8f90c2e269aee,unclassed,none,5,0.05,2,0.01
2026-09-14,0x374cfb844a5c702d637d72a5387fd9ef6b82108c,other,model,5,0.05,5,0.01
2026-09-14,0x506c3995cb7b9bb6ea4d2f95e1e43461b74c9aff,data,model,5,0.05,5,0.01
2026-09-14,0x161dbdd73d025e9aedd4918a67c28e5bf9a87fb9,data,model,2,0.05,2,0.0266435
2026-09-14,0x38287535a4f47f53360940cfad8bf9ac5bc04a69,compute,model,5,0.05,4,0.01
2026-09-14,0xc4f9f3b2cc0eac2542df9f1cb8f5c118e13a0045,data,model,5,0.05,5,0.01
2026-09-14,0xc0ccf68a8e61a4d25eecfcacd486e673e900de0a,data,hand_o2,5,0.05,4,0.01
2026-09-14,0x4022de2d36c334e73c7a108805cea11c0564f402,other,model,2,0.05,2,0.0255
2026-09-14,0x5deaebaf98034cc0d9abe3757a440b121c42ef0a,search,model,11,0.04,4,0.004
2026-09-14,0x53a05c0eed6cbf065f31aedbae7b0d8ce1a0f4db,data,hand_o10,34,0.04,8,0.001
2026-09-14,0x3da40a9ad36640a2c0f533bac368490095574664,data,model,44,0.04,22,0.001
2026-09-14,0xbf0df63a4a47e5a72a976ece1d78aefeccc773a0,other,model,45,0.04,32,0.001
2026-09-14,0xb91504d6f77d36923376c302ccc0237df0efaa35,other,model,13,0.04,12,0.003
2026-09-14,0xa3091005a76b1480f1897a9d0c2e1c55b7767674,other,hand_o2+model,14,0.04,5,0.001
2026-09-14,0x515e7bce44baa5f6e42d16d4b5f27768e7f2f8cc,compute,model,4,0.04,4,0.01
2026-09-14,0xba667287b8ef89565f8fd7acd4d22ce98e0f39cd,compute,model,44,0.04,28,0.001
2026-09-14,0x318d34fa0bd69eff17fac648d2df8cf7a88b3dbe,other,hand_o2+model,37,0.04,5,0.001
2026-09-14,0x5a45010395d62e9c4a8a0931bde0493aaca4f657,compute,model,4,0.04,4,0.01
2026-09-14,0xbe5cb96d1bd2b4d5d5c0a1f16266cc0ba2849d30,other,model,4,0.04,3,0.01
2026-09-14,0x0e525428d66c111672ce58b1bf649a6d167f36b1,unclassed,none,9,0.04,7,0.005
2026-09-14,0x5f5a631e975183d084f60d7121e967b30ec83cb8,other,model,40,0.04,5,0.001
2026-09-14,0xf1eb97ddddeb0257548bc14d35f981b10f8c3fa3,compute,model,4,0.04,3,0.01
2026-09-14,0xd6b585dd2f48263d08fb75ea28c1598d845d23a8,data,hand_o2,15,0.04,5,0.003
2026-09-14,0x11a5a9ee3fffd4d8cbb2b3c5e02acaa268486b67,data,model,2,0.04,2,0.02
2026-09-14,0xfcc0d3d72d8689871979c3caa036ffabc5674bd0,other,hand_o10,4,0.04,3,0.01
2026-09-14,0xc55a2d530b53cbad1001e4afd4720b7e71f9c291,other,hand_o2+model,22,0.04,6,0.002
2026-09-14,0x8904df3de6dfee6a7c8cc38619d2f17806213cee,search,model,4,0.04,4,0.0075
2026-09-14,0x4ed0e65b400d115a21d21a5e2d9a63e3b2718034,search,model,4,0.04,2,0.01
2026-09-14,0xc29185fa176357612f3194735753e520e91adc46,data,hand_o2,9,0.04,5,0.0048
2026-09-14,0xb0ba20954ea83f6e5417b893b3999d82cb061d3e,compute,model,4,0.04,3,0.01
2026-09-14,0x13d823b9b74bbde17c821acb38665faba11d43ef,compute,model,2,0.04,2,0.02
2026-09-14,0x548efd4f4d4a5c3669dbb4cbb2b1a637feeec5f6,compute,model,4,0.04,3,0.01
2026-09-14,0x38c9f689274e2fc3ae360744ef88ce212077a584,other,hand_o2+model,13,0.04,5,0.001
2026-09-14,0xf6705e3da2d2f98afd3944e4a6b0d6ca931e576a,data,model,4,0.04,3,0.01
2026-09-14,0xd07c06a650a88bbcf4f0c4fbf2c6c08c9a60acc6,data,model,4,0.04,2,0.01
2026-09-14,0xbbacd5111e0ca3a52ddaa39d4723cf75c1a75d91,compute,model,4,0.04,2,0.01
2026-09-14,0x63a20fa244d3e6a8902121e99704b7f857dc6ebb,data,model,4,0.04,3,0.01
2026-09-14,0x60675cc0da2131dfd2e8b887ebf8356b2cbd701e,compute,model,4,0.04,4,0.01
2026-09-14,0x7437a817450ba32d22ebe8d2ac71611666999b8e,compute,model,4,0.04,4,0.01
2026-09-14,0x3bf4f4914f78c3c2b2f2801f8ea717135b7d3bdf,content,hand_o10,4,0.04,4,0.01
2026-09-14,0x9baa4417d1e78f2ed5b09aa4abfb541aeb2cd6ed,data,hand_o2,7,0.04,5,0.006
2026-09-14,0xb32e6b14b706bc64ec7a67285973c4556e97a8e6,data,hand_o2,15,0.04,4,0.003
2026-09-14,0x5392451242c4f53db69c8e1a240e13de1b1e3907,content,hand_o10,4,0.04,3,0.01
2026-09-14,0x9cd3f0d8a73a9a87f752f09d220652dc7de398cc,data,model,3,0.04,2,0.015
2026-09-14,0xbfcc51bfcc0ef326f0f78682ebe3327783ea3208,data,model,2,0.04,2,0.02
2026-09-14,0x4d7d842536de9eb491ae2300126b3cdde7b0ade3,compute,model,4,0.04,4,0.01
2026-09-14,0x9af9c9b00d05751afe8f2ff4370434df8feef278,data,model,2,0.04,2,0.02
2026-09-14,0x7f8043c400799643bcb62b41b84b297a8ecb7b9c,compute,hand_o2+model,4,0.04,4,0.01
2026-09-14,0x5d568ffc646eef94c1fc2d5124f017ab23a1f3f4,other,model,2,0.04,2,0.02
2026-09-14,0xe01c0cb99db28df5e996416129577e559442c167,data,model,4,0.04,3,0.01
2026-09-14,0xb3ba3ca99f9742b32fc527cf62688c83b39aed8c,data,model,2,0.04,2,0.02
2026-09-14,0x8e37022edcf0f21cf3c9f93fee9d4d32519f36f4,compute,hand_o10,2,0.04,2,0.02
2026-09-14,0x7ac7fdc938839dc67c603733ab118d1ece7f9ace,compute,model,2,0.04,2,0.02
2026-09-14,0x16be07aec4d16e8ec9039d16e7049ee47834acd7,data,model,4,0.04,4,0.01
2026-09-14,0x1c8b3c34dca2ba2a71598f1f9e0bc2a04a0bea36,compute,model,3,0.04,3,0.01
2026-09-14,0x31edb4f019bce7741a416a5cb429b6b79edc5f3b,data,model,2,0.04,2,0.02
2026-09-14,0xe2c88e17f8ed7720b13b5f746bdc9d5fa0a764bf,data,model,4,0.04,3,0.01
2026-09-14,0x2fecabdfc849c76fdc28ca13aa0ab392753ef35c,other,hand_o2+model,4,0.04,4,0.01
2026-09-14,0x07149eff93b303ae0f81f3facd0151040a8047de,data,model,2,0.04,2,0.02
2026-09-14,0x5d51ecc50813e0937a5c43be298e9146796ad60d,data,model,2,0.04,2,0.02
2026-09-14,0x5cd83d3225516f246e78a70aaa4e47d6e72af0a1,other,model,2,0.04,2,0.02
2026-09-14,0xf04220c87894e7cbc0273f38c18195dab0db5fe5,search,model,2,0.04,2,0.02
2026-09-14,0x32d711c66dd1ad0c42d0cfe48e58ee5f2de7c243,data,model,6,0.03,4,0.005
2026-09-14,0xcc69d619e6053f88a4845066518f465bd06fc96c,data,hand_o2,33,0.03,10,0.001
2026-09-14,0x83f15f5bea445109e255ab82622fbdfecd1e4c9f,data,model,34,0.03,3,0.001
2026-09-14,0x75113dcf8ce34f0338440d40270e420f8c1762b8,other,model,10,0.03,4,0.003
2026-09-14,0x16b5fe729f2ca544b309844f75e8429ab45151ae,data,model,3,0.03,3,0.01
2026-09-14,0x3dcefd14f76fd76d36bec7c271ff28d1bdb9989d,data,model,3,0.03,3,0.01
2026-09-14,0xbeebd30639e99bbce11faa2b463fcccf6215831b,data,model,3,0.03,3,0.01
2026-09-14,0xe2520f1497ee47645072a6214304807bc3340d58,data,model,6,0.03,4,0.001
2026-09-14,0x332dbf15a8bcca8eeb4390b380202360f4f45401,data,model,3,0.03,3,0.01
2026-09-14,0xc529edd6d47c60923902514c7c0b3993ae42c2ec,data,model,5,0.03,5,0.005
2026-09-14,0x3a7292b88471691946d8d8856925e22246bed743,other,hand_o2+model,3,0.03,2,0.01
2026-09-14,0x6ab8efe305cce67daa48c97bde29c04402822dff,data,hand_o2,14,0.03,8,0.001
2026-09-14,0x94237cd4aa4afd784d6fa87feb1b6649816d8418,other,model,3,0.03,3,0.01
2026-09-14,0x9173fc7aca730ae34838f08dfe85d4a608f38c38,data,model,30,0.03,5,0.001
2026-09-14,0xf7fdeffc3abc97379418b0a687fdb54e1cbce163,search,model,16,0.03,5,0.0015
2026-09-14,0x6b2891b824206b0dc9884751fdbaf73e9cce651b,data,model,3,0.03,2,0.01
2026-09-14,0xfbd7b7ed48146ad9beff956212c77ce056815ad0,data,model,3,0.03,3,0.01
2026-09-14,0x624faf18c78456c8da5bf156cd77c1a2033f21c5,data,hand_o2,8,0.03,7,0.002
2026-09-14,0x7194ec1f397bb6c02c82a2d8eb57d32443fc5164,data,model,3,0.03,3,0.01
2026-09-14,0x4cf33ccb14b43d76b4f672c3fede297d1d763ace,compute,model,3,0.03,3,0.01
2026-09-14,0xe6814e0172c9f15f2ba2e09fe9d9f3751fa38b75,search,model,3,0.03,3,0.01
2026-09-14,0xd8ca10c55296bd8ca1dd409ea2f0fa72fb0c643f,data,model,3,0.03,3,0.01
2026-09-14,0x25a8b697da5c0baf698fd6bd9701b5e825214145,data,hand_o2,7,0.03,6,0.001
2026-09-14,0xbd6e4e1741d3c3e9e0391361743d07e95f439255,search,model,3,0.03,3,0.01
2026-09-14,0xc122471a35f66366b2b3bfafb7fee19827dab637,content,hand_o10,3,0.03,3,0.01
2026-09-14,0x9f6c07e3f772ec49435579ec34e13141a94b9958,data,hand_o2,3,0.03,3,0.01
2026-09-14,0x1e84f1f4e83ddfc91f8d5298b0cf49da34d041a6,data,model,3,0.03,3,0.01
2026-09-14,0x6382e6929a20b7eb02bdacfb5368362984b24c15,data,hand_o2,5,0.03,4,0.005
2026-09-14,0xc1dab3c368f8b6595c49df67f4a17225e0ceb785,data,model,3,0.03,3,0.01
2026-09-14,0x25e8245f07d5e4873987293dad666afbe56a9608,compute,model,6,0.03,4,0.003
2026-09-14,0xbd61dfb01f81c91f02b0ccd51b0220e0c8918639,other,hand_o2+model,8,0.03,6,0.003
2026-09-14,0x4e024e356bd01853654b7b5196f2b85f67cc39ec,search,model,3,0.03,3,0.01
2026-09-14,0x692dce6b2876854fa9d348bfbfd9c1c4de6c07dd,data,model,3,0.03,3,0.01
2026-09-14,0x3a24cc8394358b1e1b61900a73e27b1ea8482e48,other,model,3,0.03,3,0.01
2026-09-14,0xd32714cc95753d5cd50f56570e98c9d87e7c6dfe,data,model,3,0.03,3,0.0021
2026-09-14,0x1f0409ccd20a2fb497d4decef4e17e9d0688fea6,data,hand_o2,5,0.03,2,0.005
2026-09-14,0x24d9337cd2f3881f7c3ee63cb8014840a76e333a,data,model,3,0.03,3,0.01
2026-09-14,0xecd6edc72f228dcff9a7e7e981fd64bea5a4a395,data,model,3,0.03,3,0.01
2026-09-14,0xc58f8eff2b6f46b9f5e75432fcdebd5dd949b09f,data,model,3,0.03,3,0.01
2026-09-14,0xb1f5aa2d750547a84fc53b8519de235d7bc29e29,data,model,3,0.03,2,0.01
2026-09-14,0x9acfdc5a3d6bfbb127615751e0f0e44014e32abf,compute,hand_o2+model,4,0.03,2,0.01
2026-09-14,0x1bdd0cf6c2457765afeb717bc1e5d74b27d45a0f,data,model,2,0.03,2,0.015
2026-09-14,0x21e16f1bc3aa847236354c8193d0cb21cf412efa,content,hand_o10,5,0.03,3,0.005
2026-09-14,0x4453fdec07a4a4dafe3399d942c6827ec1d28cfd,data,model,3,0.03,2,0.01
2026-09-14,0xd7fe185ddaa9664c9211ec1ccdac073ef79215bf,compute,model,3,0.03,3,0.01
2026-09-14,0x510d1c21788166b0a39f83796bf624e006849690,data,hand_o2,3,0.03,3,0.01
2026-09-14,0xe8b25a72dd6aef69515452a61ad231c7df2843b7,other,model,3,0.03,3,0.01
2026-09-14,0xfde7913abe6e4a4e3e3134cf050df9030ae8ef48,data,model,3,0.03,3,0.01
2026-09-14,0x56a093255d6e0536109b5f255fc71bb74bfe5838,other,model,3,0.03,3,0.01
2026-09-14,0x8d64a4834e262d96d1264e8900b5a4f1405b8982,search,hand_o10,3,0.03,2,0.005
2026-09-14,0x0cb12df486381a0ebebc0ef338da80657f68f9cb,compute,model,3,0.03,3,0.01
2026-09-14,0xe79e7fa7ce7259c46f9b127b837d2907bb036f95,other,model,3,0.03,2,0.01
2026-09-14,0x1e15e64e815473385b571deec7bce4f0cc262817,data,model,3,0.03,3,0.01
2026-09-14,0x154b1006435e5cfe2206e7777c1003f9438119b1,data,hand_o2,3,0.03,3,0.01
2026-09-14,0x1f5f8474fa0dc1fde79187abd68ef8ea15adae34,search,model,3,0.03,2,0.01
2026-09-14,0x0d4ee4e945601865e3a5bc5a188e4a9cf23c00d5,data,hand_o2,3,0.03,3,0.01
2026-09-14,0xca87adbcffdf6539a387783fef17a91dbabeef52,data,model,22,0.02,4,0.001
2026-09-14,0x3b59f268ebc38c5f43b8b9be37238bf43378ad87,unclassed,none,16,0.02,5,0.001
2026-09-14,0xdd666cdcf2bccff8d1c8161ed24ff26c0ed429b9,compute,hand_o2+model,3,0.02,2,0.005
2026-09-14,0x9500075649a70411c81f99c4314f6cff55d12579,unclassed,none,2,0.02,2,0.01
2026-09-14,0x3f9dbb57e651e1870f2f005b43470f709371f358,other,model,2,0.02,2,0.01
2026-09-14,0x6ad838b0ee15e5cfe4d70f99ecb1fbcf2ae0915a,unclassed,none,2,0.02,2,0.01
2026-09-14,0x67ac1e671e87b2c91847230748ed38a596013ea6,data,hand_o2,10,0.02,5,0.002
2026-09-14,0x5c6b3a3dae296d3cef50fef96afc73410959a6db,data,model,2,0.02,2,0.01
2026-09-14,0xb3e7993ed2fc2c79fff220620240f298bba9bf5b,other,model,6,0.02,4,0.001
2026-09-14,0x5a78ace5dd133316c8aaf7e156fbfc57e1209cf9,data,model,18,0.02,10,0.001
2026-09-14,0x6d9f318463168ff637b50e5b9a21392e97c7c167,data,hand_o2,13,0.02,2,0.001
2026-09-14,0x6a667a72d3d36d95421474019aa46f0308d643fc,data,hand_o2,18,0.02,3,0.001
2026-09-14,0x764d6953132ac85eda0708c7ffd65eb1b1a80db3,other,model,2,0.02,2,0.01
2026-09-14,0xc273630db49632ecd077c7df606b306e400a9882,other,model,2,0.02,2,0.01
2026-09-14,0x9edb521a5ad936ef5d7054ed94252d4d7978cf90,data,model,2,0.02,2,0.01
2026-09-14,0x6d02e3f7c68e7492cc5474ef8ce17dedfd11df89,search,model,2,0.02,2,0.01
2026-09-14,0x5d17c40fd6b119dc6006c4ab3c20a917fcab2acd,compute,hand_o2+model,9,0.02,6,0.001794
2026-09-14,0x6ca3b21d18e2b60291413c99dd6969c43d26c3d2,unclassed,none,22,0.02,2,0.001
2026-09-14,0x7c221925dd7494da6f5e2254043dc8d61273309c,other,model,2,0.02,2,0.01
2026-09-14,0x2586231a0ec268062f7ef79a290054cfd4c64aaa,other,model,2,0.02,2,0.01
2026-09-14,0x85557c90027354eaeffe9ee4b4f4014818d8d3e1,compute,model,4,0.02,4,0.005
2026-09-14,0x98fa9c8afb5c56ad27d24843cabebdd55170dbc0,compute,model,2,0.02,2,0.011
2026-09-14,0x94b1ead544bfe355759c3b5f7dd9d6ac38303cee,unclassed,none,2,0.02,2,0.01
2026-09-14,0x309fd902b4b29905c8493c94a569673e1d6dc0d3,compute,model,4,0.02,4,0.001
2026-09-14,0x0dd5f7c1ef90c577daf4742ef08694448f405b2f,compute,model,2,0.02,2,0.01
2026-09-14,0x20beffad24499e9b3d45dd0971b1d6afb0ae925d,data,model,4,0.02,2,0.005
2026-09-14,0x9d86e0e74333b297b1d0b6ba30d2ed1b5f01f296,data,model,24,0.02,7,0.001
2026-09-14,0xc0887adf2411c4db859e497c1f931c59600b1ec4,data,model,2,0.02,2,0.01
2026-09-14,0x315708415764b7f2b783714ce82cf9c628e33fcf,data,hand_o2,9,0.02,6,0.001
2026-09-14,0x6ea81be98bc360fb2291a3cd1b2d598c1cc1dd66,other,model,2,0.02,2,0.01
2026-09-14,0x8f43274b121663b18a0246e9908bac8eac866c12,compute,model,2,0.02,2,0.01
2026-09-14,0xc66ee26cae6cd34970f51f644f36d720826d392a,data,model,2,0.02,2,0.01
2026-09-14,0xc98cf7a78bdc2cb54334cd3908c8cc7608a0992d,unclassed,none,2,0.02,2,0.01
2026-09-14,0x61c67cf010f70f6ac7b46de2fd578204c923e29e,search,model,2,0.02,2,0.01
2026-09-14,0x081d7f97ca4478dac465569e1fe3f5846ad598dd,other,model,2,0.02,2,0.01
2026-09-14,0x19a78b27a28ed93c3c914878bde7f2f843afaea8,compute,model,4,0.02,4,0.002428
2026-09-14,0x33693228b706cb30f4b4dbf35f79129a763f91c5,other,hand_o2+model,2,0.02,2,0.01
2026-09-14,0x6d6c398390cfb88f1cd42715b84906a0bd6652aa,data,model,3,0.02,3,0.005
2026-09-14,0x76e8778a3122dbf4f78288bc3545ce305f3b96dd,data,model,2,0.02,2,0.01
2026-09-14,0x98886846918c7debe86e1d74e249dcdd64a9d367,compute,model,2,0.02,2,0.01
2026-09-14,0x079471e6f43b6feef80895e19cbfcbb496904852,compute,hand_o10,2,0.02,2,0.01
2026-09-14,0x84fa7ea8303d4f503267e2e998a3f7d980e814a5,content,hand_o10,8,0.02,6,0.002
2026-09-14,0x18b9fd16aa724e8d214ecce525d16ceb3cfb3e87,data,model,4,0.02,4,0.005
2026-09-14,0x2c0982bf273c9c157af6e3af095098b150d64d95,data,model,2,0.02,2,0.01
2026-09-14,0xdedd050dfe4212d52f2a6ed6a2d5d3289de0d5ac,data,model,2,0.02,2,0.01
2026-09-14,0x6e06db2c43c5fecceb7bd8fc7a560c4264e5c085,unclassed,none,2,0.02,2,0.01
2026-09-14,0x59f45516ea4a2481ff45cf431d753d24b0ca6213,other,model,3,0.02,3,0.005
2026-09-14,0x081f8761f68e9387d339bddaaa0c8db5d3a72f5e,data,model,2,0.02,2,0.01
2026-09-14,0x60c4499870f115664d7ffd8411b023dbef3377d9,other,model,2,0.02,2,0.01
2026-09-14,0xb708af3bce13517357e498f8ffd277de93db9ef5,compute,hand_o10,4,0.02,4,0.005
2026-09-14,0x63c347d7e42b940e79afec3d172bfc2921b6c897,other,model,2,0.02,2,0.01
2026-09-14,0x17cf15d61026b4cdd26cff6042f8e7d2e0ca5e8d,other,model,2,0.02,2,0.01
2026-09-14,0x2f58f210fca0e3a486eacc29057a04576aee265e,data,model,2,0.02,2,0.01
2026-09-14,0x6fdc1f22520151dfbc6273d6c48e413d434c7916,compute,model,2,0.02,2,0.01
2026-09-14,0x641891413331c59c2dd62ceb63569bff1bb258de,other,model,2,0.02,2,0.008
2026-09-14,0x192bc0678bb69bf14550c6fd882d9b4cb0b35b6c,unclassed,none,2,0.02,2,0.01
2026-09-14,0x7904e8de283960f4176c44690f34af7da47dc75c,other,hand_o2+model,2,0.02,2,0.01
2026-09-14,0xb58d12a9db82707b5b097cc127ad0bd2a800b766,data,hand_o2,2,0.02,2,0.01
2026-09-14,0xc23c4afa42cbabbc03d04bc87ecb769fc82f1f43,other,model,2,0.02,2,0.01
2026-09-14,0x93835cf2bd459e72b577ed944e33578d8529dacc,data,model,2,0.02,2,0.01
2026-09-14,0x6746dff7bdb1ed4940dbe50024795ad97cba09af,compute,model,2,0.02,2,0.01
2026-09-14,0xd1502efbd2674236508bf6d39c81c2abad21cb1e,search,hand_o10,2,0.02,2,0.01
2026-09-14,0xa153f410c700939cfdf9f7f3e7b8d954be9e009d,search,model,2,0.02,2,0.01
2026-09-14,0x30eab9013826ed708ec072af66ae08f4b379fe07,other,hand_o2+model,2,0.02,2,0.01
2026-09-14,0x60abf720a5fd7e1d33790a54719cfa71b8929eba,data,model,2,0.02,2,0.01
2026-09-14,0x7f985b1764f79faa42a4622bb605b23c8eb5abea,other,hand_o10,2,0.02,2,0.01
2026-09-14,0xaa7116cdda58286f4cda40c6f735762c22447104,compute,model,2,0.02,2,0.01
2026-09-14,0xed7d30e8bc643503f9da261ed8e623bb6ecf6189,other,model,7,0.01,7,0.001
2026-09-14,0x4bafaae3442454bce41b51877017170d2d461ebe,unclassed,none,15,0.01,2,0.001
2026-09-14,0x3772e91c287b7be00a67cfb2a72cc5fb5958af06,other,model,3,0.01,3,0.002
2026-09-14,0xd49ba52ee2b98c68ed14c1ef9633a6b01ae64723,compute,model,5,0.01,2,0.001
2026-09-14,0x1cfc6489bc9703a2a49715b8a746d8c6075f3a80,search,model,2,0.01,2,0.0075
2026-09-14,0x7ca97ae70e38736a94eea00427d50846bab978dd,data,hand_o2,2,0.01,2,0.0055
2026-09-14,0xefc3f6ba8a706af67162ebab84fc2d09fa73360e,data,model,8,0.01,7,0.001
2026-09-14,0xc863b1c6658971ca427e90665dccce90a41a2bc2,data,model,5,0.01,5,0.001
2026-09-14,0xf567cfe0fdb87a1d6ca330e3f30f0d3da0f7cb98,data,model,7,0.01,7,0.001
2026-09-14,0xfad67ce5a834e68d5533ba7ac08619ff82a42084,compute,model,2,0.01,2,0.005
2026-09-14,0x15459498e1191d8787c83177809bd54022fa18c4,compute,hand_o2+model,10,0.01,4,0.001
2026-09-14,0xbc64b379295310b4e020f9186de44be0ca4fe3b0,data,hand_o2,7,0.01,4,0.001
2026-09-14,0x6ee49a7872844397fb52870cc07b308ffadc9427,data,hand_o2,3,0.01,3,0.001
2026-09-14,0xf3b36a95913eb2676fcdedb2ba6b0c96ade58de1,other,model,2,0.01,2,0.005
2026-09-14,0x814efe784709f5bf8df47735d87602b01030e5d2,other,model,5,0.01,4,0.001
2026-09-14,0x0573c4da7fc31e944e5ff959fef3b42199c308b2,unclassed,none,12,0.01,6,0.001
2026-09-14,0x5b34cac219963f0a52f1764cfe3cbcd49e222dc8,search,model,4,0.01,4,0.002
2026-09-14,0x519c79c7eb7566f7353a324472a5ce4f05330c81,data,model,2,0.01,2,0.005
2026-09-14,0xca03fb4b1d2f66f5a83a5ca91021b874ac4a34a3,data,model,6,0.01,2,0.002
2026-09-14,0x295aa6c5a3460a0f8755823c8ee7bbc7caf79fb1,unclassed,none,8,0.01,3,0.0015
2026-09-14,0xb856b2c501a91d8dc13411dbaeafdcaca8d39901,data,model,6,0.01,3,0.001
2026-09-14,0x649006bc937e7a60f98e49455d0fe3425321a3b0,data,model,6,0.01,6,0.002
2026-09-14,0x88096b3da9f45b8f923458e6cef69fc0a5be3cae,search,model,2,0.01,2,0.004
2026-09-14,0x31f767855ee8f03fe313ab6a3929ebbf16eb42ab,compute,model,3,0.01,3,0.003
2026-09-14,0x52d4901142e2b5680027da5eb47c86cb02a3ca81,data,model,3,0.01,2,0.001
2026-09-14,0xc1fe5ce97fb6038527d9660cf290b716a264e874,other,model,4,0.01,4,0.002
2026-09-14,0xc6e6138daac78cec93d491b4581afa1a61b98a17,data,hand_o2,2,0.01,2,0.007
2026-09-14,0x55e6024b4eb9b9325537c7453f53fda5413b8417,data,model,5,0.01,3,0.001
2026-09-14,0x46ba634261566cf242c853d1f49511f9268ba674,data,hand_o2,7,0.01,4,0.001
2026-09-14,0x5c3db195a38f39074d8c891741a82f6d8f2a16cc,data,hand_o2,3,0.01,3,0.005
2026-09-14,0xb0d0207bcd46c6a7009ca5c8294177d79adc0807,data,model,2,0.01,2,0.005
2026-09-14,0xcc73d69a4d04fa41afa3727c45140d51d71f615c,compute,model,2,0.01,2,0.0075
2026-09-14,0x0db4c96d8b14f431f3bb8ce1a33f07d2c696a62c,data,hand_o2,3,0.01,3,0.002
2026-09-14,0xa0f9c380ad1e1be09046319fd907335b2b452b37,data,model,3,0.01,3,0.0024
2026-09-14,0x1394a802c94ab096abbd91ccc632843b03f46614,data,model,5,0.01,2,0.001
2026-09-14,0x53598173ce7c26025bab0520d9e9d0c28fbcf7de,other,hand_o2+model,5,0.01,3,0.001
2026-09-14,0xb60a3181303953e6f909ba4d3b09282beefcdd6b,data,model,5,0.01,4,0.001
2026-09-14,0x82b17d0bb4de9ae6c3491257b60e8245e70acd7b,data,hand_o2,7,0.01,6,0.001
2026-09-14,0xed1f3bd0c17b4eb4bcbb2ddb1e436015ac45b711,search,model,2,0.01,2,0.005
2026-09-14,0x08849082224d3b503a5384a693cbf7bc7ce154cd,data,model,3,0.01,3,0.005
2026-09-14,0xe73d86f185be79a33b0318d881b71f2a24371114,compute,hand_o2+model,9,0.01,5,0.001
2026-09-14,0x74718dd5a04e0a0a2bfaf3bd06adb27032c67f7f,data,model,3,0.01,3,0.002
2026-09-14,0xe72b85a97a6e19413d8b80633787eda6d6237a77,data,model,6,0.01,4,0.002
2026-09-14,0xd3fad775704a0ed209315a406c3d99ed589ee723,data,model,3,0.01,3,0.002
2026-09-14,0xdd85ed9e404d22c137a5d9fc3c200847aa3b11cf,other,model,2,0.01,2,0.005
2026-09-14,0x581ab190df2b2932175d987e787acd28a85eaa1c,data,hand_o10,6,0.01,3,0.001
2026-09-14,0x08a6a2ddecdebdbfcb29d725042a6f3d74849e08,other,model,2,0.01,2,0.0055
2026-09-14,0x555379f9f4750eb34ffc8b3daf8eda2ea0f6d112,data,model,3,0.01,2,0.005
2026-09-14,0x83a18b50f9b894ca5ba28ad54585d9c80058fbcd,data,model,2,0.01,2,0.003
2026-09-14,0xa2ad8183209e5d2f7f0d8f995f5601a0bb5100c7,data,model,5,0.01,3,0.001
2026-09-14,0xe341add833f9d62082e97ea260baa6546cd09f73,data,hand_o2,15,0.01,5,0.001
2026-09-14,0xf786a555be87c6d3b316c976b643c70326565f3f,compute,model,2,0.01,2,0.004
2026-09-14,0x995c0abdcd2ad76548e5f7deb54d32549b2b781f,data,hand_o2,8,0.01,5,0.001
2026-09-14,0xeb0f642c1b71ec3b3594303de1d09ea2532b0f5e,data,hand_o2,7,0.01,2,0.001
2026-09-14,0x61195a8af1f72350d85790f6edfd5d11d1fa02db,data,hand_o2,2,0.01,2,0.005
2026-09-14,0xe8bc82d53e45e61e07d84536970d695265a51ce4,unclassed,none,3,0.01,2,0.002
2026-09-14,0x12fe99c184192a0d4a3c507602ad4b03aa3a6fbb,compute,model,2,0.01,2,0.007
2026-09-14,0x3268c9434d8603957420f04510ca0ff6097a5c64,data,model,4,0.01,4,0.002
2026-09-14,0xd275612bf0bb35638432c4d95eaa8d5d22346ca6,compute,model,3,0.01,3,0.002
2026-09-14,0x015eb036560216b3051339061ff68a207e0fe88f,data,model,2,0.01,2,0.005
2026-09-14,0x6a706d6fcf192c15fb592d7502258ed41425dd36,content,hand_o10,3,0.01,3,0.005
2026-09-14,0x108bcd8a07c3fdfca3aa500784a8573123a1029f,data,hand_o2,5,0.01,5,0.002
2026-09-14,0x85df5380debe236ad6bf49de788243924b080267,data,hand_o10,2,0.01,2,0.0025
2026-09-14,0xaed4a496fed1132b94c0a5f9fb5ee7cf63d869c2,compute,model,2,0.01,2,0.0075
2026-09-14,0x105bc7a04eec0c162342874110084dfe01996435,compute,model,3,0.01,3,0.005
2026-09-14,0xe61e9aae81810f199a7d313c355688b28e0f41b9,data,model,2,0.01,2,0.005
2026-09-14,0x9acdadcec881a63508c0f2cd3a4ae61149cc2500,other,model,3,0.01,2,0.001
2026-09-14,0x57210b95ecbfd6f2ee74d77830228b48d1878867,search,model,5,0.01,4,0.001
2026-09-14,0x58e632fa698383820ffc22156352c9836790e2c0,other,model,3,0.01,3,0.005
2026-09-14,0x7d9982ac9af31ef16336740edd26c7f5b4127b51,data,model,2,0.01,2,0.005
2026-09-14,0x3befc9ef80622271f462a6435cb1201ac44cf196,compute,model,2,0.01,2,0.003
2026-09-14,0x22db3a9686ee5261e7bf3ed4f91277232e8076e6,data,model,3,0.01,3,0.001
2026-09-14,0xa0bfa4f07281c9b248dc3aed2217836bca24869b,other,hand_o2+model,6,0.01,6,0.001
2026-09-14,0x3a6e1866f38385025fa9024304882cf59e3330ab,data,model,2,0.01,2,0.0049
2026-09-14,0x96da70311d3fdb8500b9ab0855e17f213db0c9aa,other,model,3,0.01,2,0.001
2026-09-14,0xcdd5cb6ab2b9c5f3d2bae896ce516b65010c1f4e,data,model,2,0.01,2,0.005
2026-09-14,0xa369ac3412360206db63507b190e691c0c5b9f3e,compute,model,3,0.01,3,0.005
2026-09-14,0xb3e9391f04f791462ed2a1ebafabe254d7afe3a5,data,hand_o2,5,0.01,4,0.001
2026-09-14,0xdca14e2b0f7995fe9263d77a9e7dcd128d1e6dd7,data,model,2,0.01,2,0.003
2026-09-14,0xeab9543acf710a24fe096913a428e7d066c88f59,data,model,3,0.01,3,0.002
2026-09-14,0x421d31725e1e7990662600a780ebbb6c92f1cb09,data,model,3,0.01,3,0.005
2026-09-14,0xe8799c2deda78ecceb329d1e8fe9f110bf55e4f8,compute,hand_o2+model,2,0.01,2,0.005
2026-09-14,0xc794070cf310ab3766a8a3903fc6d50e082c3d65,data,model,2,0.01,2,0.0065
2026-09-14,0xc1793b8aa0d25193117ef025f145994e1c02011f,data,model,4,0.01,3,0.002
2026-09-14,0xd6cd12fd5841e5f1daeb687e4ae041f9d08ac1c3,compute,hand_o2+model,2,0.01,2,0.005
2026-09-14,0x435afac555fe115f18e657e49960063c12c6aed0,search,model,2,0.01,2,0.0035
2026-09-14,0xe16a1b12404cb2ebc6e783beca6e2a9253c3dc7e,data,model,2,0.01,2,0.005
2026-09-14,0x788aa4a08da3025c5b5a68be80752ca244e73158,search,model,2,0.01,2,0.003
2026-09-14,0x40b62aa49f4a929760fb2dd0fcb0642f0aa872eb,other,hand_o2+model,3,0.01,3,0.005
2026-09-14,0x9d0bb5da24cade855dee8d1231a1c416e0bb2ffe,content,hand_o10,2,0.01,2,0.0025
2026-09-14,0x57407d691f755caa107647718f3582a8a87467dd,other,model,2,0.01,2,0.0035
2026-09-14,0x55ae5d177cdc9493391a632794fd048e8dba4e20,compute,model,2,0.01,2,0.0025
2026-09-14,0x908b2cc89a2387f754ba3c80aedb06f3457436aa,data,hand_o2,2,0.01,2,0.005
2026-09-14,0x737426d3ed53930b889b3f61774669a0fdf3be54,data,hand_o2,2,0.01,2,0.005
2026-09-14,0xe4a4e5b226be71e7b6ed523bc7a91089c770572f,data,model,2,0.01,2,0.003
2026-09-14,0xa18e34607479b706123ca5e1831f24d2ecece4c6,compute,model,2,0.0,2,0.001
2026-09-14,0xc1d1d0ba6b825375ace79f59148f9a1140997913,other,model,2,0.0,2,0.001
2026-09-14,0x3623ea0856aff3a314a67157d7e5ed1ccec553b3,other,model,3,0.0,3,0.001
2026-09-14,0x0fad15c9f4c38f439fd56c4d4e4bc8fc71c42767,data,model,2,0.0,2,0.001
2026-09-14,0x7d6e22db7c2ee44859061061f99e55257a5ceac1,other,model,3,0.0,3,0.001
2026-09-14,0x84a1827f1705c257e80771fdc2b152aea4a57a08,other,hand_o10,3,0.0,2,0.001
2026-09-14,0xeb76f3442eaf192ebddbc1f7eebd59cde5e00d35,data,model,3,0.0,3,0.001
2026-09-14,0xa709b6534f392c5f4cfb986a329b734ecddc8c6f,data,model,2,0.0,2,0.002
2026-09-14,0xbd65c2d2ac9d3df9ce77e5e2579b5b38efee36f0,other,hand_o2+model,2,0.0,2,0.001
2026-09-14,0x8cb34360d7bb93d4386384d549d69ece30f1ab48,data,model,2,0.0,2,0.001
2026-09-14,0x702ba46435d1e55b18440100bc81eb055574875e,search,model,2,0.0,2,0.001
2026-09-14,0x1a9a7c72208abf3552750eb1c4a4f2ca9e8733e5,other,model,3,0.0,3,0.001
2026-09-14,0x6f748ce56a7b39008dcf42f427a2cbf849ced320,other,model,3,0.0,3,0.001
2026-09-14,0xe602344ef3944497a72981e36066c62e7a99f599,data,model,2,0.0,2,0.001
2026-09-14,0xf69586f5e0e5b3b105a1937364d8b299877c9735,content,hand_o10,3,0.0,3,0.001
2026-09-14,0x12d2425fd88c693edb4de004e0c747879b7d6933,other,model,2,0.0,2,0.001
2026-09-14,0x479b69dfb8f7cce52da68f8276286840e8211ab9,data,model,3,0.0,3,0.001
2026-09-14,0xed181bcadb44681e44fa365521af1251625e57b7,other,model,3,0.0,3,0.001
2026-09-14,0x318a8bac69c4ec1f9e489ce223b7ce2d719bcd3b,data,model,3,0.0,3,0.001
2026-09-14,0xb6011c789c6c48952ac142056900d7ce0f15e1eb,data,model,4,0.0,4,0.001
2026-09-14,0xf2a6416ebb0c594ab2977695bed061729ddeb47b,compute,model,2,0.0,2,0.002
2026-09-14,0x237371f8b372a02b58fb430eb564b7c5cb936f75,data,hand_o2,3,0.0,3,0.001
2026-09-14,0x892d8d9e7f3702ead715bceaba45141b59937239,other,model,2,0.0,2,0.001
2026-09-14,0xda2f35d283c42dd60b965322394bc658a5c1769f,data,model,2,0.0,2,0.001
2026-09-14,0xd6fce15298fc9d60f867d9455d497177da9bfb0a,data,model,4,0.0,4,0.001
2026-09-14,0xbecce6dd106cfa910f78fea188b2fcceb73bdd0f,data,model,2,0.0,2,0.002
2026-09-14,0x7b390424b3e211c0739585778de97ae719ccd137,other,model,2,0.0,2,0.001
2026-09-14,0xd433f056270912659f073d5ffe7ae247e39235a5,data,model,3,0.0,3,0.001
2026-09-14,0x75abce556c2450d58dad3779c57f5eb0885b9758,other,model,4,0.0,4,0.001
2026-09-14,0xd07bb762a322029df4f4fb728af1c805591fc7d0,unclassed,none,32,0.0,26,1e-06
2026-09-14,0x5fd3e2915b3a726db50b6ff60f281f59a591ab3c,unclassed,none,23,0.0,18,1e-06
2026-09-14,0x6a82fe3f9471fdf7c8987b482737a44084dfe2cb,unclassed,none,42,0.0,33,1e-06
2026-09-14,0x7e5af504234a9a992009b4de3f5ca9c4fe0db5be,unclassed,none,39,0.0,29,1e-06
2026-09-14,0x8553670d4b9302a6c6499707e1ad742bd941f930,unclassed,none,34,0.0,27,1e-06
2026-09-14,0xb77bb730db97d8ced7d85b59dd702f83c65bd02c,unclassed,none,14,0.0,11,1e-06
2026-09-14,0x59dc4e72ff68bd2fdcf904f7dea50ba34369c9dd,unclassed,none,26,0.0,22,1e-06
2026-09-14,0xc87a34ea2051c052c9e4ccb4bfc5d308560abc68,unclassed,none,20,0.0,17,1e-06
2026-09-14,0x1035e11e861aab9fa443491bfeeb0b3152c7a9f3,unclassed,none,25,0.0,23,1e-06
2026-09-14,0x3fc3bfe0e28824cdc964b8ba3ba97ac3c8d8ffb0,unclassed,none,22,0.0,18,1e-06
2026-09-14,0x021028695eafdde60e139d87000a8bd6cb65645e,other,model,2,0.0,2,0.001
2026-09-14,0x046a26665429a12448316a3029a2f2ccf8eecd12,unclassed,none,3,0.0,3,0.001
2026-09-14,0xf4b1093a9498523e18c484989df5157012abb85f,data,model,2,0.0,2,0.001
2026-09-14,0x2a47e248ee3b5f3e680b5f6b5832e5ef1206b7e3,other,model,4,0.0,3,0.001
2026-09-14,0x0eba5d314f4f5dcb7a094953fa9311a45172dd1b,other,model,3,0.0,3,0.001
2026-09-14,0x751c6acf5d1b704a1ad983a526207600968b4e41,data,model,4,0.0,4,0.001
2026-09-14,0x58f42c60dfe9b662b9e573c13358e5d773790699,data,model,4,0.0,3,0.001
2026-09-14,0x88e02ad9da1f2de38aad49e5ae2b66169fa103f2,data,model,3,0.0,2,0.001
2026-09-14,0x9d305938253c491f7259d437eff064418b3fdfa0,data,model,3,0.0,3,0.001
2026-09-14,0x3a0aee5c49e6d32a2b7a333dc3500ad6a7901eae,other,model,2,0.0,2,0.001
2026-09-14,0x913805a5419c573075fc05bfb0133462e8ffbd69,other,model,2,0.0,2,0.001
2026-09-14,0xf624f9fe1d3165c5ca32c7fbdbf82f4a5b1d2d0e,data,model,4,0.0,4,0.001
2026-09-14,0xde067f726c514b1e957de551aef6db92be9900d5,data,model,3,0.0,3,0.001
2026-09-14,0x402faccc3faeb72351cc2b68c7966faf5f22b0d4,data,hand_o2,3,0.0,2,0.001
2026-09-14,0x9299ea851fcf213071a6dd94ffcd026834d61023,compute,model,4,0.0,2,0.001
2026-09-14,0x0bf63f37b0f512839c001548dc66a6a99bfc019b,content,hand_o10,4,0.0,4,0.001
2026-09-14,0xea47c042cdd021d19b4fcbb2b27fbc8824fd3b16,search,model,2,0.0,2,0.002
2026-09-14,0x3130cd1cab59a15dc75931ecb006b6f8c0b4a3fa,data,model,3,0.0,3,0.001
2026-09-14,0x41adee1eba2c276be5e8cabe0ce523e4dd792170,data,hand_o2,4,0.0,3,0.001
2026-09-14,0x65e3e64935ea709bdf1119e1fc991299c04c0154,compute,model,2,0.0,2,0.001
2026-09-14,0x841ef35b7b7ee4c820bff040369a8ade4741b45d,data,model,3,0.0,3,0.001
2026-09-14,0x8b29dabd6fbb5a09dacbc7978eaed66a8540721d,other,model,3,0.0,3,0.001
2026-09-14,0x23c920649f148bd253583f140f540797b312db35,data,model,2,0.0,2,0.002
2026-09-14,0x6b1ac7935dad576b921af0e6edc27319bc27aadd,data,hand_o2,2,0.0,2,0.001
2026-09-14,0xd85096faec1ac03075667b4c1a1661f5623bf111,data,model,4,0.0,4,0.001
2026-09-14,0x1bb5dabe390cf04bf743175a1b57a55ce288ae7f,data,model,2,0.0,2,0.001
2026-09-14,0x41b3a2dc793e729d41ff34db389e1cb5086de215,compute,model,2,0.0,2,0.001
2026-09-14,0x5100a134d768415cc4a25d7bdbcfc44394d62282,compute,hand_o2+model,2,0.0,2,0.002
2026-09-14,0xb6a059e341769c08310a8cfaef17015fc5f896c4,compute,model,2,0.0,2,0.001
2026-09-14,0x4094383033c1861e2686eac4d4bbae6f0031f5d2,data,model,3,0.0,3,0.001
2026-09-14,0xfcafd9dac06a03f588d6f55b5336162dfd7202a6,other,model,2,0.0,2,0.0015
2026-09-21,0xffde1acbac169f822dabc3d97d6d7127dcae6003,large_ticket,unlisted_review,11,28231.86,7,1500.0
2026-09-21,0x68396bd35874695ad86cd29410bd80a550991a2b,compute,model,28070,21466.32,720,0.003
2026-09-21,0x93862e5b2b1fa10a01772e7e9ca7cdc7deb5ca25,large_ticket,unlisted_review,855,11456.71,126,10.791
2026-09-21,0x47d3394c7234714e4b9e9b74827c12be847f9dda,unclassed,none,3892,8533.9,25,1.0
2026-09-21,0x85b47b40455ab2bd7921f76dce841b48c82d627c,unclassed,none,1212,1839.29,3,0.9
2026-09-21,0x7284d41b5b852f2bd4c99bdf95043d84452d299c,other,model,90114,1802.28,1634,0.02
2026-09-21,0x2670b922ef37c7df47158725c0cc407b5382293f,unclassed,none,105,1304.93,18,0.01
2026-09-21,0x6a0a10ffd285c971b841bee8892878c0d583bf67,unclassed,none,203430,997.9,105,0.002737
2026-09-21,0xe9030014f5dae217d0a152f02a043567b16c1abf,data,hand_o2,29654,604.38,128,0.003
2026-09-21,0x480cd46e6fade651a0437deadda53d5c8e7d846a,other,model,278,439.64,30,0.002
2026-09-21,0x17cd53c04d707ef0dd615ef56c633f02915a7905,other,model,7084,354.2,53,0.05
2026-09-21,0x325bdf6f7efab24a2210c48c1b64cab2eae1d430,data,hand_o2,15465,338.97,126,0.0126
2026-09-21,0x159be9e316bc5fac8ce05aec4eaae46e8f8a4908,other,model,2914,291.33,345,0.1
2026-09-21,0x5aae638ccd22a4117c0441331e8e86ca979d482e,unclassed,none,5390,286.51,238,0.001
2026-09-21,0xa9dd7cc9cbf0e05551332209289f04be36bc2315,data,hand_o2,123756,258.83,55,0.002
2026-09-21,0xcc74a6404d54de40572e67dc4fa03c6280e68ae3,large_ticket,unlisted_review,4,223.25,4,61.605
2026-09-21,0x3291e96b3bff7ed56e3ca8364273c5b4654b2b37,other,model,20,222.91,18,0.001
2026-09-21,0x837c40e2b4e976f43ffb4451ee281a00fa9477dd,data,hand_o2,144,178.59,4,0.1
2026-09-21,0x213c8d7434e2ae7aa1c392767c5120778d413215,compute,model,144,158.59,12,1.0
2026-09-21,0xa0af9ed64c8fe5d00ce879badd40e94b47db2542,unclassed,none,153,148.71,54,0.5
2026-09-21,0x158e90dd58fbe897ed8c244f472febee37283d00,other,model,14174,144.44,4,0.01
2026-09-21,0x367f1b3d8ca90d1e087481a9a40d585bf3451a03,compute,hand_o2+model,92,133.87,4,0.15
2026-09-21,0x4aabe17c239ef71c3a26ba7c2b3e0aebbfc1df26,data,model,37,126.0,11,1.0
2026-09-21,0x5b9acf47eda712cdc7ec4b499646f6c236d880c7,large_ticket,unlisted_review,6,123.6,5,6.0
2026-09-21,0x48503ac8776acad38392faac50fcc2897682bdd5,unclassed,none,3,102.07,2,40.0
2026-09-21,0xc2569d5e5e8aebb2fa2eb2cad126f4b92012c5ff,unclassed,none,2,91.0,2,45.5
2026-09-21,0x5ca3647cedc9c22bc1541467277669dfdeca2932,large_ticket,unlisted_review,6,75.0,4,12.5
2026-09-21,0x90e71f8793602064237fdb3d0deacf27b70ea9b6,unclassed,none,3,67.0,2,15.0
2026-09-21,0x07f067959297767c887dbfa3c72379c66e82a045,compute,hand_o10,103,60.51,23,0.17
2026-09-21,0x21dd37e3e4ea6ccc0a5c98a4944702ede6e7be10,large_ticket,unlisted_review,12,60.0,6,5.0
2026-09-21,0x788b4ca11950879550353d8ae82d1c0af6018454,other,model,44,58.23,3,0.51
2026-09-21,0x7d2ceb7a0e0c39a3d0f7b5b491659fde4bb7bcfe,other,model,1147,58.15,72,0.05
2026-09-21,0xf000ab8b02aa5c52b62bdb10bf63312317e994fc,unclassed,none,837,55.17,4,0.03
2026-09-21,0x3c0820e2dabd5feae1fd03b78079dee15c7f83d8,unclassed,none,64,54.52,11,0.001
2026-09-21,0x3e0a7c9a79f0646fc4e72d52b5ee8877f5aa78e7,unclassed,none,11039,47.4,1203,0.004289
2026-09-21,0xed9fcd0d36d1fc847b6489865261ccbbbf299902,large_ticket,unlisted_review,40,44.56,5,0.525
2026-09-21,0x930feb56fedefbf1f0e50c1950e7bd2e554cbb7a,unclassed,none,5,37.71,4,3.3625
2026-09-21,0x589a2314a2e05f45e40c4823da3ba58d421db3d8,other,model,5495,37.47,40,0.005
2026-09-21,0xbf22b6ddb5a08c823856a779f1004eea60c5ab92,content,hand_o10,20,36.0,8,1.0
2026-09-21,0x421b1e2ebc5458b5f3e156fd57300bbd8fd0a89e,compute,hand_o2+model,119,34.61,2,0.25
2026-09-21,0x52e29e0d2aa49bfbfc548c0a9f2196f4aa51f3ea,data,hand_o2,3782,31.51,520,0.005
2026-09-21,0xe8e26183736d796d401df30810207465fa708959,data,hand_o2,43,30.56,3,0.5
2026-09-21,0xcfa26f13c6c18307033ece13bbb8f470da5b4dbe,search,model,509,30.54,32,0.06
2026-09-21,0x93053f1e7a5efeda532fe69cbbe43cbec3a0f13f,data,hand_o2,1458,27.02,108,0.01
2026-09-21,0x66d7c2f952362bfb24fd7f02a9bec9c754ea83bc,data,hand_o2,363,26.86,5,0.0324
2026-09-21,0xef4364fe4487353df46eb7c811d4fac78b856c7f,other,model,2685,26.85,563,0.01
2026-09-21,0x50ab2018c06c6e4eaa9ba52057eb55ed284912fc,other,hand_o2+model,376,26.68,16,0.08
2026-09-21,0xaeeb8eabdc05532a26123045f99d208eb1cc00ab,data,model,118,24.43,7,0.0625
2026-09-21,0xabf4fabd7c416fb67202e5f9002389fc75e2a9d0,data,hand_o2,2400,23.45,97,0.003
2026-09-21,0x26572ff23c6c52bfb1a69cb0c9114a8be443b422,compute,model,121,23.35,25,0.25
2026-09-21,0x942bd3e3073543c674efc0c378d5bce20f9120c1,data,hand_o2,53,21.8,6,0.2
2026-09-21,0xee15c2735ed48c80f50fe666b45fe9ec699daee5,unclassed,none,4,21.5,3,4.315
2026-09-21,0x40a8cdd6a10ec1a8cb3dfb2834675e7a2cf4ad8b,other,model,3002,21.32,79,0.01
2026-09-21,0x4466d4a84b7c49a6a094ec6eef4a0712d6dd125e,data,hand_o2,802,20.86,42,0.008
2026-09-21,0x1f81da453901d15296c1710af83e0bc0371d39f1,data,hand_o2,409,19.97,23,0.05
2026-09-21,0x9aaceabad8e1858b72fcea1665381b168841b2fa,data,model,436,18.98,5,0.05
2026-09-21,0x75ddd3c42eace13c59ea0cd1141b886a1c70d2a5,data,hand_o2,54,16.75,5,0.25
2026-09-21,0xdd257723b86b4947483905cdacbbbc70facf2ec0,data,hand_o2,825,16.41,20,0.02
2026-09-21,0xc0ce6bfb16bb6b6e10a9d806e509d8d20996380f,search,hand_o2+model,16,16.0,2,1.0
2026-09-21,0x7f33b3c113915a0f2981070553ba9538c0f90171,data,hand_o2,121,15.98,5,0.02
2026-09-21,0x3e6ce487f82bef79d699932d31ed87a5ce7c1852,other,model,11,14.94,2,1.9
2026-09-21,0xf121fbecec43e1b616d47285851c20d5fc64431b,data,hand_o2,61,14.15,6,0.29
2026-09-21,0x7c655d3d3944bd27994dd81a036c3afb19806c40,data,model,318,13.95,27,0.01
2026-09-21,0x4ff893df9ab8603d5460fbbaee0d9b8c0fa4d5e9,content,hand_o10,390,13.8,3,0.025
2026-09-21,0xade02dff58b0316f04cd59806e3fdb4690fe89ab,data,hand_o2,84,13.75,12,0.25
2026-09-21,0x8e37022edcf0f21cf3c9f93fee9d4d32519f36f4,compute,hand_o10,8,13.14,3,2.0
2026-09-21,0x7dd5be069f2d2ead75ec7c3423b116ff043c2629,compute,model,158,12.76,22,0.004775
2026-09-21,0x44dc2dceaa22c7ef6b2e2cf2362fd3fb476b7c2c,compute,model,512,12.47,3,0.02
2026-09-21,0xa13d363aecccf878ec64f6eb687eb4a771fb0599,data,hand_o2,247,12.02,7,0.05
2026-09-21,0x3c5cbe28eca3b96023c45d3f877da834f1c7d5fa,data,model,81,12.0,8,0.038
2026-09-21,0x4f4beb658084d7bd7ea0b6f74dbf6e99f93d422d,data,model,1094,11.39,1094,0.0015
2026-09-21,0x2a90d68071b16ba7ab236709d4e37a54f56fea3b,compute,model,139,11.35,5,0.01
2026-09-21,0xbd62f8dcb52e21ca5bdf20ba173488da101ebcf0,other,model,20,11.03,2,0.5
2026-09-21,0x8aab9a6d28e9aba2a15a613c90f24f352f0cce15,data,model,1054,10.58,6,0.01
2026-09-21,0x9811c0900fcb719bbc363a3846d2d6db2771dea8,compute,model,128,10.35,5,0.05
2026-09-21,0xae393a9cd728f7397f50f6f8c88096a0f3d2b42c,compute,model,17,9.64,4,0.2
2026-09-21,0x07317e7713aa8ee93913214a4a74f334ff7db048,unclassed,none,30,9.36,9,0.01
2026-09-21,0xe740d5701749d262da5e4fcb9f814c5b6d91cf46,data,hand_o2,61,8.9,6,0.05
2026-09-21,0xec9641ebdcdfcad27bc10472d26bdd61cbf71d5c,unclassed,none,50,8.9,2,0.15
2026-09-21,0x00acee6cd97a308ace9a3fe7da90664bfa9b6d21,compute,model,233,8.61,7,0.06
2026-09-21,0x6d6e695b09861467c7d462f5aaf31cf3540b9192,search,model,1306,8.59,57,0.007
2026-09-21,0x4a26235bf51c73048635d607eb5371e9b3e611b8,unclassed,none,5,8.33,3,1.0
2026-09-21,0x76a672eee56d29d475b0715cc03b8c99d70ec8a2,data,hand_o2,90,8.18,3,0.02
2026-09-21,0x3070fbb3803819fb5bdfe9286fdc6325a877fa85,data,hand_o2,271,8.12,11,0.01
2026-09-21,0xdc59fa7b64988b846e76ec9849bb68f889071506,data,hand_o2,1618,7.71,7,0.001
2026-09-21,0x7360d007c5b96c1a0be4d3faf7f4bc3f8d1fb832,unclassed,none,161,7.45,5,0.020383
2026-09-21,0x6cb53f00a586f7704e1f7121c2e397b579eb3ed0,data,hand_o2,28,6.94,2,0.1
2026-09-21,0x1677383a7bec2cf618fc98aef68b757bcfc37f27,unclassed,none,199,6.89,2,0.0105
2026-09-21,0xdb5aa553feeb2c3e3d03e8360b36fb0f7e480671,unclassed,none,1304,6.77,7,0.001
2026-09-21,0xf732ea490c5766071785a2310523f7fa2cebb829,search,hand_o2+model,1241,6.21,10,0.005
2026-09-21,0xe8dc41f9e675ba8340140c99180cfaee65d4d160,compute,model,6,6.18,4,1.03
2026-09-21,0x1f0409ccd20a2fb497d4decef4e17e9d0688fea6,data,hand_o2,104,6.16,3,0.02
2026-09-21,0x6cab485fc28ec70d3845113b704d4824e4d2b24f,compute,hand_o2+model,6,6.0,3,1.0
2026-09-21,0x7d8eab230f4483895a75ebdc863e00f99d0a0566,unclassed,none,5,6.0,2,1.0
2026-09-21,0x057ac04e2b963e8b86e1dac826ef6a6e0e3002b2,unclassed,none,3,6.0,3,2.0
2026-09-21,0xd593832ce9c2b13b192ba50b55dd9af44e96700d,data,hand_o2,178,5.69,10,0.035
2026-09-21,0x8c128f1ee62bb5e47867cfbae2ad89be325df1b2,data,model,120,5.46,12,0.05
2026-09-21,0x71bc7ffb81825fa5b61bfb2b9527bfaf661ff42b,compute,hand_o10,5,5.2,2,0.05
2026-09-21,0xcc985ba6934d134feec4824ba40258608f3a4333,compute,model,9,5.0,6,0.5
2026-09-21,0x22f7e9518dff04a5db1fddaabc0e001b8c425b3a,data,hand_o2,250,4.88,3,0.005
2026-09-21,0x9dba414637c611a16bea6f0796bfcbcbdc410df8,data,hand_o2,738,4.83,22,0.006
2026-09-21,0xab6731a0bcdf511c2842c768a03448075ab654ca,other,hand_o2+model,105,4.62,28,0.005
2026-09-21,0x348ac9e3b010ba2300ba9a7bcfe5ae592b9fcfaa,data,hand_o2,189,4.56,6,0.01
2026-09-21,0xb1ef5415e9d3695e16977b8be422ab7512f788c0,data,hand_o2,193,4.54,9,0.02
2026-09-21,0x13e060adcc6f4b731da8382b333027b8b2bff707,data,hand_o2,447,4.47,3,0.01
2026-09-21,0xd494a454888a390b2b05df74ae2b5fd9c9902b71,compute,model,574,4.46,58,0.001
2026-09-21,0xd22b6d51ff3bb145d55676243d5a7d4c66fd78d5,unclassed,none,220,4.29,2,0.01
2026-09-21,0x0e84ddedaae6a779c462c22a59f301ec31b6b808,data,hand_o2,842,4.1,215,0.002
2026-09-21,0x43b85ae58f0a2505c710bc715d6f3eb16b1f63de,data,hand_o2,49,4.02,8,0.03
2026-09-21,0x52ab53912d37759b2ad364f22dd06b16714b6c06,data,model,59,3.83,12,0.05
2026-09-21,0xbef3e7cfd486c14dd8c3aa5911134bf361b973c5,other,hand_o2+model,16,3.6,4,0.01
2026-09-21,0x771e9b2cc7013b903d76a7b98bbb16e6ab9199f2,data,model,129,3.57,2,0.02
2026-09-21,0x6b0f4651ed42893ab58139938175e4a69f175f25,other,model,69,3.45,4,0.01
2026-09-21,0xd334ab5151c624cada654854e2879903dc4217ed,data,hand_o2,195,3.4,2,0.004
2026-09-21,0xb4d61bc3a32425d6bb204c3ad4030dfa4c7b2f46,unclassed,none,34,3.35,2,0.15
2026-09-21,0xcb79b3c5a7dadcd7c30e3be252c0ca44a06c6f78,compute,model,33,3.3,3,0.1
2026-09-21,0xc751344ee09b5159160173f77d4a1169bcd386a1,data,hand_o2,1081,3.29,22,0.004
2026-09-21,0xc3d01fd2f79d4c57ad106ab8ecc12a5de24f97cb,data,hand_o2,128,3.25,14,0.01
2026-09-21,0xd4bf214e1c1f7ec0e798eea554d1a1157158ff2b,unclassed,none,15,3.0,5,0.2
2026-09-21,0x090d5c06f8b33a1f1bd1816c44a87030d83bf7a9,unclassed,none,3,3.0,3,1.0
2026-09-21,0xfda0abbed4cbb09d402096b53a82bd50a9242f3e,unclassed,none,3,3.0,2,1.0
2026-09-21,0xb92aab592cbed6a12a6e17ddf65e96050c268bc8,unclassed,none,3,2.97,2,0.99
2026-09-21,0x0550779cfbc832657a8bb46bac9f359a5ad038b8,data,hand_o2,131,2.96,9,0.025
2026-09-21,0xd004278bc57fe4b9f743abf17d713ed4169a88e9,data,hand_o2,17,2.95,3,0.15
2026-09-21,0x2c871c2b8876dc35e9e19646fda5abf1cd27735f,compute,hand_o2+model,288,2.78,7,0.005
2026-09-21,0x51d577c8cbb8b3fb1ba0ce31c7923cc27a07f78b,data,hand_o2,451,2.71,17,0.006
2026-09-21,0x2ec4545f96a24876764bf2b04d54e66a1351be71,data,hand_o2,268,2.69,13,0.01
2026-09-21,0xdadc335482ad545296fd7b28518a251ffcbeb9df,data,hand_o2,627,2.6,18,0.001
2026-09-21,0x7d9c21acb6be3f6ea4723c148a32dc327a3ecb5b,data,hand_o2,64,2.53,4,0.01
2026-09-21,0x33693228b706cb30f4b4dbf35f79129a763f91c5,other,hand_o2+model,3,2.52,2,0.01
2026-09-21,0xcb9b3f94387389e38ef2a7b3c0b851fb8325d7e9,data,hand_o2,128,2.5,13,0.02
2026-09-21,0x880ae37b0d51b9c51c809bba8d2ef9fdffee7fd1,unclassed,none,6,2.4,2,0.4
2026-09-21,0x6e007731870ede419cfb31889cd5c4493cecb04c,data,hand_o2,269,2.29,79,0.0085
2026-09-21,0xa733875f2f7e8a2817040b5c60b63ae07d58a1d6,data,hand_o2,4,2.26,4,0.1275
2026-09-21,0x22911730c7081a23e1f631fee088845495111087,unclassed,none,2,2.25,2,1.125
2026-09-21,0x26c2ebffb2b332e5c188b1e33d4c7fa1a0ce0937,unclassed,none,6,2.23,5,0.255
2026-09-21,0x973a31858f4d2125f48c880542da11a2796f12d6,data,hand_o2,88,2.09,6,0.01
2026-09-21,0x9876af0f6d8ed5155cd02d1ca56d128601612690,other,hand_o2+model,177,2.08,3,0.01
2026-09-21,0x026145397ac2be686c3a86b5f5d3effc743f2185,unclassed,none,3,2.07,2,0.71
2026-09-21,0x0573c4da7fc31e944e5ff959fef3b42199c308b2,unclassed,none,7,2.0,5,0.001
2026-09-21,0x8afbd522f8a16bea184b41c593b8925a66830bc6,other,hand_o2+model,185,1.96,4,0.01
2026-09-21,0x48d5a78d480b4c32de319c2aef69e682dc304615,data,model,158,1.95,6,0.005
2026-09-21,0x7d9a65d06dcc435a52d5880c6310bd6e96c156db,data,hand_o2,200,1.94,8,0.002
2026-09-21,0x127462e296fac1a7f5cf33ba57bb2f0fff5cd0b6,other,hand_o2+model,55,1.9,46,0.001
2026-09-21,0xee72b902af7466023595512e3359bb5bf312977c,other,hand_o2+model,62,1.87,5,0.01
2026-09-21,0x967f08fc4d3b9651314207f6cd4c7d166b94880c,data,model,9,1.85,2,0.25
2026-09-21,0x6c0752c09e7f6fa6526fcdf40e456a159ebb5621,compute,hand_o2+model,154,1.83,16,0.005
2026-09-21,0x0b4242adf40726d9b09688030948176752d29924,data,hand_o2,39,1.82,3,0.01
2026-09-21,0x6e9c2ebca537f861fe9242f8f974d99b3df762b2,data,model,91,1.82,3,0.02
2026-09-21,0x0a45432b7301e6979b3d3247c8dc10f4ceb24e36,unclassed,none,14,1.77,2,0.002
2026-09-21,0xfdb4b511f6ae1f270776e500b3360217d5e7ed03,data,hand_o2,155,1.76,12,0.01
2026-09-21,0x1ab6171163418d8479774b4c396c44a2be705e65,unclassed,none,2,1.76,2,0.882
2026-09-21,0x02c2fcafce36b4aadb39625866bc6b1699d83043,data,model,125,1.75,9,0.014
2026-09-21,0x5f7254f252ef9b9f92b6b4f2cf91205ed7a96c7a,compute,model,106,1.69,3,0.01
2026-09-21,0xbfd71ea27ffc99747da2873372f84346d9a8b7ed,unclassed,none,271,1.69,14,0.005
2026-09-21,0x970007590acc5c938cd51345b17af51b1b40d3ab,other,hand_o2+model,89,1.67,58,0.01
2026-09-21,0xd29d93f0a5e161f1f286f5cd5afeb718837c15e1,data,hand_o2,13,1.63,2,0.02
2026-09-21,0x525f6ddce9af7a7179d7696aabfcd5fcd15a21e6,data,hand_o2,160,1.6,12,0.01
2026-09-21,0xdceca23ff8a7145e1b5b35427c9886cf21a67566,other,hand_o2+model,15,1.59,4,0.01
2026-09-21,0xf444abc53f5e1e73caec7df64d147ddb119514a0,data,hand_o2,108,1.56,10,0.01
2026-09-21,0x515e7bce44baa5f6e42d16d4b5f27768e7f2f8cc,compute,model,28,1.55,2,0.05
2026-09-21,0x110cdbba7fe6434ec4ce3464cc523942ad6fb784,data,model,151,1.51,15,0.01
2026-09-21,0xb15a55e85fdf5edc41b6c1eaf7813e2c6e6def59,other,model,146,1.46,7,0.01
2026-09-21,0xfc33c2215249ecb8d20b5ab1a4110138a6a6ea60,unclassed,none,4,1.45,2,0.15
2026-09-21,0x058d0cc5cc97e61e8a9f38d6d6365bce525921b2,search,model,281,1.44,11,0.003
2026-09-21,0x93a1f57d2e0dbe4cc882b5dbaebe7f0f16443338,data,model,25,1.38,2,0.05
2026-09-21,0xc13789e82661635d9cea38a53a0390cf9939ef4f,other,hand_o2+model,47,1.34,3,0.02
2026-09-21,0xc3b66d340390d5dd2ec8294168f185e811b6c06b,data,hand_o2,72,1.31,8,0.005
2026-09-21,0x29322ea7ecb34aa6164cb2ddeb9ce650902e4f60,data,hand_o2,193,1.3,141,0.005
2026-09-21,0x5976376b0c2125655e01d0a7758c744c43fb6d93,data,hand_o2,37,1.27,2,0.005
2026-09-21,0x4df66b6c140778fe0717880a7c6dde5ea53acdea,data,hand_o2,31,1.26,10,0.05
2026-09-21,0xeca891e34b3e5873181fb779672564e198c55354,data,hand_o2,66,1.26,2,0.02
2026-09-21,0xb3f4de103f34b99f0da19b4f16d6b53a14c2194a,data,hand_o2,133,1.25,16,0.01
2026-09-21,0xe82ebef57fa5af958b8ecb6843d4327d314f59e3,data,hand_o2,329,1.21,14,0.003
2026-09-21,0x36038e1d712c5e39f35952164ec58ec2b96caee7,data,hand_o2,45,1.21,15,0.02
2026-09-21,0xd4e4192495bea3101309c00c3be523fd19313d87,search,model,24,1.2,3,0.05
2026-09-21,0x7941582afbf097cbcba3fee8b7cac1a8bc329139,unclassed,none,2,1.2,2,0.602
2026-09-21,0x5d5e0cf1cd611ff6f08e9c5a11cd068ab9b63085,unclassed,none,12,1.2,4,0.1
2026-09-21,0xccd231829e24b42195b500028f8779b8f8b1131a,data,hand_o2,120,1.16,5,0.01
2026-09-21,0xc9b70d8d342609437bc87ec3c877911a306d3e6a,data,hand_o2,20,1.16,6,0.05
2026-09-21,0x5e00c23a3cb51746fa0cf3e2ccfb0757fe2c0b5c,compute,model,13,1.16,2,0.0728
2026-09-21,0x5e709929a4ab69ec3a8811d03417869059bc4eb9,other,hand_o2+model,19,1.14,5,0.02
2026-09-21,0x8aa6a85a2723e2816204f3cf48d76b84bafdaab4,data,hand_o2,17,1.14,3,0.02
2026-09-21,0xd993eafba87cffa2ca2cff5a56ef89034575a7ef,other,model,31,1.13,2,0.05
2026-09-21,0x6a17d38f3486ff23c6b9d1bf3d445d400c2e752f,unclassed,none,2,1.13,2,0.565
2026-09-21,0x86256e25d4e5511eb6dcc474a4e779970267e903,compute,model,63,1.11,4,0.015
2026-09-21,0x33fb2b9fead6a9c27fb839b4c8d364b06fcb6812,unclassed,none,2,1.1,2,0.55
2026-09-21,0x2a462db85807f0ff497ddd15f5978317d079a3a1,unclassed,none,70,1.08,49,0.02
2026-09-21,0xc91ce6291edc0713ec753bafba002506ffb2b95c,other,hand_o2+model,6,1.06,3,0.01
2026-09-21,0xf22e558a00d91ee12a1f50c52186fecb8ddff493,data,hand_o2,194,1.04,21,0.003
2026-09-21,0xdd350976b8cffc65938c0464d39a2c78be079bd0,other,hand_o2+model,14,1.03,4,0.001
2026-09-21,0x03d773c52b67993e60ecb3134b17436fe03b584c,data,hand_o2,21,1.02,3,0.05
2026-09-21,0xa2d72abf2c5e939fddca4156b74de482e03ca3ec,other,hand_o2+model,3,1.01,3,0.5
2026-09-21,0x0ed530b0fdf226030e6ad78fd68ee033df0103c7,unclassed,none,2,1.0,2,0.5
2026-09-21,0xa18e34607479b706123ca5e1831f24d2ecece4c6,compute,model,6,1.0,3,0.001
2026-09-21,0xf752eeb75d3bea24aa867ad93bfd8ef5a2f431b9,search,model,73,0.98,17,0.01
2026-09-21,0xfa45c1c9e6e21bfc7fc6ca21efefae60627ce3d7,unclassed,none,6,0.98,5,0.1
2026-09-21,0xb4f9061e3a6a5533431336506b34e1035029599f,data,hand_o2,24,0.97,2,0.02
2026-09-21,0x54d6c2c08e10f1a1d3da88df513bbe9bcf1a4afa,search,model,28,0.95,9,0.05
2026-09-21,0xbbfce2d320de6ab328ba93a771c531ebfc9ce704,data,hand_o2,7,0.95,3,0.15
2026-09-21,0xaa9f1f763447a2d0c934eba7de610132ca216123,unclassed,none,2,0.95,2,0.475
2026-09-21,0x10ff767043a1723e0bb5b9207bc37d3442cc9e4f,compute,hand_o10,4,0.95,2,0.15
2026-09-21,0x0d083590c048a243e24a75e3a7c968145de25b44,data,model,191,0.94,16,0.005
2026-09-21,0x9fb365e4e9385e2a39febad70368267e6f571d9a,data,hand_o2,86,0.94,15,0.002
2026-09-21,0x1304ec1a8945365e43a5c18a734065f107b417ca,data,hand_o2,20,0.92,4,0.05
2026-09-21,0x1ccef327b34853f6ac51464ea47fb3c291328d5e,data,model,18,0.91,2,0.05
2026-09-21,0x4395c7e383b7e05665aad7f36ed77c01923dd965,data,hand_o2,62,0.84,8,0.015
2026-09-21,0xae2634e709c454f2720c65a0b2f9ba168e431842,data,hand_o2,10,0.84,3,0.12
2026-09-21,0x3764ff18540030ce69ff217d34f1d1e90d3f830c,unclassed,none,3,0.84,3,0.28
2026-09-21,0xd662a1aeec74e6021068a4f2ad998b1fb375803c,unclassed,none,6,0.79,6,0.1
2026-09-21,0xcf19bafccbf27369ceea7ff0f60c891dec1a0830,unclassed,none,2,0.76,2,0.38
2026-09-21,0x05d6624e074cb7fb8d7d14c672e42c046975905c,unclassed,none,2,0.76,2,0.38
2026-09-21,0x28410eac7393dba041cd5a92eefe7a8e834310bb,data,hand_o2,15,0.75,3,0.05
2026-09-21,0x3c5f3a6ce224bb89d72f5eb4232ecc27f67b3eea,data,model,71,0.71,9,0.01
2026-09-21,0xef879bfd6c4accb8f795136de90246e1ec245e06,data,hand_o2,23,0.71,8,0.03
2026-09-21,0x464374fb066f08273740e99ad5c07b92d8ac665f,compute,hand_o2+model,17,0.69,4,0.05
2026-09-21,0x06dff3c8380b5d1799874ada903fc3422882fd6f,other,model,70,0.67,13,0.005
2026-09-21,0x2b6d4988db4723e6908db86ab2b8dfbc51fc32c5,other,hand_o2+model,65,0.65,20,0.003
2026-09-21,0x2e8dfc2a77adcdd865a46293844c250462a1c32d,data,hand_o2,52,0.65,3,0.01
2026-09-21,0x996381355da1bcd6c0f5d757f5caebd9e4b2ed2f,compute,model,14,0.62,2,0.05
2026-09-21,0x8c69b13769ca7033145cedbf463a7fe1368537d1,data,model,6,0.6,3,0.1
2026-09-21,0xa7325ad60f46a05db8645a267d6c99321431b3eb,other,hand_o2+model,12,0.6,2,0.05
2026-09-21,0x49245ae5cfbf5b751f83ba66e8502b33551fa9c4,unclassed,none,3,0.6,3,0.118
2026-09-21,0x54ebfcf3870439b9db62381848c5dabc05c70d5b,data,hand_o2,23,0.58,6,0.02
2026-09-21,0x5232ca1dc9ebcfe0001b2f11825c8e83ba08e6e6,unclassed,none,2,0.58,2,0.2885
2026-09-21,0xf4a904d8326786d90157cf791c281302f11b2036,data,model,37,0.57,2,0.002
2026-09-21,0x734dd50abb63ea5af3d92b8016825475694bd883,data,model,6,0.57,2,0.015
2026-09-21,0x68e3e7822cf83c824cf9606ec999b5e8a93c85b5,data,hand_o2,34,0.57,12,0.005
2026-09-21,0x9acfdc5a3d6bfbb127615751e0f0e44014e32abf,compute,hand_o2+model,117,0.56,7,0.002
2026-09-21,0xd5f96558fcb1f127c77c7d95eea067f526d08618,compute,model,51,0.56,3,0.001
2026-09-21,0x176b5a928dc3ef323883c789b31170fdc2c36cb8,unclassed,none,2,0.56,2,0.28
2026-09-21,0x9863ab6242663fcc84c33632741711db78f8fd15,data,hand_o2,3,0.55,2,0.01
2026-09-21,0xabcb091d90419e1c8ad4818f1b33fc4645501892,data,hand_o2,17,0.55,2,0.01
2026-09-21,0x9e6c8b111590ca51f0afde92a241cf280cdf7c0b,unclassed,none,3,0.54,3,0.08
2026-09-21,0x17e0e7156403beb6e73223d81bb78cba3d29e695,unclassed,none,2,0.53,2,0.265
2026-09-21,0xeb12bb2f52eed33dba6a00774e48324032fd87c6,compute,hand_o2+model,107,0.52,4,0.001
2026-09-21,0x53884ef9a486b805bfa5e4f55290ff66dca7c457,compute,model,75,0.52,4,0.002
2026-09-21,0xa499f6f6ab97ba87db2e1fd7a1e3534125b60018,data,hand_o2,26,0.52,3,0.02
2026-09-21,0xb1cbb88acddb2b54f3d18125fa988276751b4d42,unclassed,none,4,0.52,4,0.08
2026-09-21,0x4c1a4fce51fea51f128a01cce8becb106d391155,compute,model,6,0.51,3,0.005
2026-09-21,0x12cd84b102bfc1f2a4d6257c5bf14aca9acd6a4b,unclassed,none,2,0.51,2,0.255
2026-09-21,0xa0f3c29f25778ddf46fce2cab5f7e7c25e6a1451,data,model,3,0.51,2,0.25
2026-09-21,0xcc42ed39a06b6cf3f484307ef76b88bf56fb305f,data,hand_o2,37,0.5,9,0.02
2026-09-21,0x5100a134d768415cc4a25d7bdbcfc44394d62282,compute,hand_o2+model,23,0.5,2,0.01
2026-09-21,0xfe31fd52a89461b8d54895cfcf86187aa3c95f21,other,hand_o2+model,2,0.5,2,0.25
2026-09-21,0xc6748b4a481f26557c177a754c0b444bd267e6f7,unclassed,none,4,0.49,4,0.1075
2026-09-21,0xc58f8eff2b6f46b9f5e75432fcdebd5dd949b09f,data,model,16,0.49,2,0.03
2026-09-21,0xc327d0aeb5f65b514b193b5e5a95cc6f4060815f,search,hand_o10,76,0.48,12,0.005
2026-09-21,0x6dc1914047fe2e72d48eba80314a38aa77309bd6,unclassed,none,3,0.48,2,0.1
2026-09-21,0xcb8025d951e5e45be7d288b658eeee6f05713006,data,hand_o2,94,0.47,7,0.005
2026-09-21,0x8d0663bbb967ebf1c047405a888ddf865f3e8854,data,model,65,0.46,5,0.007
2026-09-21,0xf1f15ab1b66377d6d60b8938a737122551be57f9,unclassed,none,7,0.45,2,0.03
2026-09-21,0xe4181c7de066959bcca010525304ba68a84768e0,data,hand_o2,86,0.43,6,0.005
2026-09-21,0xef81bf91e7af1922103c3b6a9b2549bb0824b72a,unclassed,none,86,0.43,2,0.005
2026-09-21,0x284eef346acd00f67620eedf438524f2f9e25b22,unclassed,none,4,0.42,4,0.105
2026-09-21,0x77761c2ae9545dfcd117afd9029ff141215c2e34,search,model,112,0.41,2,0.002
2026-09-21,0x96ac2cc7c4b3d3b0ceaa833ee2c67aca209bceb3,unclassed,none,4,0.41,4,0.09
2026-09-21,0xb3467556bfb0af1573fec3b180faea2b5f44323b,unclassed,none,3,0.41,3,0.12
2026-09-21,0x71033ab6ed376a0b53d1826ea632ddfec96b3661,data,hand_o2,6,0.4,2,0.05
2026-09-21,0x5fc722f8c1061a3765aa6b3a09f586cd660220a6,unclassed,none,3,0.4,2,0.117
2026-09-21,0xb3bd3d5ec7aaffc883fae16b02d29366af4dacb4,unclassed,none,3,0.4,3,0.12
2026-09-21,0xb0ae6a9bd7a573ddda58db6c28622417e8ca2099,search,hand_o10,26,0.39,4,0.01
2026-09-21,0x77065d81e18ad403bcd6e9a0616b288e16744121,other,hand_o2+model,36,0.39,4,0.01
2026-09-21,0xb6a6ba7f58fe92e77bce040cc0818c63ab9ac768,search,hand_o10,38,0.39,5,0.01
2026-09-21,0xc2f5fc2f46c8640a60a1ebfa9776338cc1b1e1dc,unclassed,none,8,0.39,2,0.05
2026-09-21,0x9299e53bf3927361338f5b9bc5bc153b4c067ef0,unclassed,none,3,0.39,3,0.13
2026-09-21,0x7beca68dd9ac733d4de6b16d16b85dc391c071e2,other,hand_o2+model,70,0.38,3,0.004
2026-09-21,0x59f3a6dcb6f482c53872dd8f8f9e1f9161a1c5f7,data,hand_o2,14,0.38,3,0.03
2026-09-21,0x67428caccc0fdf7c90aae68ef3dd7db36f15e635,unclassed,none,2,0.38,2,0.189
2026-09-21,0xdf6341b3cb2b6fbcc4112603554ffca609fc1021,unclassed,none,2,0.38,2,0.1885
2026-09-21,0x9bbbb98e11e7be968bf4a02701c6e29fffd51d6b,compute,hand_o2+model,8,0.37,3,0.05
2026-09-21,0x7f4ce6c23f851f13b386efdb22fe0d09821b9d53,data,hand_o2,9,0.36,2,0.02
2026-09-21,0x1fa89e3b7b3ca98afdd801f35e721251149cea3b,data,hand_o2,15,0.36,2,0.02
2026-09-21,0xeb67537c321e1ea137e54cf25420ea671a241111,unclassed,none,3,0.36,3,0.1
2026-09-21,0x5e0bc6414e4c572ac3d6981e228be4a9c2402777,unclassed,none,3,0.36,3,0.08
2026-09-21,0x9edc06e69fbf71b191510ca9446fe09caa95668d,search,model,18,0.36,2,0.02
2026-09-21,0xad62f03c7514bb8c51f1ea70c2b75c37404695c8,other,model,27,0.35,8,0.02
2026-09-21,0xa43774fd2e867fc45b782456d78f135a215d5561,other,model,43,0.35,2,0.003
2026-09-21,0xe3738580ede5384bb8b8d1c8786b391c59d2668d,data,hand_o2,16,0.34,9,0.01
2026-09-21,0x6bab1d63b3b51a88c7f87402db2803b05f0ae9e9,data,hand_o2,8,0.34,2,0.04
2026-09-21,0xefcd28bb1bf3a80c26c7195af15c47ff3b815669,data,model,3,0.34,2,0.03
2026-09-21,0x81832eede3a4ad96cb3d7ca09977636d912fd3d5,data,hand_o2,30,0.33,4,0.001
2026-09-21,0x8e73f9815a81700f6a27c1e2c8a9e2c300392b57,unclassed,none,3,0.33,3,0.12
2026-09-21,0x3dcbef58b30fac60a897cd4ed1daed5de33b32e1,data,hand_o2,85,0.32,72,0.005
2026-09-21,0x849610c11c1e9b309235932faab6368cee7f7c57,other,hand_o2+model,17,0.32,3,0.01
2026-09-21,0xfeae16b61a6f684e6ee388b6313f1a3aed073488,unclassed,none,4,0.32,4,0.08
2026-09-21,0xe4dc963c56979e0260fc146b87ee24f18220e545,unclassed,none,5,0.32,2,0.1
2026-09-21,0x9cfa76148b8c3c3b624bc83bb5df1c3bd7c987ca,unclassed,none,3,0.31,2,0.151
2026-09-21,0x76a51b5dd3729950b3b60c17f19252d221968fce,data,hand_o2,61,0.3,2,0.005
2026-09-21,0xf61f957d9ac432309219549b1ae79ae8b7c71ff5,data,hand_o2,51,0.3,3,0.005
2026-09-21,0x40b62aa49f4a929760fb2dd0fcb0642f0aa872eb,other,hand_o2+model,7,0.3,3,0.05
2026-09-21,0x59ea036c64f0f54cdd14a3be8a1a6586b58da71c,data,hand_o2,15,0.3,9,0.02
2026-09-21,0xc3b8ddada48c034541f8e7bffc7da93df17d3aed,other,hand_o2+model,3,0.3,3,0.1
2026-09-21,0xa95b17ffa78cc32a836a2120992f629dd6ecc5fa,unclassed,none,3,0.3,3,0.1
2026-09-21,0x66717045858d9f598e2ebd046bf42a0b1063c0fa,data,hand_o2,29,0.29,11,0.01
2026-09-21,0x879933456986877f5d87e6ee24d1e0ebd264f527,data,hand_o2,19,0.29,3,0.02
2026-09-21,0x7f520c845d5dc5e51a27699a1f098dc13aa789b7,other,hand_o2+model,39,0.29,2,0.01
2026-09-21,0x6fa1ff0451f4978077c87331ebbc744e629e8b89,unclassed,none,2,0.29,2,0.145
2026-09-21,0xca37de138574432b96f92b0cd9826dadfd1cf443,data,hand_o2,7,0.28,2,0.04
2026-09-21,0x24facafeb49b4e3facf0b3e69604a2f4640c9bf2,data,hand_o2,12,0.28,7,0.02
2026-09-21,0x2e5a2170bd812997ae2e5b10921fb55fd0148ccf,unclassed,none,14,0.28,2,0.02
2026-09-21,0xb799d3be2f79021bd698f770bd809c296ee754a2,data,hand_o2,61,0.28,2,0.003
2026-09-21,0x2740651e046c59ab2a6510401140643292d3a96f,data,hand_o2,16,0.26,5,0.01
2026-09-21,0x2880edfff13100677bf97a3cbdf3bc34771c4e5e,data,model,63,0.26,10,0.002
2026-09-21,0x63ae98f3363b346a94fcc1cbcb621f1c2b1fcddc,search,model,98,0.26,6,0.002
2026-09-21,0xbe578a4543904b4af3f27e3b0db73bc1b1e58f77,data,model,13,0.26,3,0.02
2026-09-21,0xbd17480bf6ff056f7b91d9adc9dfda001eb7283d,data,hand_o2,13,0.26,9,0.02
2026-09-21,0xb58d12a9db82707b5b097cc127ad0bd2a800b766,data,hand_o2,2,0.26,2,0.13
2026-09-21,0xe1948e8103e86a91ddee9c75c6cb10233c2eefad,unclassed,none,2,0.26,2,0.13
2026-09-21,0xa9a38639ed4aebc04092e21f3399c56545450713,data,hand_o2,13,0.25,3,0.01
2026-09-21,0x260fbe1ec46968ee02e5b972507d7bb7f09f82b0,data,hand_o2,6,0.25,4,0.05
2026-09-21,0xc2afb91833f4de19542a025872c6085cc29185eb,data,model,138,0.23,14,0.001
2026-09-21,0x90b0dc893406d6ea63bb077ed59f5e8340f98d84,other,hand_o2+model,55,0.23,4,0.002
2026-09-21,0x25d408ef54e60f3006bd13d5a040d525e2f359c2,data,model,19,0.22,3,0.01
2026-09-21,0x95063cede9c4b02452242543669238e5460087ed,data,hand_o2,12,0.22,2,0.01
2026-09-21,0x1888192fac6a69e4cd7d078ec4bcf6f24f7c767b,data,hand_o2,7,0.22,3,0.03
2026-09-21,0xce339395d7f2ea5a5009022ef1c392fb208a989e,search,model,48,0.21,6,0.0035
2026-09-21,0xfe257ef6dc89f5b688ac52ef3eb8648c629fa9c4,data,hand_o2,22,0.21,2,0.01
2026-09-21,0x65e02cb7fee27630bb7d1a3add02ef7aa2d21701,other,hand_o2+model,9,0.21,5,0.01
2026-09-21,0xe9740820225b3918b4ddd1292c7ca4ca0e2c2f08,compute,hand_o2+model,20,0.21,7,0.01
2026-09-21,0x24a5ec14de5dbf0ed1e27784d63d22dc9451998f,data,model,4,0.21,3,0.07
2026-09-21,0x835323c73dd9cf4d0d23054d1ee7c11cfea34d4a,other,model,20,0.2,3,0.01
2026-09-21,0x1ee42717b1c370dace197a8850bf41a932f3b5a8,data,model,2,0.2,2,0.1
2026-09-21,0xfcc0d3d72d8689871979c3caa036ffabc5674bd0,other,hand_o10,6,0.2,2,0.01
2026-09-21,0xa958253829a1b10fd9ef9a573807b62ccbef8a68,unclassed,none,2,0.2,2,0.0995
2026-09-21,0x10a0a8b0334a29d13c954abe4dc602fae2f3e5f6,unclassed,none,5,0.2,2,0.01
2026-09-21,0xba61c06e3534bf80dfe85c79982dfba5d3f7258a,compute,model,2,0.2,2,0.1
2026-09-21,0xd6dd152a8a9c8d4a77006373253d5b5bb4022b61,compute,hand_o2+model,2,0.2,2,0.1
2026-09-21,0x9ea52806db0b25a8130d2b210d5336ec1dcfba0e,data,model,21,0.19,4,0.01
2026-09-21,0xde186324dbc36cea0c3d9cd5463790f20f527742,unclassed,none,2,0.19,2,0.0935
2026-09-21,0x62a0d3d9df0de8804983009949c714eaeafd87f1,data,model,6,0.19,2,0.03
2026-09-21,0xc1793b8aa0d25193117ef025f145994e1c02011f,data,model,14,0.19,3,0.015
2026-09-21,0xb810b599bc730aa85800babe7f5d160524322c86,data,hand_o2,67,0.18,19,0.003
2026-09-21,0x0cd2c9724f185a029101b4aeacf3f114415c394f,data,model,14,0.18,3,0.01
2026-09-21,0x0450db51757f292d2f28722b5695678fb46caebf,unclassed,none,2,0.18,2,0.089
2026-09-21,0x3078368e0740fa5f8d9b900ea428c946a1006cb7,data,hand_o2,6,0.18,2,0.02
2026-09-21,0x267ead21c0a5c1bf7e44cb357641556edc52d232,search,hand_o2+model,14,0.17,2,0.005
2026-09-21,0x04cce6f938fb8e48afc10dab0ff2f09cce392a7b,search,model,11,0.17,4,0.02
2026-09-21,0xb3c2776ce3f99cb3366520c27b4ac5d436942ab6,data,hand_o2,13,0.17,8,0.01
2026-09-21,0x3873d15cf3209c32aaa8d9aa542164e658567129,data,hand_o10,10,0.17,5,0.001
2026-09-21,0x38c063312719220c676e988f0dee14b4ec0e44c8,data,hand_o2,41,0.17,32,0.002
2026-09-21,0x5deaebaf98034cc0d9abe3757a440b121c42ef0a,search,model,43,0.16,3,0.004
2026-09-21,0x19ea1e953542d7ac76f042f8bdc94d81b964c53d,content,hand_o10,10,0.16,3,0.01
2026-09-21,0x9f8bd9875b3e0b632a24a3a7c73f7787175e73a2,other,hand_o2+model,36,0.16,9,0.005
2026-09-21,0xe3244a21d0d68bfa78b7cad8c3b8777adfbb3188,other,hand_o2+model,8,0.16,2,0.01
2026-09-21,0x9ff1c4bfb9c76c464728baf0b66d8af889d55da0,unclassed,none,2,0.16,2,0.08
2026-09-21,0x7f74ce6d34ee0180f0217a16ce05f3b91272570f,data,hand_o2,6,0.16,4,0.03
2026-09-21,0x23f713411c30bbd9a989c9cbc22eb0b55f7f7334,other,model,26,0.15,10,0.002
2026-09-21,0xf99b281010c5e6cbcf486d7ef108b315be7ce0e9,data,hand_o2,9,0.15,3,0.0165
2026-09-21,0xca1271e777c209e171826a681855351f4989cd0c,content,hand_o10,3,0.15,2,0.05
2026-09-21,0xa7f3ad0e69f61864092fabba6cee00af6e584689,compute,hand_o10,10,0.14,7,0.0125
2026-09-21,0xcf9223ece895258dea8d288aebcf846ab8e342fb,data,hand_o2,69,0.14,28,0.002
2026-09-21,0x33661b8496075c3b8b2b69cb3e03bc3436808d78,content,hand_o10,14,0.14,8,0.01
2026-09-21,0x98e83fbcb5f8fb8414acd0aeeb93160046b65666,other,hand_o2+model,29,0.14,5,0.005
2026-09-21,0x548fc289526ab2f0391d562a723cda64bbf1abc4,data,hand_o2,14,0.14,13,0.002
2026-09-21,0x549c82e6bfc54bdae9a2073744cbc2af5d1fc6d1,content,hand_o10,7,0.14,4,0.02
2026-09-21,0x5bb4b0c766e0d5d791d9403fc275c22064709f68,data,model,92,0.13,54,0.001
2026-09-21,0x444731dac7c9cde478147f41e621a064fcbe70f2,data,model,13,0.13,5,0.01
2026-09-21,0x1d1b81247c407521e2a01f3e21514870dcf1620f,data,hand_o2,7,0.13,2,0.005
2026-09-21,0x19491164262c8963b11e1bcb1e4351c101b420ff,compute,hand_o2+model,6,0.13,2,0.01
2026-09-21,0x217e5fe265eb78b29067bf8324ef03a7d8e167c4,data,model,35,0.13,8,0.002
2026-09-21,0xf0f285a471c69907d8d536348daf0df3fbf1a1d4,data,hand_o2,21,0.13,2,0.008
2026-09-21,0x177ea123a35253ba8869a7e21e717978e482351d,data,model,5,0.13,3,0.03
2026-09-21,0xb48699946ce35fdab44b5cd99ad41eb8d977ba8b,data,hand_o2,11,0.13,3,0.01
2026-09-21,0x40e5a6647803c2dd686049dcdc5f9c34817d7a7f,data,model,15,0.13,2,0.01
2026-09-21,0x44b16952484b6dbea40ede12927ee03a5ea6cdd3,data,model,13,0.13,5,0.01
2026-09-21,0x3a43fdf92b1596b22ddf719d5b528c537da4237d,data,hand_o2,21,0.12,4,0.005
2026-09-21,0x417da74cdc0d3babf6adc851b6e5c638574c0d58,other,hand_o2+model,23,0.12,2,0.005
2026-09-21,0x32e293a7fa946331b3ecd013cf0461bf32c99a9d,data,hand_o2,5,0.12,2,0.005
2026-09-21,0x5aa56524f6bded74c65690001407ec665dec6d98,unclassed,none,6,0.12,2,0.02
2026-09-21,0x4ce88238f669d04351937420c931988e464a975a,data,hand_o10,4,0.12,3,0.03
2026-09-21,0x348df429bd49a7506128c74ce1124a81b4b7dc9d,data,hand_o2,12,0.12,3,0.01
2026-09-21,0x2583aac89f58a63d9ccbedaa5e3baf2196aa967e,compute,model,8,0.12,3,0.01
2026-09-21,0xe55359021a6a22d8385b827405991c56075f56f8,data,hand_o2,26,0.11,7,0.003
2026-09-21,0xa136b6919a7b3c45c2c793b069ce6e3441aec32a,data,hand_o10,4,0.11,2,0.030625
2026-09-21,0xb1df90631e2e27c2ea755f91c050732850739e1c,data,hand_o10,2,0.11,2,0.055
2026-09-21,0x6b1ac7935dad576b921af0e6edc27319bc27aadd,data,hand_o2,3,0.1,3,0.001
2026-09-21,0xbe3fc886e104904935cfc5f4f32f4ccec06cba79,unclassed,none,10,0.1,2,0.01
2026-09-21,0xc87a06dee4c0e85912296002617120bbfd5ef990,data,model,12,0.1,7,0.01
2026-09-21,0x5b32c973596078a967562ca652761404f19be0e9,data,model,7,0.1,2,0.015
2026-09-21,0x1f5f8474fa0dc1fde79187abd68ef8ea15adae34,search,model,10,0.1,2,0.01
2026-09-21,0xb77090797701aed184780a5a1a97524a1956ada8,other,model,2,0.1,2,0.04873
2026-09-21,0x01b34d04b658990fd1f22cc4dddeaba10349b1c4,data,hand_o2,2,0.1,2,0.05
2026-09-21,0x3205859b58fcb55ac6c30a01bd09c7ed371323b7,data,model,2,0.1,2,0.05
2026-09-21,0x239de97929b20f27aa503b236d33420670bf5ad1,data,hand_o2,2,0.1,2,0.05
2026-09-21,0x88096b3da9f45b8f923458e6cef69fc0a5be3cae,search,model,5,0.09,2,0.02
2026-09-21,0xed617f79201248df99909fbde4269b6eeaee39b6,data,hand_o2,9,0.09,3,0.01
2026-09-21,0x510d1c21788166b0a39f83796bf624e006849690,data,hand_o2,9,0.09,3,0.01
2026-09-21,0xaab91727a29827783bc42135fc56bff5bfb8911d,data,model,7,0.09,2,0.01
2026-09-21,0x5d4ecba4458c49b6f92fd5384686f0caf0c3080b,data,model,6,0.09,3,0.01
2026-09-21,0xdd5fcea81ca6f1eb39fed5b973de794293b81ba6,compute,hand_o2+model,24,0.09,11,0.001
2026-09-21,0x7904e8de283960f4176c44690f34af7da47dc75c,other,hand_o2+model,5,0.09,2,0.01
2026-09-21,0x7eebd75b116a553e02cbaca28cfbd47bc411e6b1,compute,model,5,0.09,3,0.02
2026-09-21,0xdcbc59a62c3a9c5cec58ac806ebc579fa13d67f7,search,model,3,0.09,2,0.03
2026-09-21,0xf9c2a7255e7c51d7bf38331dcfc23ba881cf61ba,other,hand_o2+model,31,0.08,2,0.002
2026-09-21,0x3da40a9ad36640a2c0f533bac368490095574664,data,model,78,0.08,50,0.001
2026-09-21,0xd617a7145ca56e3ed58d639f9dec6999b22441ee,data,hand_o2,11,0.08,4,0.005
2026-09-21,0x55d06e282a699710e03088c218a9e79d2b1616fc,compute,model,8,0.08,4,0.01
2026-09-21,0x374cfb844a5c702d637d72a5387fd9ef6b82108c,other,model,8,0.08,8,0.01
2026-09-21,0x0b6e3594df4faa6d66196d5a3271796ad8bb505d,compute,model,8,0.08,4,0.01
2026-09-21,0x470a1b647d668d3820add26d70c8371557ff4c6b,data,model,4,0.08,2,0.02
2026-09-21,0x9e3df8006b1917ecced9591beccb893d0de9ebd9,compute,hand_o2+model,8,0.08,2,0.01
2026-09-21,0x175562431dfcb38ab3a1762b7fc1fbc08a93bbbb,content,hand_o10,2,0.08,2,0.04
2026-09-21,0x154b1006435e5cfe2206e7777c1003f9438119b1,data,hand_o2,4,0.08,2,0.02
2026-09-21,0xa09ae66ec8664475697ffc0eb45aa3fe52aa6030,search,model,16,0.08,2,0.005
2026-09-21,0x05e1720bb82f86b5bc7940a99fdc702e32256357,data,hand_o2,8,0.08,3,0.01
2026-09-21,0x7662e00f8ab4c362166e1ff649ff6c2a638c80ad,compute,model,2,0.08,2,0.03829
2026-09-21,0x9d667bc76f166322df087b3b3927d4d83d44a5d0,data,hand_o2,5,0.07,5,0.015
2026-09-21,0x38c9f689274e2fc3ae360744ef88ce212077a584,other,hand_o2+model,22,0.07,6,0.005
2026-09-21,0x74500ee8519da3b6bf43642bc06be5874a9ecc99,data,model,5,0.07,3,0.01
2026-09-21,0x552cc4a10878c7f20574489d47184249657ca3f6,data,hand_o2,14,0.07,5,0.005
2026-09-21,0xf16f0882de08315b438e9f3a2abfb2d2e5d94eca,data,model,11,0.07,2,0.001
2026-09-21,0xd685efa22e80262db5b5e2a5d0b9d7565b36334b,unclassed,none,65,0.07,2,0.001
2026-09-21,0x5253666c40432f009ebd99908b9cd2a7fd1019cb,other,hand_o2+model,27,0.07,17,0.001
2026-09-21,0x754bd2a6799e766b1e2b9f1ae7fbdc0ced96ef13,data,hand_o2,5,0.07,3,0.01329
2026-09-21,0x0eba5d314f4f5dcb7a094953fa9311a45172dd1b,other,model,16,0.07,3,0.002
2026-09-21,0x23d931f95831cee50b5f5edf4d0e88270f6c8411,search,model,7,0.07,3,0.01
2026-09-21,0xc648116b5debe4af7d78838aa468d07e0a9ab697,data,hand_o2,5,0.07,4,0.005
2026-09-21,0xd441d9f4c59cb26253e2f0a7a62ac9ce7823b4b4,data,hand_o2,24,0.07,5,0.002
2026-09-21,0xd5f8481d8f25d3966d2010dbf9b47ffbdf745a9e,other,hand_o2+model,6,0.07,4,0.01
2026-09-21,0x9720950d3e4d9e8c9e23e84e04e683b00204874c,other,model,3,0.07,2,0.01
2026-09-21,0x3cc1d8ee1dfdfd326c19b0884b8df4b24b623f0c,data,hand_o2,16,0.07,7,0.0015
2026-09-21,0x57210b95ecbfd6f2ee74d77830228b48d1878867,search,model,7,0.07,2,0.001
2026-09-21,0x820d61a720963fab63ab6e0aef4d1779eb42f6bb,compute,hand_o2+model,8,0.07,4,0.01
2026-09-21,0xbad1aa224bfe4feb460e12b2553dcdf98a7098d0,data,model,7,0.07,2,0.01
2026-09-21,0xc210ea7d5692a6401adf25bbcb7acde9cdb7e9ff,compute,model,9,0.07,6,0.01
2026-09-21,0x1e84f1f4e83ddfc91f8d5298b0cf49da34d041a6,data,model,7,0.07,3,0.01
2026-09-21,0x4e024e356bd01853654b7b5196f2b85f67cc39ec,search,model,3,0.07,2,0.01
2026-09-21,0xd07c06a650a88bbcf4f0c4fbf2c6c08c9a60acc6,data,model,7,0.07,2,0.01
2026-09-21,0x506c3995cb7b9bb6ea4d2f95e1e43461b74c9aff,data,model,5,0.06,3,0.01
2026-09-21,0x53a05c0eed6cbf065f31aedbae7b0d8ce1a0f4db,data,hand_o10,34,0.06,8,0.001
2026-09-21,0xad277cf8b5d9fa5008d06cbdbe349f5df3c0cc8f,other,model,11,0.06,2,0.005
2026-09-21,0xcab797230aa7a9caa2d6da4ac8b2a06416225ca9,other,hand_o2+model,3,0.06,2,0.02
2026-09-21,0x45ac00db8bdd4b837abbbf75888cbdfe6b6d8943,other,hand_o10,6,0.06,2,0.01
2026-09-21,0xbd5eb5559f5ac14475ac0c81b6735a4d9106ce28,other,hand_o2+model,3,0.06,2,0.02
2026-09-21,0xe295b6641b32998537ae0f8e61babf729eaed6e5,other,hand_o2+model,5,0.06,4,0.01
2026-09-21,0xe22f691ed420143bfdab022a14e7d6873b33eef9,data,hand_o2,6,0.06,3,0.01
2026-09-21,0xf68bc1098469356eb57e70db9fed0bb524707132,data,hand_o2,6,0.06,2,0.01
2026-09-21,0xa55b06462a2e48661badf22f5841f95ae654b716,data,hand_o2,12,0.06,12,0.005
2026-09-21,0xbc64b379295310b4e020f9186de44be0ca4fe3b0,data,hand_o2,21,0.06,6,0.001
2026-09-21,0xb92ad8e7b178821741bb410c0d8c575aeaa10f3b,unclassed,none,2,0.06,2,0.03
2026-09-21,0x6ca3b21d18e2b60291413c99dd6969c43d26c3d2,unclassed,none,64,0.06,2,0.001
2026-09-21,0xf8b2dd46542175ad46e14e6133340e652665f2ee,data,hand_o2,3,0.06,2,0.02
2026-09-21,0x79e999e2f9d5417f2803f1d88602ab1ea4323881,other,hand_o2+model,9,0.06,4,0.01
2026-09-21,0xa112c9c8bf655c678c768b6fd42a1c6fbfed7d60,unclassed,none,11,0.06,2,0.005
2026-09-21,0x32d711c66dd1ad0c42d0cfe48e58ee5f2de7c243,data,model,11,0.06,4,0.005
2026-09-21,0x737426d3ed53930b889b3f61774669a0fdf3be54,data,hand_o2,9,0.06,3,0.003
2026-09-21,0xc8ad8988d6aab090a90b707ec8e83ff2b1bff72f,unclassed,none,3,0.06,2,0.02
2026-09-21,0xe8b25a72dd6aef69515452a61ad231c7df2843b7,other,model,6,0.06,4,0.01
2026-09-21,0x850363a27f0ac6feb9c7a3ec4c1d295262df9432,data,hand_o2,16,0.06,9,0.001
2026-09-21,0x169bf49c6ee5a179190121ab8d180b50e31683d1,data,hand_o2,2,0.06,2,0.03
2026-09-21,0x3a4f2ea5e1a32a1af8716edf089b74a28a68ebda,data,hand_o2,3,0.06,2,0.02
2026-09-21,0x5bcda55247b238a573a968b234f788a2d35664dd,data,model,3,0.06,3,0.02
2026-09-21,0xcd6b6d99b7751ff30b68fa1365488eb73fa7cefa,data,model,7,0.06,3,0.01
2026-09-21,0x46830a57ca3806ec71b981e063dc39ca2a3c6fb0,compute,hand_o2+model,2,0.06,2,0.03
2026-09-21,0x4dd5e59475a55f1c2c0816469600663cb74cc1dc,compute,hand_o2+model,3,0.06,2,0.02
2026-09-21,0x1b24deac0951efcd6923f684b574fe9a4202cf1f,content,hand_o10,3,0.06,2,0.02
2026-09-21,0xcd3273893d1c8df15a4d6bc411aa3d25a60fdc60,other,hand_o2+model,54,0.05,3,0.001
2026-09-21,0x22db3a9686ee5261e7bf3ed4f91277232e8076e6,data,model,6,0.05,3,0.005
2026-09-21,0x962794fb8ad92941faf1ab446b9e30637b86f331,compute,model,22,0.05,3,0.001
2026-09-21,0xf7fdeffc3abc97379418b0a687fdb54e1cbce163,search,model,17,0.05,3,0.005
2026-09-21,0xc3426919d3c3e822fde601187ada28ef41c5f85d,other,hand_o10,13,0.05,2,0.003
2026-09-21,0x5d89060682fce50ecaa7600af6a5645bd2b107eb,other,model,51,0.05,4,0.001
2026-09-21,0x30f4f41158dbd194b51820e5633fcba8ebd86ea4,unclassed,none,5,0.05,2,0.01
2026-09-21,0x3fb1413adb2aadb1c84f34e762d9cacfd8b068c1,data,hand_o2,37,0.05,4,0.001
2026-09-21,0x5a557ddd13cee04dcb54625ff28a53e13e2ed548,data,hand_o2,3,0.05,2,0.012
2026-09-21,0x32793f68dc2ea26bbc75eb900da120069e8b6d02,data,hand_o2,10,0.05,5,0.005
2026-09-21,0x1831f336585a6c67b6a954d28f3e07f44c4eebbd,data,hand_o2,7,0.05,6,0.006
2026-09-21,0xf080a1aab08650946acda41410a7edc14f7be035,compute,model,9,0.05,3,0.008
2026-09-21,0x58bdad5e654691ac5ed4631758f3d8da00666b6c,data,hand_o2,17,0.05,17,0.003
2026-09-21,0xe813d34c0525e0fbb1e6478b86d40b83603c2008,compute,model,24,0.05,6,0.001
2026-09-21,0x859af250df0b68bfd0768ca22142a1afa0abeaf4,content,hand_o10,5,0.05,4,0.01
2026-09-21,0xa0bfa4f07281c9b248dc3aed2217836bca24869b,other,hand_o2+model,13,0.05,8,0.002
2026-09-21,0xb5194a98dbdbb7028b585db26b972e7f0f3f826a,data,hand_o2,5,0.05,3,0.0024
2026-09-21,0xb86f95ef5fa904318ea9df3b59adce099b478fc4,compute,model,7,0.05,4,0.01
2026-09-21,0x21353452e547b306a6007d834c433a118638d3b3,data,model,5,0.05,3,0.01
2026-09-21,0x6d7a2d65b26a87134c0571fb1baaa248eb0a291b,data,model,5,0.05,2,0.01
2026-09-21,0x9cd3f0d8a73a9a87f752f09d220652dc7de398cc,data,model,4,0.05,2,0.0145
2026-09-21,0x9d2a61830b537e5f4efff1bb8d32dd31a958f823,compute,model,2,0.05,2,0.026
2026-09-21,0x7971a809c18c918cad50cf004c190cbb6e1bf668,compute,model,39,0.04,14,0.001
2026-09-21,0x74d68013530407300dc0e9f99f99eefec202a6c7,compute,hand_o2+model,17,0.04,2,0.001
2026-09-21,0x5c3db195a38f39074d8c891741a82f6d8f2a16cc,data,hand_o2,7,0.04,7,0.005
2026-09-21,0x65b224ae957a58dd0f9290a87a597bbb8ed0fe37,compute,model,11,0.04,2,0.003
2026-09-21,0xffc458db291b4abce020fe3de4f91f2770e537b1,data,hand_o2,41,0.04,6,0.001
2026-09-21,0x8e57bfde053dbb6862991759c19affc5f383d5d0,search,model,23,0.04,4,0.002
2026-09-21,0x21e16f1bc3aa847236354c8193d0cb21cf412efa,content,hand_o10,8,0.04,3,0.005
2026-09-21,0x6d6c398390cfb88f1cd42715b84906a0bd6652aa,data,model,4,0.04,4,0.01
2026-09-21,0x63a20fa244d3e6a8902121e99704b7f857dc6ebb,data,model,6,0.04,3,0.0065
2026-09-21,0x446e51deab3ae656c99e65369e8ef1148d23d7f7,data,hand_o2,8,0.04,5,0.005
2026-09-21,0xffff4b8da8c165b556326453446f6940c8afe0db,data,hand_o2,7,0.04,5,0.003
2026-09-21,0x0e525428d66c111672ce58b1bf649a6d167f36b1,unclassed,none,9,0.04,4,0.005
2026-09-21,0x6ab8efe305cce67daa48c97bde29c04402822dff,data,hand_o2,39,0.04,5,0.001
2026-09-21,0x98c67dfad5f7d70e2782521cd09bb80f560ea2c3,search,model,5,0.04,2,0.01
2026-09-21,0x594bb80bb2993e5b1b6adf3c94df980d94a54933,data,hand_o2,22,0.04,3,0.001
2026-09-21,0x7194ec1f397bb6c02c82a2d8eb57d32443fc5164,data,model,4,0.04,2,0.01
2026-09-21,0x318d34fa0bd69eff17fac648d2df8cf7a88b3dbe,other,hand_o2+model,23,0.04,3,0.002
2026-09-21,0x12d2425fd88c693edb4de004e0c747879b7d6933,other,model,12,0.04,3,0.001
2026-09-21,0x1c9923489cd7d75dd2f6735c48090b8bd4c7e5a9,compute,model,4,0.04,2,0.01
2026-09-21,0x7f7c9bff1ddf2817641740962a9872e6421ebbfc,other,hand_o2+model,4,0.04,2,0.01
2026-09-21,0xaa4a75114b5bda671844ae10256d2b048df8fdc3,other,model,4,0.04,2,0.01
2026-09-21,0x7cf45cd775bdf31a5a96fa0a5805df0b610d87ff,data,hand_o2,4,0.04,2,0.005
2026-09-21,0x42a3c399f83bccc3b9eef81e65954a715d54855e,compute,model,2,0.04,2,0.02
2026-09-21,0x5d51ecc50813e0937a5c43be298e9146796ad60d,data,model,2,0.04,2,0.02
2026-09-21,0xab62452b4b019bc4402bffcca6c706d16d72a7bf,compute,hand_o2+model,4,0.04,4,0.01
2026-09-21,0x7ccb91a3ad4c45097bda4c3c29d2cc89fa93ab36,data,model,2,0.04,2,0.02
2026-09-21,0x95de884e9eb3f90e496200693d94a636942a130d,compute,model,2,0.04,2,0.02
2026-09-21,0x3bf4f4914f78c3c2b2f2801f8ea717135b7d3bdf,content,hand_o10,4,0.04,4,0.01
2026-09-21,0x39e10e5f431b26cae3d7d0a39aef86055d015d8c,data,hand_o2,2,0.04,2,0.02
2026-09-21,0x22c24daf579629a6d7418e09e9c71e6c8883f8e2,data,model,4,0.04,3,0.01
2026-09-21,0xf058d8a375343daa6967adf3ac6d425f3c9c8dfc,other,model,2,0.04,2,0.02
2026-09-21,0x0ff5a6ecef783bba35463ec2f8403b9b5e9e7c86,other,model,2,0.04,2,0.02
2026-09-21,0xb708af3bce13517357e498f8ffd277de93db9ef5,compute,hand_o10,5,0.03,2,0.005
2026-09-21,0xcc69d619e6053f88a4845066518f465bd06fc96c,data,hand_o2,27,0.03,15,0.001
2026-09-21,0x9a4a53e4f4345bce286cd47d9c3b3ef3b7992f69,data,model,27,0.03,2,0.001
2026-09-21,0x3dcefd14f76fd76d36bec7c271ff28d1bdb9989d,data,model,3,0.03,3,0.01
2026-09-21,0x5f5a631e975183d084f60d7121e967b30ec83cb8,other,model,32,0.03,5,0.001
2026-09-21,0xbd65c2d2ac9d3df9ce77e5e2579b5b38efee36f0,other,hand_o2+model,5,0.03,3,0.01
2026-09-21,0xf567cfe0fdb87a1d6ca330e3f30f0d3da0f7cb98,data,model,18,0.03,16,0.001
2026-09-21,0x3f4cee4c6bad04fcca3138dffdee579ddf17049b,other,hand_o2+model,5,0.03,4,0.005
2026-09-21,0x83f15f5bea445109e255ab82622fbdfecd1e4c9f,data,model,33,0.03,4,0.001
2026-09-21,0xffa9155a0e4b3d8d42351da226cc1feee449686f,search,model,10,0.03,6,0.002
2026-09-21,0x072f3a2bd93bb75b1eb84a9e45d17a4f90a6d801,search,model,8,0.03,4,0.005
2026-09-21,0x9200c98c8188ef50302ed3b8b0ffd5d39832090c,compute,hand_o2+model,14,0.03,6,0.001
2026-09-21,0xc29185fa176357612f3194735753e520e91adc46,data,hand_o2,8,0.03,5,0.0048
2026-09-21,0x7b53524d5c5d29efb8c1d128c56f62fe38cd9476,data,hand_o2,14,0.03,6,0.001
2026-09-21,0x578c640e2d53023066026381b8cc362539741063,unclassed,none,25,0.03,2,0.001
2026-09-21,0xa3068cfae6217ae906958250072bdf51b7f910c3,compute,model,10,0.03,9,0.0025
2026-09-21,0x1c8b3c34dca2ba2a71598f1f9e0bc2a04a0bea36,compute,model,3,0.03,3,0.01
2026-09-21,0xdd666cdcf2bccff8d1c8161ed24ff26c0ed429b9,compute,hand_o2+model,3,0.03,2,0.01
2026-09-21,0x32a1ef342b5d6a82bc53208602341474d623e5c3,data,hand_o2,3,0.03,3,0.01
2026-09-21,0xa369ac3412360206db63507b190e691c0c5b9f3e,compute,model,5,0.03,2,0.005
2026-09-21,0xd9f3261c9fea20a99d0708815010280c549e8ebf,data,hand_o2,3,0.03,3,0.01
2026-09-21,0x4293f75e69b22ee68afa0f464de86e5cd80bed75,data,hand_o2,4,0.03,3,0.0075
2026-09-21,0x9d0bb5da24cade855dee8d1231a1c416e0bb2ffe,content,hand_o10,10,0.03,4,0.0025
2026-09-21,0x5533c0e8ef9f833b0bac10d74e582da9767309b7,data,model,6,0.03,2,0.005
2026-09-21,0xa8774facfd3da2ea11f240c977b9973d78adfcfe,data,hand_o2,3,0.03,2,0.01
2026-09-21,0x403b72e2edbc9db738e09d3064a6a54f8a027055,data,hand_o2,2,0.03,2,0.015
2026-09-21,0xc0ccf68a8e61a4d25eecfcacd486e673e900de0a,data,hand_o2,3,0.03,3,0.01
2026-09-21,0xca87adbcffdf6539a387783fef17a91dbabeef52,data,model,18,0.02,3,0.001
2026-09-21,0xa6e10884a70d00de8b8c5dff0a2a9b1a821ce074,data,hand_o2,2,0.02,2,0.01
2026-09-21,0x6a4921474848d3fa168ee7fa87222547acc4712f,content,hand_o10,12,0.02,11,0.0013
2026-09-21,0x18b170f3eb904b80fcf90ad9dcc2fc0ee45cd872,data,model,3,0.02,2,0.01
2026-09-21,0x9173fc7aca730ae34838f08dfe85d4a608f38c38,data,model,18,0.02,3,0.001
2026-09-21,0xd7d49d6a12ee3852f29a52a40908069bf4e48914,other,model,20,0.02,17,0.001
2026-09-21,0x88a4cdea106f18e919613a4eaed8efdb2183e9ea,other,model,20,0.02,17,0.001
2026-09-21,0xbbba34e9e10130ce852aa9f1d651cd73c36206d4,compute,model,14,0.02,14,0.0017
2026-09-21,0x1350a77befebbcc05f8e3a13cc6d4ad781c59d34,content,hand_o10,19,0.02,16,0.001
2026-09-21,0x9504a5939ab5be2b2b1f8bea7d7ebeccd96c485d,other,hand_o2+model,2,0.02,2,0.01
2026-09-21,0x0d4ee4e945601865e3a5bc5a188e4a9cf23c00d5,data,hand_o2,2,0.02,2,0.01
2026-09-21,0x3623ea0856aff3a314a67157d7e5ed1ccec553b3,other,model,5,0.02,2,0.005
2026-09-21,0x84fa7ea8303d4f503267e2e998a3f7d980e814a5,content,hand_o10,10,0.02,5,0.002
2026-09-21,0x315708415764b7f2b783714ce82cf9c628e33fcf,data,hand_o2,6,0.02,4,0.001
2026-09-21,0x9d3d9410be95fa1d230734b961997427fc61d837,unclassed,none,2,0.02,2,0.00775
2026-09-21,0x5d17c40fd6b119dc6006c4ab3c20a917fcab2acd,compute,hand_o2+model,4,0.02,3,0.003985
2026-09-21,0xe72b85a97a6e19413d8b80633787eda6d6237a77,data,model,7,0.02,5,0.002
2026-09-21,0xf4a6cea7ce19ce36d6420905e5a1eafb30bfd133,other,hand_o2+model,11,0.02,3,0.002
2026-09-21,0x1e21dba6eeb902343e4128a1957eafb8cdf36f39,content,hand_o10,14,0.02,14,0.0011
2026-09-21,0x9baa4417d1e78f2ed5b09aa4abfb541aeb2cd6ed,data,hand_o2,3,0.02,2,0.004
2026-09-21,0xbf0df63a4a47e5a72a976ece1d78aefeccc773a0,other,model,20,0.02,19,0.001
2026-09-21,0x255cdb4e42afefc7120b0388eb78f96d996d387b,other,model,11,0.02,10,0.002
2026-09-21,0x0adc7adac7bbaffffbd73505711e42378c4f9f9e,compute,hand_o2+model,5,0.02,2,0.002
2026-09-21,0x2af91df69bd04ccf82d6477adc046c815b7ae129,content,hand_o10,16,0.02,14,0.0015
2026-09-21,0x5a78ace5dd133316c8aaf7e156fbfc57e1209cf9,data,model,20,0.02,16,0.001
2026-09-21,0x555379f9f4750eb34ffc8b3daf8eda2ea0f6d112,data,model,8,0.02,2,0.001
2026-09-21,0xd70d01c73b0c5f3246f2b55cce5ff1b41842ab5e,other,model,11,0.02,11,0.002
2026-09-21,0x4d7d842536de9eb491ae2300126b3cdde7b0ade3,compute,model,2,0.02,2,0.01
2026-09-21,0x41595e02275629126ad11551e39ee9ac8531ad3c,compute,model,8,0.02,3,0.001
2026-09-21,0x383190a4f26f075fc2c73f6738eabf4dc6f33442,data,model,3,0.02,3,0.005
2026-09-21,0x9f6c07e3f772ec49435579ec34e13141a94b9958,data,hand_o2,2,0.02,2,0.01
2026-09-21,0x7437a817450ba32d22ebe8d2ac71611666999b8e,compute,model,2,0.02,2,0.01
2026-09-21,0x16be07aec4d16e8ec9039d16e7049ee47834acd7,data,model,2,0.02,2,0.01
2026-09-21,0x2fecabdfc849c76fdc28ca13aa0ab392753ef35c,other,hand_o2+model,2,0.02,2,0.01
2026-09-21,0x7f8043c400799643bcb62b41b84b297a8ecb7b9c,compute,hand_o2+model,2,0.02,2,0.01
2026-09-21,0xb1f5aa2d750547a84fc53b8519de235d7bc29e29,data,model,2,0.02,2,0.01
2026-09-21,0x332dbf15a8bcca8eeb4390b380202360f4f45401,data,model,2,0.02,2,0.01
2026-09-21,0xb3cc1566b213dc97f6aac5984e849df2f2391772,other,hand_o10,2,0.02,2,0.01
2026-09-21,0xd5ba9711a3d052846a3695c70e7fcb8b3168fe7d,data,hand_o2,4,0.02,4,0.004
2026-09-21,0x1deeaec4250e66702e22777ec1e3a70b19745a72,data,hand_o2,2,0.02,2,0.01
2026-09-21,0x9a4fb84633c690e422c33491d1fcc319849e6bb0,data,hand_o2,2,0.02,2,0.0085
2026-09-21,0x4453fdec07a4a4dafe3399d942c6827ec1d28cfd,data,model,2,0.02,2,0.01
2026-09-21,0xe79aa9d55170f7e1ac420266ec93a6c28c436de8,data,model,2,0.02,2,0.01
2026-09-21,0xe5690d37805107c56f6195e65a262b234e0e5e75,other,hand_o2+model,5,0.02,3,0.001
2026-09-21,0x3731f5c2c1835e3ace2ac157c4e31b1cea0cb0e0,compute,model,2,0.02,2,0.01
2026-09-21,0xb8c578e039aa2c44dd3dec48e6875ba5763cd67f,other,model,10,0.01,10,0.001
2026-09-21,0x6382e6929a20b7eb02bdacfb5368362984b24c15,data,hand_o2,3,0.01,3,0.005
2026-09-21,0xc55a2d530b53cbad1001e4afd4720b7e71f9c291,other,hand_o2+model,8,0.01,4,0.001
2026-09-21,0xb5f08f2db7baa682f308baa02cf0edb35aca336a,content,hand_o10,15,0.01,14,0.001
2026-09-21,0xba667287b8ef89565f8fd7acd4d22ce98e0f39cd,compute,model,13,0.01,9,0.001
2026-09-21,0x15459498e1191d8787c83177809bd54022fa18c4,compute,hand_o2+model,8,0.01,3,0.002
2026-09-21,0x9cc774a8ed49d89cba1a288f4a050b8f7fba77ee,data,model,6,0.01,3,0.001
2026-09-21,0x995c0abdcd2ad76548e5f7deb54d32549b2b781f,data,hand_o2,7,0.01,4,0.001
2026-09-21,0x82b17d0bb4de9ae6c3491257b60e8245e70acd7b,data,hand_o2,8,0.01,7,0.001
2026-09-21,0x9d86e0e74333b297b1d0b6ba30d2ed1b5f01f296,data,model,9,0.01,5,0.001
2026-09-21,0x624faf18c78456c8da5bf156cd77c1a2033f21c5,data,hand_o2,2,0.01,2,0.006
2026-09-21,0x61195a8af1f72350d85790f6edfd5d11d1fa02db,data,hand_o2,3,0.01,2,0.005
2026-09-21,0xca4556c3f1fab4af46a089d6346c86f0cac63a2d,data,hand_o2,8,0.01,2,0.001
2026-09-21,0xe341add833f9d62082e97ea260baa6546cd09f73,data,hand_o2,11,0.01,11,0.001
2026-09-21,0x1563cde0042d17f53b23d91fd9b73ace9da26a09,search,model,6,0.01,2,0.002
2026-09-21,0x4bafaae3442454bce41b51877017170d2d461ebe,unclassed,none,12,0.01,2,0.001
2026-09-21,0x53598173ce7c26025bab0520d9e9d0c28fbcf7de,other,hand_o2+model,2,0.01,2,0.0075
2026-09-21,0x8e525bfce1ef40aa8075ef64e45421b5855c8909,data,model,5,0.01,2,0.002
2026-09-21,0xd433f056270912659f073d5ffe7ae247e39235a5,data,model,10,0.01,5,0.001
2026-09-21,0x814efe784709f5bf8df47735d87602b01030e5d2,other,model,6,0.01,4,0.001
2026-09-21,0x8647f7d7a1368a467ad1ff757fbc2e7167973558,data,hand_o2,6,0.01,4,0.002
2026-09-21,0xd6b585dd2f48263d08fb75ea28c1598d845d23a8,data,hand_o2,5,0.01,3,0.001
2026-09-21,0xb836a641dae76424861f7f1fcb37c1295e44e329,data,model,2,0.01,2,0.0075
2026-09-21,0x8a598a28a435fe44d31854251b1c88d0781ea822,other,model,7,0.01,4,0.001
2026-09-21,0xa3091005a76b1480f1897a9d0c2e1c55b7767674,other,hand_o2+model,5,0.01,2,0.001
2026-09-21,0x34d3ed2c5fc6d6a0f25d1aad77193a8aa88a52b5,compute,hand_o10,3,0.01,2,0.005
2026-09-21,0xf624f9fe1d3165c5ca32c7fbdbf82f4a5b1d2d0e,data,model,5,0.01,4,0.001
2026-09-21,0x1538726707212f4db3eb67cec0910422a310475c,data,model,4,0.01,4,0.002
2026-09-21,0x237371f8b372a02b58fb430eb564b7c5cb936f75,data,hand_o2,7,0.01,4,0.001
2026-09-21,0x9d6b6fdb04040a55d58b24ff4c90c08cf6083c8f,other,hand_o2+model,3,0.01,3,0.001
2026-09-21,0x25a8b697da5c0baf698fd6bd9701b5e825214145,data,hand_o2,5,0.01,2,0.001
2026-09-21,0x46ba634261566cf242c853d1f49511f9268ba674,data,hand_o2,9,0.01,5,0.001
2026-09-21,0x75113dcf8ce34f0338440d40270e420f8c1762b8,other,model,3,0.01,3,0.003
2026-09-21,0x6ee49a7872844397fb52870cc07b308ffadc9427,data,hand_o2,4,0.01,3,0.001
2026-09-21,0x85df5380debe236ad6bf49de788243924b080267,data,hand_o10,6,0.01,4,0.001
2026-09-21,0xf52cede1a0f2b95dfa703790005f2542cba45678,data,model,3,0.01,2,0.003
2026-09-21,0xa2ad8183209e5d2f7f0d8f995f5601a0bb5100c7,data,model,10,0.01,3,0.001
2026-09-21,0x41adee1eba2c276be5e8cabe0ce523e4dd792170,data,hand_o2,5,0.01,3,0.001
2026-09-21,0x66e19457ffc829e8ed74706f5c1399c6f6466de8,other,hand_o2+model,3,0.01,2,0.002
2026-09-21,0x841ef35b7b7ee4c820bff040369a8ade4741b45d,data,model,6,0.01,3,0.001
2026-09-21,0x105bc7a04eec0c162342874110084dfe01996435,compute,model,2,0.01,2,0.005
2026-09-21,0xb3e9391f04f791462ed2a1ebafabe254d7afe3a5,data,hand_o2,5,0.01,4,0.001
2026-09-21,0x48096526488f2d51df6bca1b1f3a3639986cc3dd,other,hand_o2+model,2,0.01,2,0.0055
2026-09-21,0xa1ebb2a8a8ed5497cf09c861a1e135520a3b3396,other,hand_o2+model,6,0.01,5,0.001
2026-09-21,0x693d72fc5ad1f09b1c62be3707679cbe334c88df,compute,model,2,0.01,2,0.005
2026-09-21,0x435afac555fe115f18e657e49960063c12c6aed0,search,model,2,0.01,2,0.0035
2026-09-21,0x059a69c76cea4d2b319cc05021a093ab3fd9bafb,search,model,2,0.01,2,0.00625
2026-09-21,0x581ab190df2b2932175d987e787acd28a85eaa1c,data,hand_o10,3,0.01,2,0.001
2026-09-21,0x908b2cc89a2387f754ba3c80aedb06f3457436aa,data,hand_o2,2,0.01,2,0.005
2026-09-21,0xbd61dfb01f81c91f02b0ccd51b0220e0c8918639,other,hand_o2+model,11,0.01,7,0.001
2026-09-21,0xb32e6b14b706bc64ec7a67285973c4556e97a8e6,data,hand_o2,3,0.01,2,0.003
2026-09-21,0x44818760c35821d793cf69275ddcfc012b3cda11,data,model,2,0.01,2,0.005
2026-09-21,0x6a706d6fcf192c15fb592d7502258ed41425dd36,content,hand_o10,2,0.01,2,0.005
2026-09-21,0x9862ca83b72ab95521f457aff6e6efb03d8164c3,data,model,2,0.01,2,0.0075
2026-09-21,0x55e6024b4eb9b9325537c7453f53fda5413b8417,data,model,4,0.0,2,0.001
2026-09-21,0x52c76f43aa871b407e242dcc396ccc54a8c70ade,data,model,2,0.0,2,0.002
2026-09-21,0x108bcd8a07c3fdfca3aa500784a8573123a1029f,data,hand_o2,2,0.0,2,0.002
2026-09-21,0xa7e1fe3744e3b6d55237d95ce575cafe3b8abecd,data,hand_o2,4,0.0,2,0.001
2026-09-21,0x8e3c3e9c91cc0161b5e1cf138180ef3641d2371e,compute,model,3,0.0,3,0.001
2026-09-21,0x455f20ec147477cafcd6d77c1604529f3c4ff665,other,hand_o10,2,0.0,2,0.002
2026-09-21,0x402faccc3faeb72351cc2b68c7966faf5f22b0d4,data,hand_o2,4,0.0,3,0.001
2026-09-21,0xe602344ef3944497a72981e36066c62e7a99f599,data,model,2,0.0,2,0.001
2026-09-21,0xb91504d6f77d36923376c302ccc0237df0efaa35,other,model,2,0.0,2,0.001
2026-09-21,0xed7d30e8bc643503f9da261ed8e623bb6ecf6189,other,model,2,0.0,2,0.001
2026-09-21,0x6d9f318463168ff637b50e5b9a21392e97c7c167,data,hand_o2,3,0.0,3,0.001
2026-09-21,0x67ac1e671e87b2c91847230748ed38a596013ea6,data,hand_o2,2,0.0,2,0.001
2026-09-21,0xb6011c789c6c48952ac142056900d7ce0f15e1eb,data,model,2,0.0,2,0.001
2026-09-21,0x6a667a72d3d36d95421474019aa46f0308d643fc,data,hand_o2,2,0.0,2,0.001
2026-09-21,0xe73d86f185be79a33b0318d881b71f2a24371114,compute,hand_o2+model,4,0.0,3,0.001
2026-09-21,0x56cfdcc1ab02e027a11ebced1b884351ea6467ca,data,hand_o2,2,0.0,2,0.001
2026-09-21,0xf3d62244749ea344aa5408e7bc50b5287f2b32cc,data,hand_o2,2,0.0,2,0.001
2026-09-21,0xe2520f1497ee47645072a6214304807bc3340d58,data,model,4,0.0,3,0.001
2026-09-21,0x7e5af504234a9a992009b4de3f5ca9c4fe0db5be,unclassed,none,20,0.0,17,1e-06
2026-09-21,0xd07bb762a322029df4f4fb728af1c805591fc7d0,unclassed,none,39,0.0,25,1e-06
2026-09-21,0x1035e11e861aab9fa443491bfeeb0b3152c7a9f3,unclassed,none,27,0.0,22,1e-06
2026-09-21,0xc87a34ea2051c052c9e4ccb4bfc5d308560abc68,unclassed,none,24,0.0,20,1e-06
2026-09-21,0x5fd3e2915b3a726db50b6ff60f281f59a591ab3c,unclassed,none,18,0.0,16,1e-06
2026-09-21,0x6a82fe3f9471fdf7c8987b482737a44084dfe2cb,unclassed,none,21,0.0,19,1e-06
2026-09-21,0x3fc3bfe0e28824cdc964b8ba3ba97ac3c8d8ffb0,unclassed,none,37,0.0,25,1e-06
2026-09-21,0xb77bb730db97d8ced7d85b59dd702f83c65bd02c,unclassed,none,20,0.0,17,1e-06
2026-09-21,0x8553670d4b9302a6c6499707e1ad742bd941f930,unclassed,none,29,0.0,22,1e-06
2026-09-21,0x59dc4e72ff68bd2fdcf904f7dea50ba34369c9dd,unclassed,none,32,0.0,24,1e-06
2026-09-21,0xd6fce15298fc9d60f867d9455d497177da9bfb0a,data,model,2,0.0,2,0.001
2026-09-21,0x1394a802c94ab096abbd91ccc632843b03f46614,data,model,2,0.0,2,0.001
2026-09-21,0x54f57d0fe2ffba8c8111fc89d4a0e624d53dd0e3,data,model,2,0.0,2,0.0015
2026-09-21,0xeb0f642c1b71ec3b3594303de1d09ea2532b0f5e,data,hand_o2,3,0.0,2,0.001
2026-09-21,0x75abce556c2450d58dad3779c57f5eb0885b9758,other,model,3,0.0,3,0.001
2026-09-21,0x2a47e248ee3b5f3e680b5f6b5832e5ef1206b7e3,other,model,4,0.0,3,0.001
2026-09-21,0xb6a059e341769c08310a8cfaef17015fc5f896c4,compute,model,2,0.0,2,0.001
2026-09-21,0xa238af2e66d9d7301f2d02932931851ddf900dcd,data,model,2,0.0,2,0.001
2026-09-21,0x33cc8de6e86761d217044a8a6b394ad23b579596,data,hand_o2,4,0.0,3,0.001
2026-09-21,0x0db4c96d8b14f431f3bb8ce1a33f07d2c696a62c,data,hand_o2,2,0.0,2,0.002
2026-09-21,0x9d305938253c491f7259d437eff064418b3fdfa0,data,model,2,0.0,2,0.001
2026-09-21,0x478bcdea94b9cb5ea14c33e6f0d7e920743d39f2,data,hand_o2,4,0.0,4,0.001
2026-09-21,0x8b29dabd6fbb5a09dacbc7978eaed66a8540721d,other,model,3,0.0,3,0.001
2026-09-21,0xb3f32bdfe8d07825bc0d7387295ab1d7559ba69d,compute,hand_o2+model,4,0.0,2,0.001
2026-09-21,0xfbd46201267609ad3c66bd1b99b7f1cc80b1852f,data,model,2,0.0,2,0.001
2026-09-21,0x87fc8c5b2c5000d50d6808f3526eeec57e240211,compute,model,4,0.0,3,0.001
2026-09-21,0x702ba46435d1e55b18440100bc81eb055574875e,search,model,2,0.0,2,0.001
2026-09-21,0x21ba2c2f9cb292cf72360776389099dd0e9a3ae0,compute,model,2,0.0,2,0.002
2026-09-21,0x5b34cac219963f0a52f1764cfe3cbcd49e222dc8,search,model,2,0.0,2,0.002
2026-09-21,0x995ffef6c39234f0bbc95cf0e84fe1b6e6e2d8e0,data,model,2,0.0,2,0.001
2026-09-21,0xefc3f6ba8a706af67162ebab84fc2d09fa73360e,data,model,2,0.0,2,0.001
2026-09-21,0x71deac098914a009e3720524642a6be6f65ee528,other,model,2,0.0,2,0.0015
