day,facilitator,payments,usd,median_usd,payers,payees
2025-07-04,payai,5,0.005,0.001,1,1
2025-07-07,payai,7,0.007,0.001,1,1
2025-07-08,payai,2,0.002,0.001,1,1
2025-07-10,payai,1,0.001,0.001,1,1
2025-07-11,payai,2,0.002,0.001,1,1
2025-07-14,payai,1,0.001,0.001,1,1
2025-07-15,payai,1,0.001,0.001,1,1
2025-07-16,payai,2,0.002,0.001,1,1
2025-07-18,payai,3,0.003,0.001,1,1
2025-07-22,payai,3,0.003,0.001,1,2
2025-07-31,payai,3,0.003,0.001,1,1
2025-08-15,payai,1,0.001,0.001,1,1
2025-08-21,payai,1,0.001,0.001,1,1
2025-09-09,payai,2,0.02,0.01,2,1
2025-09-11,payai,1,0.01,0.01,1,1
2025-09-12,payai,4,0.1,0.02,1,1
2025-09-13,payai,4,0.32000000000000006,0.1,1,1
2025-09-14,payai,19,0.355,0.01,3,4
2025-09-15,payai,4,7.51,2.5,2,2
2025-09-16,payai,4,523.5,20,3,3
2025-09-19,payai,14,35.55,2.5,3,4
2025-09-20,payai,19,47.5,2.5,1,1
2025-09-21,payai,1,2.5,2.5,1,1
2025-09-22,payai,2,5,2.5,1,1
2025-09-22,corbits,4,0.23266299999999998,0.01,3,3
2025-09-23,payai,3,7.5,2.5,2,1
2025-09-23,corbits,5,0.005,0.001,1,1
2025-09-24,payai,3,7.5,2.5,1,1
2025-09-24,corbits,19,0.01900000000000001,0.001,4,1
2025-09-25,payai,15,37.5,2.5,2,1
2025-09-25,corbits,1,0.001,0.001,1,1
2025-09-26,payai,3,7.5,2.5,2,1
2025-09-26,corbits,5,0.005,0.001,2,1
2025-09-27,payai,3,7.5,2.5,2,1
2025-09-27,corbits,20,0.02000000000000001,0.001,2,1
2025-09-28,payai,1,2.5,2.5,1,1
2025-09-30,corbits,15,0.015000000000000006,0.001,2,1
2025-10-01,corbits,2,0.002,0.001,2,1
2025-10-02,payai,6,8.52,2.5,3,4
2025-10-02,corbits,1,0.001,0.001,1,1
2025-10-03,payai,3,1.1,0.05,2,2
2025-10-03,corbits,6,0.282928,0.001,3,3
2025-10-04,corbits,5,0.005,0.001,2,1
2025-10-05,corbits,1815,1.814999999999911,0.001,4,1
2025-10-06,corbits,1440,1.4399999999999522,0.001,2,1
2025-10-07,payai,11,2.64,0.01,3,4
2025-10-07,corbits,424,0.4240000000000003,0.001,4,2
2025-10-08,corbits,371,0.3710000000000003,0.001,3,2
2025-10-08,payai,2,0.2,0.1,1,1
2025-10-09,corbits,399,0.3990000000000003,0.001,2,1
2025-10-09,payai,1,0.01,0.01,1,1
2025-10-10,payai,25,18.169999999999998,0.1,3,5
2025-10-10,corbits,290,0.2900000000000002,0.001,2,1
2025-10-11,payai,7,7.4,0.1,4,4
2025-10-11,corbits,249,0.2490000000000002,0.001,1,1
2025-10-12,payai,4,1.3000000000000003,0.1,2,2
2025-10-12,corbits,228,0.22800000000000017,0.001,1,1
2025-10-13,payai,5,9.299999999999999,0.1,1,1
2025-10-13,corbits,153,0.1530000000000001,0.001,1,1
2025-10-14,payai,19,4.6,0.1,1,2
2025-10-14,corbits,50,1.5349999999999995,0.001,4,1
2025-10-15,corbits,186,2.0669999999999935,0.001,3,9
2025-10-15,payai,6,0.6000000000000001,0.1,1,1
2025-10-16,payai,2,5.5,4.5,2,2
2025-10-16,corbits,302,0.3020000000000002,0.001,2,6
2025-10-17,payai,35,3.5000000000000004,0.1,3,1
2025-10-17,corbits,250,0.3490000000000002,0.001,3,8
2025-10-18,payai,12,1.2000000000000002,0.1,2,1
2025-10-18,corbits,241,0.2410000000000002,0.001,3,6
2025-10-19,payai,30,10.84,0.1,4,4
2025-10-19,corbits,236,0.23600000000000018,0.001,1,6
2025-10-20,payai,7,4.5,0.5,1,2
2025-10-20,corbits,285,0.2850000000000002,0.001,4,7
2025-10-21,payai,12,3.040999999999999,0.05,3,3
2025-10-21,corbits,256,0.25600000000000017,0.001,3,7
2025-10-22,payai,50,63.21999999999999,0.1,2,2
2025-10-22,corbits,278,0.2780000000000002,0.001,2,6
2025-10-23,payai,62,63.78,0.06,8,7
2025-10-23,corbits,302,0.3020000000000002,0.001,2,6
2025-10-24,payai,55,415.69,10,14,10
2025-10-24,corbits,351,0.35100000000000026,0.001,1,6
2025-10-24,coinbase,2,0.002,0.001,1,1
2025-10-25,payai,1708,15055.281030000006,10,265,13
2025-10-25,corbits,216,0.21600000000000016,0.001,2,6
2025-10-26,payai,1963,14965.161,9.748289345063538,547,11
2025-10-26,corbits,449,0.44900000000000034,0.001,134,6
2025-10-27,payai,3666,1725.2997999999477,0.0001,51,3346
2025-10-27,corbits,502,0.5020000000000003,0.001,208,6
2025-10-27,daydreams,48,0.0048,0.0001,1,48
2025-10-27,dexter,4,0.0004,0.0001,1,4
2025-10-28,payai,2393,6839.219200000013,0.0001,51,2019
2025-10-28,openx402,4,107.32047,38.331624,3,4
2025-10-28,dexter,99,4.950000000000001,0.05,1,1
2025-10-28,corbits,393,0.3930000000000003,0.001,57,7
2025-10-28,daydreams,488,0.04880000000000037,0.0001,1,488
2025-10-28,coinbase,1,0.000192,0.000192,1,1
2025-10-29,payai,5566,43.21119999999971,0.0001,19,5512
2025-10-29,dexter,508,23.054699999999958,0.05,4,48
2025-10-29,corbits,403,0.4030000000000003,0.001,66,6
2025-10-29,coinbase,5,0.0401,0.01,2,2
2025-10-30,payai,423,78.68740000000008,0.1,29,22
2025-10-30,dexter,568,26.45580000000001,0.05,3,58
2025-10-30,corbits,420,0.6342000000000004,0.001,120,8
2025-10-30,daydreams,976,0.09760000000000177,0.0001,1,976
2025-10-30,ultravioletadao,371,0.037100000000000036,0.0001,1,371
2025-10-31,dexter,4341,212.2595999999973,0.05,5,51
2025-10-31,payai,103,35.708299000000004,0.03,18,16
2025-10-31,openx402,9307,29.405000000006623,0.001,2,2
2025-10-31,corbits,462,2.2340999999999807,0.0012279511533242876,52,10
2025-10-31,daydreams,1493,0.14929999999999988,0.0001,1,1490
2025-10-31,coinbase,3,0.03,0.01,1,1
2025-11-01,dexter,9736,491.51859999998464,0.05,4,316
2025-11-01,openx402,27012,52.01099999995614,0.001,2,2
2025-11-01,coinbase,4,10.12,0.1,2,2
2025-11-01,payai,60,6.3809999999999985,0.001,10,8
2025-11-01,corbits,54,0.36900000000000016,0.01,15,6
2025-11-01,daydreams,1469,0.14690000000000014,0.0001,1,1465
2025-11-01,aurracloud,4,0.004,0.001,1,1
2025-11-02,payai,50,1113.752,4,31,13
2025-11-02,dexter,6466,322.8009999999923,0.05,3,2
2025-11-02,openx402,14940,44.938999999971976,0.001,2,2
2025-11-02,daydreams,2508,0.2507999999999887,0.0001,2,2502
2025-11-02,corbits,6,0.041100000000000005,0.01,3,3
2025-11-02,coinbase,1,0.01,0.01,1,1
2025-11-03,openx402,2556,5318.454671000068,0.6882834893126042,20,21
2025-11-03,payai,1146,4448.012499999994,0.5,417,20
2025-11-03,dexter,1807,83.6634000000005,0.05,3,3
2025-11-03,codenut,11,3.4903639999999996,0.1,4,5
2025-11-03,corbits,56,0.18830000000000005,0.001,43,3
2025-11-03,ultravioletadao,1214,0.12140000000000245,0.0001,2,2
2025-11-03,coinbase,18,0.11134400000000001,0.01,3,2
2025-11-03,aurracloud,539,0.0575000000000006,0.0001,3,3
2025-11-04,openx402,25533,18461.209774003128,0.001,17,17
2025-11-04,payai,395,244.15400000000022,0.0175,34,20
2025-11-04,dexter,2091,96.81550000000047,0.05,3,3
2025-11-04,codenut,3,0.12,0.01,1,1
2025-11-04,corbits,100,0.10000000000000007,0.001,100,1
2025-11-04,daydreams,978,0.09780000000000177,0.0001,3,3
2025-11-04,ultravioletadao,73,0.007300000000000006,0.0001,2,2
2025-11-04,coinbase,4,0.000768,0.000192,1,1
2025-11-05,payai,1016,3313.614499999995,0.0175,46,24
2025-11-05,openx402,1075,2892.500782000004,1.4196067834154356,17,17
2025-11-05,corbits,50,0.15800000000000003,0.001,41,3
2025-11-05,codenut,1,0.01,0.01,1,1
2025-11-05,ultravioletadao,85,0.008500000000000004,0.0001,1,1
2025-11-06,payai,1409,9263.932499999952,0.1,164,18
2025-11-06,openx402,3586,9049.411133000007,1.247413881694408,16,16
2025-11-06,dexter,6066,342.48261199999416,0.05,3,6
2025-11-06,corbits,118,0.9460000000000006,0.01,14,7
2025-11-06,coinbase,33,0.25122799999999995,0.01,2,2
2025-11-06,ultravioletadao,57,0.005700000000000002,0.0001,1,1
2025-11-07,openx402,1026,2531.825283000003,1.2690977619248613,16,16
2025-11-07,dexter,5550,298.0942049999939,0.05,4,7
2025-11-07,payai,242,82.53198999999998,0.0175,29,22
2025-11-07,codenut,6,4.02,0.01,3,3
2025-11-07,corbits,428,3.2089999999999668,0.01,57,6
2025-11-07,anyspend,20,0.20000000000000004,0.01,2,1
2025-11-07,daydreams,1598,0.15979999999999872,0.0001,4,4
2025-11-07,coinbase,33,0.11326099999999997,0.000105,3,3
2025-11-08,openx402,1221,3146.5714790000034,1.4497896619191621,16,16
2025-11-08,dexter,7199,352.7442999999921,0.05,3,5
2025-11-08,payai,256,23.94675999999999,0.0175,28,22
2025-11-08,coinbase,2,2,1,1,1
2025-11-08,corbits,175,1.2369999999999999,0.01,48,7
2025-11-08,anyspend,4,0.45999999999999996,0.15,1,2
2025-11-08,daydreams,339,0.033899999999999944,0.0001,1,1
2025-11-09,openx402,737,1824.5996930000017,1.2512983995075408,16,16
2025-11-09,dexter,2902,140.4093999999999,0.05,2,2
2025-11-09,payai,99,63.388410000000015,0.25432675000000005,16,19
2025-11-09,coinbase,58,19.460000000000004,0.06,6,2
2025-11-09,daydreams,7613,0.7621999999999325,0.0001,8,7
2025-11-09,corbits,58,0.5440000000000002,0.001,36,9
2025-11-09,codenut,1,0.01,0.01,1,1
2025-11-10,coinbase,20383,20349.294105000004,1,1249,5
2025-11-10,payai,1481,4486.853705999997,4,92,21
2025-11-10,openx402,1099,2605.258587000001,1.0072848972848187,16,16
2025-11-10,dexter,6882,315.2577999999979,0.05,3,4
2025-11-10,corbits,282,2.2259999999999938,0.01,38,10
2025-11-10,anyspend,10,1.3599999999999999,0.15,3,2
2025-11-10,codenut,1,0.01,0.01,1,1
2025-11-11,payai,3610,150046.89674299993,50,3029,50
2025-11-11,openx402,195,543.5562979999997,1.2240104166666668,16,16
2025-11-11,coinbase,81,22.79177599999999,0.052500000000000005,11,8
2025-11-11,dexter,304,15.199999999999978,0.05,1,1
2025-11-11,corbits,298,2.3409999999999895,0.01,65,11
2025-11-11,codenut,5,0.0007499999999999999,0.00015,1,1
2025-11-12,openx402,4791,12044.907022999983,1.264684634546572,16,16
2025-11-12,payai,4459,509.72970699999723,0.1,44,31
2025-11-12,dexter,7974,406.26470000000313,0.05,3,5
2025-11-12,coinbase,358,322.16321400000004,1,36,5
2025-11-12,corbits,311,3.506999999999972,0.01,100,11
2025-11-12,cascade,6,2.35,0.5,2,6
2025-11-12,anyspend,1,0.01,0.01,1,1
2025-11-12,daydreams,2,0.002,0.001,1,1
2025-11-12,codenut,2,0.0003,0.00015,1,2
2025-11-13,openx402,2005,5083.975663000015,1.2677007149886996,16,16
2025-11-13,payai,2585,316.56499999999767,0.1,18,22
2025-11-13,dexter,4216,314.66149999999556,0.05,53,8
2025-11-13,coinbase,114,86.01065600000001,1,11,6
2025-11-13,corbits,177,1.4189999999999998,0.01,17,8
2025-11-13,daydreams,9,0.0522,0.01,3,4
2025-11-13,anyspend,2,0.02,0.01,1,1
2025-11-13,codenut,8,0.0012,0.00015,1,1
2025-11-14,openx402,2148,5465.033968000008,1.2836882764025686,16,16
2025-11-14,dexter,15572,2618.6980060000014,0.1831138191121338,105,11
2025-11-14,payai,7272,967.5910000000171,0.1,27,31
2025-11-14,corbits,31140,32.77688000001466,0.001,42,7
2025-11-14,ultravioletadao,8,11,1,2,1
2025-11-14,coinbase,42,0.46108000000000005,0.001,6,7
2025-11-14,daydreams,25,0.3010000000000001,0.01,5,7
2025-11-14,anyspend,3,0.03,0.01,1,1
2025-11-14,codenut,1,0.00015,0.00015,1,1
2025-11-15,dexter,51106,8072.50000000004,0.2352729247863274,102,1
2025-11-15,openx402,253,681.108796,1.2160122032085563,16,16
2025-11-15,payai,115,249.082,0.02222222222222222,16,20
2025-11-15,anyspend,23,5.479999999999999,0.05,5,5
2025-11-15,ultravioletadao,2,2.8200000000000003,1.82,2,1
2025-11-15,corbits,133,2.767409999999995,0.01,2,7
2025-11-15,coinbase,46,0.49900000000000005,0.001,4,3
2025-11-15,daydreams,7,0.07,0.01,1,2
2025-11-15,codenut,1,0.00015,0.00015,1,1
2025-11-16,openx402,5823,14847.125395000015,1.286217359387286,16,16
2025-11-16,dexter,49040,2507.075104999963,0.05,107,8
2025-11-16,payai,45,20.934999999999995,0.1,14,18
2025-11-16,corbits,141,2.0593499999999993,0.01,8,7
2025-11-16,coinbase,82,1.9385000000000008,0.01,3,2
2025-11-16,anyspend,1,0.05,0.05,1,1
2025-11-16,codenut,5,0.0007499999999999999,0.00015,1,1
2025-11-16,daydreams,1,0.0001,0.0001,1,1
2025-11-17,dexter,33893,1496.896300000075,0.05,103,3
2025-11-17,openx402,34,55.85989799999999,0.9145,14,14
2025-11-17,payai,76,16.171,0.1,15,22
2025-11-17,corbits,188,0.9928499999999999,0.006250000000000001,4,7
2025-11-17,coinbase,6,0.36,0.06,2,1
2025-11-17,anyspend,4,0.22000000000000003,0.04,2,4
2025-11-17,codenut,9,0.0013499999999999999,0.00015,2,2
2025-11-18,dexter,32794,1643.813882000099,0.05,102,6
2025-11-18,openx402,166,494.8547949999999,1.91879798,16,16
2025-11-18,payai,195,17.79039999999999,0.03,19,27
2025-11-18,corbits,49546,6.153099999998956,0.0001,52,10
2025-11-18,coinbase,47,1.1410140000000002,0.01,6,5
2025-11-18,codenut,2,0.0003,0.00015,1,1
2025-11-19,dexter,87441,4376.999999998665,0.05,104,1
2025-11-19,payai,244,70.47395000000003,0.05,20,26
2025-11-19,coinbase,184,4.17081899999999,0.01,7,8
2025-11-19,corbits,6369,2.044949999999988,0.0001,13,10
2025-11-19,codenut,4,0.0006,0.00015,1,2
2025-11-20,dexter,92414,4620.850000998373,0.05,134,3
2025-11-20,payai,90751,924.1396099996214,0.01,118,24
2025-11-20,coinbase,138,8.553999999999997,0.01,8,7
2025-11-20,corbits,563,4.729999999999943,0.01,8,11
2025-11-20,codenut,2,0.0002,0.0001,1,1
2025-11-21,dexter,185860,35433.0174980046,0.05,170,7
2025-11-21,payai,85694,920.626539999666,0.01,21,26
2025-11-21,coinbase,335,2.9224999999999994,0.01,5,6
2025-11-21,corbits,155,1.460900000000001,0.01,2,6
2025-11-22,dexter,216484,51475.6244399824,0.05,170,7
2025-11-22,payai,5221,68.87999000000178,0.01,52,18
2025-11-22,coinbase,484,4.632999999999976,0.01,3,4
2025-11-22,corbits,187,1.8700000000000014,0.01,4,5
2025-11-23,dexter,229015,51402.599999973565,0.05,164,1
2025-11-23,payai,157476,1580.1999999991456,0.01,124,10
2025-11-23,corbits,196,1.9600000000000015,0.01,2,6
2025-11-23,coinbase,23,0.22099999999999997,0.01,2,3
2025-11-24,dexter,221253,37579.95000001935,0.05,187,1
2025-11-24,payai,310996,3153.149999997743,0.01,168,20
2025-11-24,corbits,261,2.7899999999999867,0.01,13,10
2025-11-24,coinbase,92,0.6880000000000003,0.01,2,3
2025-11-25,dexter,257624,41565.49999996897,0.05,229,1
2025-11-25,payai,500554,5061.597969996021,0.01,192,26
2025-11-25,corbits,263,3.4149999999999796,0.01,3,11
2025-11-25,coinbase,41,0.4100000000000001,0.01,1,2
2025-11-26,dexter,269778,39762.95000001098,0.05,208,1
2025-11-26,payai,500705,5056.50499999933,0.01,227,16
2025-11-26,corbits,271,6.091999999999965,0.01,11,12
2025-11-26,coinbase,37,0.31300000000000006,0.01,1,2
2025-11-27,dexter,271373,40922.95000001019,0.05,173,1
2025-11-27,payai,263978,2644.7719999981045,0.01,275,25
2025-11-27,corbits,342,3.419999999999971,0.01,38,6
2025-11-27,coinbase,24,0.21499999999999997,0.01,2,2
2025-11-28,dexter,267375,41485.899999976704,0.05,206,1
2025-11-28,payai,3251,123.1469999999994,0.001,228,23
2025-11-28,openx402,27,76.2631,0.7338,13,13
2025-11-28,corbits,296,2.954999999999981,0.01,2,7
2025-11-28,coinbase,39,0.5155000000000001,0.01,1,2
2025-11-29,dexter,252199,40085.09999999504,0.05,173,3
2025-11-29,payai,4244,364.11299999999596,0.1,186,15
2025-11-29,coinbase,61,6.849999999999997,0.05,1,1
2025-11-29,corbits,290,2.899999999999982,0.01,2,6
2025-11-30,payai,205213,342837.46626041626,0.1,343,20
2025-11-30,dexter,269163,39887.14999999133,0.05,172,1
2025-11-30,coinbase,22,4.119999999999998,0.05,2,2
2025-11-30,corbits,305,3.049999999999979,0.01,2,6
2025-12-01,payai,334437,104098.02144970163,0.1,229,27
2025-12-01,dexter,268362,40477.899999955196,0.05,173,1
2025-12-01,coinbase,110,10.590769999999996,0.05,6,5
2025-12-01,corbits,305,3.3149999999999777,0.01,5,8
2025-12-02,payai,402547,265744.93340018153,0.1,295,130
2025-12-02,dexter,339223,118563.64999991536,0.05,231,1
2025-12-02,coinbase,28,4.660646,0.05,8,7
2025-12-02,corbits,196,1.9510000000000014,0.01,3,7
2025-12-03,payai,507330,704765.3256001812,0.1,527,138
2025-12-03,dexter,377064,149839.1999999592,0.05006721928208039,227,1
2025-12-03,corbits,31071,34.01700000001018,0.001,68,13
2025-12-03,coinbase,33,1.8393460000000001,0.01,6,7
2025-12-04,payai,672840,216158.7554358947,0.0913076076264475,590,150
2025-12-04,dexter,367271,145172.40000005948,0.05,225,1
2025-12-04,coinbase,112,17.990440999999997,0.05,6,6
2025-12-04,corbits,14339,17.11000099999819,0.001,7,9
2025-12-05,dexter,384410,153273.10000009125,0.05,239,1
2025-12-05,payai,391109,29158.510800056185,0.009944300162238335,448,127
2025-12-05,corbits,296,3.139999999999977,0.01,12,7
2025-12-05,coinbase,25,1.4110190000000002,0.01,4,6
2025-12-06,dexter,314205,125118.8000001273,0.05,250,1
2025-12-06,payai,347192,6495.029253009375,0.009998947712600908,143,135
2025-12-06,corbits,277,2.769999999999985,0.01,3,6
2025-12-07,dexter,351446,177896.0200000085,0.3906127693209436,258,1
2025-12-07,payai,372522,13550.319807015321,0.0099997465871478,170,132
2025-12-07,coinbase,8,3.73,0.25,3,4
2025-12-07,corbits,232,2.3199999999999945,0.01,2,6
2025-12-08,dexter,260002,140782.67000001977,0.6876395185809122,253,1
2025-12-08,payai,421166,16525.564583033047,0.010000029411174503,175,134
2025-12-08,coinbase,18,140.11,9.9,16,6
2025-12-08,corbits,169,1.8700000000000014,0.01,4,7
2025-12-09,dexter,356180,193865.60000006325,0.6938065702285072,252,1
2025-12-09,payai,411494,13905.731535016712,0.01,171,131
2025-12-09,coinbase,10,60.515,9.9,8,6
2025-12-09,corbits,264,3.8499999999999748,0.01,5,14
2025-12-10,dexter,367674,197626.46000009042,0.6377186100342618,251,1
2025-12-10,payai,449483,16175.774608035308,0.01,168,126
2025-12-10,coinbase,16,41.20000000000001,0.1,8,5
2025-12-10,corbits,271,5.534999999999959,0.01,5,14
2025-12-11,dexter,470937,229909.30000015296,0.0897000282135548,252,1
2025-12-11,payai,319002,9219.420495013028,0.009998501927063192,175,127
2025-12-11,coinbase,11,50.010000000000005,0.1,8,6
2025-12-11,x402jobs,135,33.78000600000008,0.08242187500000002,4,10
2025-12-11,corbits,229,2.7499999999999907,0.01,3,9
2025-12-12,dexter,458419,218926.740000094,0.11898145120214265,284,1
2025-12-12,payai,327914,5452.890511996466,0.009463135044390922,158,122
2025-12-12,coinbase,8,50.019999999999996,9.9,7,5
2025-12-12,x402jobs,111,27.711001000000014,0.05,6,10
2025-12-12,corbits,254,4.394999999999957,0.01,4,10
2025-12-12,ultravioletadao,3,3,1,2,1
2025-12-13,dexter,660142,346070.1900004276,0.5726493151512915,284,1
2025-12-13,payai,276956,3204.8765209956055,0.0013757737018205607,158,115
2025-12-13,coinbase,4,39.6,9.9,4,3
2025-12-13,x402jobs,79,26.86825400000003,0.1,12,10
2025-12-13,corbits,229,2.169999999999997,0.01,3,8
2025-12-14,dexter,655137,341841.52000041783,0.4118521899808554,286,1
2025-12-14,payai,381088,4769.027027995441,0.01,162,117
2025-12-14,coinbase,7,69.30000000000001,9.9,7,3
2025-12-14,corbits,202,1.9,0.01,2,8
2025-12-14,x402jobs,27,1.1000000000000003,0.02,4,7
2025-12-15,dexter,491120,241206.40000016007,0.23282837727909092,287,1
2025-12-15,payai,350867,4369.921715996227,0.01,142,116
2025-12-15,coinbase,10,9.900169,2.3e-05,2,2
2025-12-15,corbits,288,2.7599999999999842,0.01,3,8
2025-12-15,x402jobs,32,2.000000000000001,0.05,3,2
2025-12-16,dexter,629862,323910.1900004893,0.49533135439633014,289,1
2025-12-16,payai,376305,4515.054602000988,0.009939225154847119,139,114
2025-12-16,x402jobs,91,22.39000000000004,0.05,5,9
2025-12-16,coinbase,21,19.818999999999992,0.001,3,3
2025-12-16,corbits,247,2.114999999999995,0.01,1,8
2025-12-17,dexter,662275,330985.08818614646,0.21533637679505577,294,4
2025-12-17,payai,298409,5760.930396003332,0.00977249334944725,446,115
2025-12-17,x402jobs,38,236.65000000000006,1,7,4
2025-12-17,corbits,210,4.905211999999969,0.01,8,11
2025-12-17,ultravioletadao,2,2,1,1,1
2025-12-17,coinbase,9,0.03153,0.000106,2,3
2025-12-18,dexter,703369,309654.9000004649,0.05130305377140759,291,1
2025-12-18,payai,238537,5680.338063997694,0.01,444,117
2025-12-18,x402jobs,101,314.46900100000005,1,3,5
2025-12-18,coinbase,26,19.882,0.001,4,3
2025-12-18,corbits,190,1.965,0.01,1,11
2025-12-19,dexter,670206,158978.6499998769,0.08313327098229148,300,1
2025-12-19,payai,303097,5916.987631999513,0.00927871559497039,440,118
2025-12-19,x402jobs,125,67.36761199999994,0.2089795918367347,4,9
2025-12-19,coinbase,62,24.560160000000014,0.02,7,9
2025-12-19,corbits,252,4.554999999999979,0.01,2,11
2025-12-20,dexter,655706,114213.61999993549,0.249999925250622,354,1
2025-12-20,payai,291354,5992.3223519965995,0.007486148650323881,467,132
2025-12-20,x402jobs,409,17.020000000000053,0.04781212841854934,3,4
2025-12-20,coinbase,9,10.06,0.02,2,2
2025-12-20,corbits,268,4.719999999999972,0.01,2,11
2025-12-21,dexter,646550,88245.63999996705,0.10083842318466336,351,2
2025-12-21,payai,264381,27453.154388042298,0.010230863142106805,499,120
2025-12-21,coinbase,26,20.269999999999996,0.02,4,4
2025-12-21,corbits,294,4.979999999999968,0.01,3,11
2025-12-21,x402jobs,22,0.6100000000000002,0.01,4,4
2025-12-22,dexter,690593,47310.26000007675,0.08765978692600061,417,4
2025-12-22,payai,244998,25950.604618033423,0.01,497,119
2025-12-22,x402jobs,80,5.98999999999999,0.05,4,6
2025-12-22,corbits,311,5.144999999999966,0.01,3,11
2025-12-22,coinbase,24,0.529069,0.02,5,5
2025-12-23,dexter,729348,51775.64608109015,0.09639720001298231,508,3
2025-12-23,payai,269058,26456.836060035028,0.01,498,119
2025-12-23,coinbase,30,20.141999999999996,0.001,4,6
2025-12-23,x402jobs,167,12.087611999999973,0.03,9,10
2025-12-23,corbits,255,4.614999999999985,0.01,2,11
2025-12-24,dexter,805664,55589.10000010162,0.09078099223741444,599,2
2025-12-24,payai,270395,27376.25921203632,0.01,496,117
2025-12-24,x402jobs,462,22.64522400000006,0.03,16,6
2025-12-24,coinbase,15,10.684,0.01,4,5
2025-12-24,corbits,264,4.714999999999972,0.01,2,11
2025-12-25,dexter,789116,51688.040000035784,0.06998903849553524,691,3
2025-12-25,payai,272688,45561.165900038126,0.01,493,73
2025-12-25,x402jobs,2031,67.34999999999913,0.02952864583333333,7,5
2025-12-25,corbits,275,4.804999999999971,0.01,2,11
2025-12-25,coinbase,1,0.02,0.02,1,1
2025-12-26,dexter,713552,48769.97865103865,0.07435710533969876,766,7
2025-12-26,payai,277449,40722.19103203516,0.01,528,114
2025-12-26,x402jobs,790,44.06000000000016,0.03,5,12
2025-12-26,coinbase,1,9.9,9.9,1,1
2025-12-26,corbits,268,4.719999999999971,0.01,3,11
2025-12-26,ultravioletadao,1,1,1,1,1
2025-12-27,dexter,826992,55472.71910702731,0.06484267943476685,850,3
2025-12-27,payai,287524,41909.86551598886,0.01,513,118
2025-12-27,x402jobs,108,16.52,0.03,7,10
2025-12-27,corbits,273,4.7519999999999705,0.01,4,12
2025-12-27,coinbase,12,0.4200000000000001,0.03,1,1
2025-12-28,payai,323539,31411.479300041163,0.01,539,119
2025-12-28,dexter,383945,23163.39400002631,0.05,842,2
2025-12-28,x402jobs,26,13.38,0.05,5,6
2025-12-28,corbits,258,4.6459999999999715,0.01,3,12
2025-12-28,coinbase,18,0.0072,0.0001,1,1
2025-12-29,dexter,483049,30330.191738010588,0.05,834,4
2025-12-29,payai,236994,22385.949776026042,0.01,511,121
2025-12-29,x402jobs,185,31.63000000000007,0.044583333333333336,12,9
2025-12-29,corbits,286,5.174999999999976,0.01,3,12
2025-12-29,coinbase,19,0.131,0.001,5,6
2025-12-30,dexter,538073,33804.731000030195,0.05,825,6
2025-12-30,payai,288043,32012.38037603909,0.01,542,124
2025-12-30,x402jobs,158,27.86000000000008,0.05,8,12
2025-12-30,coinbase,32,9.93999999999999,0.001,3,3
2025-12-30,corbits,364,5.674999999999954,0.01,3,13
2025-12-31,dexter,348176,21782.09000003116,0.05,817,2
2025-12-31,payai,228357,1646.845120999662,0.001,141,117
2025-12-31,x402jobs,212,18.988027999999982,0.03,9,10
2025-12-31,corbits,278,4.824999999999981,0.01,1,12
2026-01-01,dexter,491145,30784.47000001977,0.05,829,3
2026-01-01,payai,218596,1666.0155999995384,0.0010031759546586607,162,116
2026-01-01,x402jobs,45,34.91999999999997,0.4025,5,3
2026-01-01,corbits,288,4.924999999999963,0.01,3,12
2026-01-01,coinbase,2,2,1,1,1
2026-01-02,dexter,535577,33584.690000017355,0.05,815,3
2026-01-02,payai,92391,1500.8115999996085,0.01,154,117
2026-01-02,x402jobs,36,9.299999999999997,0.05,5,10
2026-01-02,corbits,312,5.137399999999963,0.01,5,14
2026-01-02,coinbase,3,0.12,0.01,2,2
2026-01-03,dexter,537175,33678.36000002584,0.05,816,3
2026-01-03,payai,38105,610.7501499999892,0.01,144,118
2026-01-03,x402jobs,44,30.070000000000007,0.05,8,4
2026-01-03,corbits,341,5.409199999999962,0.01,7,13
2026-01-03,coinbase,45,3.860000000000001,0.1,5,3
2026-01-04,dexter,534130,33604.91000003452,0.05,816,6
2026-01-04,payai,9389,524.8515000000093,0.02,74,18
2026-01-04,x402jobs,116,89.37424999999993,0.05,11,15
2026-01-04,corbits,277,8.42999999999995,0.01,7,13
2026-01-04,coinbase,36,7.022,0.1,6,7
2026-01-05,dexter,533769,33554.82000004043,0.05,813,4
2026-01-05,payai,9092,2529.255026999952,0.02,95,17
2026-01-05,x402jobs,97,34.39700000000001,0.082,8,7
2026-01-05,corbits,115,1.6099999999999997,0.01,4,13
2026-01-05,coinbase,189,1.5030000000000001,0.001,4,5
2026-01-06,dexter,522784,32673.512000051116,0.05,815,3
2026-01-06,payai,8475,2947.7249439999055,0.02,86,12
2026-01-06,x402jobs,141,14.36999999999997,0.03,7,7
2026-01-06,coinbase,45,1.655023,0.001,5,7
2026-01-06,openfacilitator,9,0.8999999999999999,0.1,1,1
2026-01-06,corbits,59,0.6700000000000004,0.01,4,12
2026-01-07,dexter,525643,32844.65000002978,0.05,829,3
2026-01-07,openfacilitator,315,1570.1,5,1,3
2026-01-07,payai,6921,988.6746929999832,0.02,63,15
2026-01-07,coinbase,22,26.010115,0.001,8,6
2026-01-07,x402jobs,398,21.870001000000183,0.05,6,5
2026-01-07,corbits,339,10.379999999999955,0.01,10,14
2026-01-08,dexter,535298,33544.87000003746,0.05,837,13
2026-01-08,payai,5999,7394.419499999947,0.02,59,12
2026-01-08,openfacilitator,468,2340,5,1,1
2026-01-08,x402jobs,523,41.88999999999986,0.05,8,7
2026-01-08,coinbase,7343,7.468999999999919,0.001,3,6
2026-01-08,corbits,291,5.0023999999999695,0.01,4,13
2026-01-09,dexter,375023,22305.79000002428,0.05,831,4
2026-01-09,openfacilitator,351,1755,5,1,1
2026-01-09,payai,6159,387.6764760000075,0.02,157,14
2026-01-09,x402jobs,474,32.615850000000165,0.05,6,4
2026-01-09,corbits,291,4.997699999999966,0.01,4,13
2026-01-09,coinbase,1234,2.2260000000000013,0.001,6,7
2026-01-10,dexter,333809,22174.130000017147,0.06372632317320545,823,6
2026-01-10,openfacilitator,321,1605,5,1,1
2026-01-10,payai,5935,148.9427050000057,0.02,36,11
2026-01-10,x402jobs,368,67.54999999999963,0.05,6,4
2026-01-10,corbits,279,4.829999999999966,0.01,3,12
2026-01-10,coinbase,1,0.001,0.001,1,1
2026-01-11,dexter,511342,32330.780000034134,0.05,827,10
2026-01-11,openfacilitator,389,1945,5,2,2
2026-01-11,payai,5954,305.7488610000068,0.02,45,13
2026-01-11,x402jobs,429,28.970000000000212,0.05,4,2
2026-01-11,corbits,309,5.1299999999999635,0.01,3,12
2026-01-11,coinbase,1,0.001,0.001,1,1
2026-01-12,dexter,323595,22437.690000014903,0.09018273768682544,817,13
2026-01-12,payai,6384,5340.70372200036,0.02,58,17
2026-01-12,openfacilitator,274,1370,5,2,2
2026-01-12,x402jobs,289,18.210000000000086,0.05,3,2
2026-01-12,corbits,320,5.34089999999996,0.01,7,14
2026-01-12,daydreams,6,0.006,0.001,1,1
2026-01-12,coinbase,4,0.004,0.001,1,1
2026-01-13,dexter,249412,17816.306620011273,0.1,814,14
2026-01-13,openfacilitator,373,1860.1,5,2,3
2026-01-13,payai,6806,336.3108880000025,0.02,58,17
2026-01-13,x402jobs,436,31.593500000000198,0.05,8,5
2026-01-13,coinbase,3,30.002000000000002,0.001,2,2
2026-01-13,corbits,373,6.221799999999953,0.01,7,17
2026-01-13,ultravioletadao,1,1,1,1,1
2026-01-14,dexter,276056,19987.201230018454,0.1,833,15
2026-01-14,openfacilitator,395,1894.01,5,2,2
2026-01-14,payai,7220,276.952200000002,0.02,54,19
2026-01-14,x402jobs,473,48.938499999999706,0.05,6,6
2026-01-14,corbits,372,8.105899999999941,0.01,6,17
2026-01-14,coinbase,13,3.1719999999999993,0.01,3,5
2026-01-15,dexter,271405,19590.04000001732,0.1,817,14
2026-01-15,openfacilitator,373,1732,5,3,3
2026-01-15,payai,28707,1383.0346999999274,0.024927948572613358,72,22
2026-01-15,x402jobs,378,20.980000000000132,0.05,4,2
2026-01-15,corbits,390,8.845899999999938,0.01,8,17
2026-01-16,dexter,266601,19187.931000004934,0.1,816,12
2026-01-16,openfacilitator,331,1626.5,5,3,3
2026-01-16,payai,12938,644.1062100000014,0.02,42,21
2026-01-16,x402jobs,364,25.16000000000017,0.05,5,3
2026-01-16,corbits,336,7.559999999999955,0.01,4,14
2026-01-16,coinbase,8,0.302,0.05,2,2
2026-01-17,dexter,272391,19705.260000016966,0.1,813,11
2026-01-17,openfacilitator,226,1082.02,5,2,2
2026-01-17,payai,6308,217.84625000000148,0.02,33,16
2026-01-17,x402jobs,230,12.450000000000045,0.05,5,2
2026-01-17,corbits,344,7.639999999999944,0.01,3,14
2026-01-17,coinbase,4,0.4,0.1,1,1
2026-01-18,dexter,265566,19179.44000001005,0.1,812,11
2026-01-18,openfacilitator,439,2150.5200000000004,5,3,3
2026-01-18,payai,6240,255.16261299999698,0.02,37,15
2026-01-18,x402jobs,448,24.30000000000021,0.05,4,2
2026-01-18,corbits,353,7.720999999999947,0.01,4,15
2026-01-18,coinbase,2,0.2,0.1,1,1
2026-01-19,dexter,259955,18710.90621401248,0.1,814,12
2026-01-19,openfacilitator,566,2049.2499999999964,5,3,3
2026-01-19,payai,6111,831.4119819999997,0.02,95,16
2026-01-19,x402jobs,405,20.260000000000154,0.05,4,3
2026-01-19,corbits,353,7.729999999999946,0.01,4,14
2026-01-19,coinbase,28,2.8000000000000003,0.1,1,1
2026-01-20,dexter,259523,18503.101560001913,0.1,818,23
2026-01-20,openfacilitator,629,2743.800000000002,5,3,3
2026-01-20,payai,6761,505.3480720000113,0.02,106,14
2026-01-20,x402jobs,561,29.000000000000263,0.05,3,2
2026-01-20,corbits,351,7.709999999999948,0.01,4,14
2026-01-20,coinbase,16,0.034,0.001,3,3
2026-01-21,dexter,268323,19148.891000004754,0.1,823,28
2026-01-21,openfacilitator,335,1660.003,5,4,3
2026-01-21,payai,6635,202.73094500000343,0.02,53,18
2026-01-21,coinbase,7,80.522,0.25,5,4
2026-01-21,x402jobs,358,25.33200000000018,0.05,7,5
2026-01-21,corbits,353,7.729999999999952,0.01,5,14
2026-01-22,dexter,453263,28480.96000004474,0.05,828,32
2026-01-22,openfacilitator,415,1568.3999999999976,5,2,2
2026-01-22,payai,8296,223.46953699999787,0.02,45,23
2026-01-22,x402jobs,373,29.470000000000173,0.05,6,4
2026-01-22,corbits,230,4.304999999999982,0.01,3,14
2026-01-22,coinbase,3,0.252,0.001,2,2
2026-01-23,dexter,510749,31480.810000048466,0.05,840,28
2026-01-23,openfacilitator,334,1465.0499999999993,5,2,3
2026-01-23,payai,7671,251.21721200000127,0.02,36,21
2026-01-23,x402jobs,315,17.650000000000087,0.05,4,3
2026-01-23,corbits,11,0.15180000000000002,0.01,4,3
2026-01-23,coinbase,8,0.008,0.001,1,2
2026-01-24,dexter,338788,13975.961000016245,0.05,828,24
2026-01-24,openfacilitator,259,1191.2749999999999,5,3,4
2026-01-24,payai,7632,186.50000000000455,0.02,35,15
2026-01-24,x402jobs,257,15.700000000000063,0.05,4,2
2026-01-24,corbits,63,0.6300000000000003,0.01,24,4
2026-01-24,relai,1,0.01,0.01,1,1
2026-01-25,dexter,340424,13982.230010016632,0.05,868,43
2026-01-25,openfacilitator,329,1575.53,5,3,4
2026-01-25,payai,7633,128.78800000000228,0.02,30,10
2026-01-25,coinbase,1,50,50,1,1
2026-01-25,x402jobs,357,17.390000000000107,0.05,5,3
2026-01-25,corbits,11,0.10999999999999999,0.01,1,1
2026-01-26,dexter,330317,13527.899030017321,0.05,861,51
2026-01-26,openfacilitator,600,1416.0179999999968,0.9987826086956522,4,5
2026-01-26,payai,7778,130.35709600000172,0.02,43,18
2026-01-26,x402jobs,312,18.76000000000011,0.05,5,3
2026-01-26,relai,505,15.039999999999937,0.01,12,4
2026-01-26,corbits,13,0.12099999999999998,0.01,7,3
2026-01-26,coinbase,8,0.053000000000000005,0.01,2,2
2026-01-27,dexter,324115,13337.02000000911,0.05,877,48
2026-01-27,payai,7755,445.1742040000116,0.02,47,16
2026-01-27,openfacilitator,105,266.5099999999997,3.1625,2,3
2026-01-27,relai,3429,34.29000000000175,0.01,11,2
2026-01-27,x402jobs,77,6.849999999999991,0.05,5,3
2026-01-27,corbits,33,0.3300000000000001,0.01,8,4
2026-01-28,dexter,340649,13901.625000025191,0.05,833,24
2026-01-28,relai,2981,1033.1199999999926,0.030090019569471632,11,3
2026-01-28,openfacilitator,348,809.2849999999993,1.161354166666667,4,7
2026-01-28,payai,8074,144.5280000000029,0.02,38,16
2026-01-28,x402jobs,180,13.35000000000005,0.05,4,2
2026-01-28,corbits,20,0.24180000000000004,0.01,4,3
2026-01-28,coinbase,2,0.002,0.001,1,1
2026-01-29,dexter,339623,13951.040000016284,0.05,856,30
2026-01-29,relai,2100,1698.7697120000003,0.8293687540900498,101,2
2026-01-29,payai,7719,1041.0279999999211,0.02,30,13
2026-01-29,openfacilitator,119,305.5799999999998,3.5742857142857143,2,3
2026-01-29,x402jobs,63,3.149999999999997,0.05,1,1
2026-01-29,corbits,16,0.16,0.01,4,3
2026-01-30,dexter,142044,7215.179999997747,0.05,886,47
2026-01-30,relai,2474,1833.267814000001,0.7326217098971441,71,2
2026-01-30,payai,7638,294.69531199999653,0.02,34,15
2026-01-30,coinbase,19,1.1320000000000001,0.01,3,3
2026-01-30,x402jobs,3,1.1,0.05,3,1
2026-01-30,corbits,19,0.19000000000000003,0.01,5,4
2026-01-31,relai,2513,1870.360124000004,0.7443628310273931,22,3
2026-01-31,dexter,34482,1745.250000000214,0.05,938,43
2026-01-31,payai,7664,198.78290000000376,0.02,33,12
2026-01-31,coinbase,70,27.440846999999998,0.001,2,2
2026-01-31,corbits,6,0.060000000000000005,0.01,2,2
2026-02-01,dexter,18414,938.5000000000812,0.05,881,43
2026-02-01,relai,700,388.72442699999993,0.6191336422441662,137,3
2026-02-01,openfacilitator,119,300.5899999999998,3.065102040816326,1,2
2026-02-01,payai,7652,135.2210000000018,0.02,33,12
2026-02-01,x402jobs,60,2.9999999999999973,0.05,1,1
2026-02-01,corbits,45,0.45000000000000023,0.01,3,2
2026-02-01,coinbase,8,0.08,0.01,1,1
2026-02-02,dexter,42342,2161.8500000001354,0.05,844,44
2026-02-02,relai,3186,1660.4013880000005,0.31678624452938453,184,4
2026-02-02,payai,104554,1185.6019999994194,0.01,77,13
2026-02-02,openfacilitator,10,10.35,0.1,2,3
2026-02-02,x402jobs,36,1.800000000000001,0.05,3,1
2026-02-02,corbits,16,0.16,0.01,3,2
2026-02-02,coinbase,2,0.002,0.001,1,1
2026-02-03,relai,3200,3038.7138100000097,0.9506783256726259,7,3
2026-02-03,payai,242935,2811.2835189982825,0.01,104,41
2026-02-03,dexter,39100,2013.284000000169,0.05,1009,38
2026-02-03,coinbase,21,1.4149999999999998,0.01,2,2
2026-02-03,corbits,76,0.7600000000000005,0.01,6,3
2026-02-03,openfacilitator,5,0.005,0.001,1,1
2026-02-03,openx402,1,0.001,0.001,1,1
2026-02-04,relai,2950,2801.611811000003,0.9499662597920183,6,2
2026-02-04,payai,225942,2474.6866609984554,0.01,107,16
2026-02-04,dexter,45072,2281.4900000003126,0.05,947,27
2026-02-04,openfacilitator,160,363.09999999999957,0.6754000000000001,4,5
2026-02-04,coinbase,9,8.049999,0.25,3,3
2026-02-04,x402jobs,72,3.599999999999995,0.05,1,1
2026-02-04,corbits,86,0.8600000000000005,0.01,6,4
2026-02-05,payai,302834,22232.527877038057,0.01,182,15
2026-02-05,relai,3084,2353.225116,0.9343796346967349,180,2
2026-02-05,dexter,44094,2232.8299999999717,0.05,1001,30
2026-02-05,openfacilitator,419,1030.7299999999984,1.7981920903954802,4,5
2026-02-05,x402jobs,216,10.800000000000018,0.05,1,1
2026-02-05,corbits,72,0.7200000000000004,0.01,5,3
2026-02-05,coinbase,5,0.005,0.001,1,1
2026-02-06,relai,3625,5435.182285000001,1.5011745728573043,14,2
2026-02-06,payai,49754,3601.5674009995837,0.01,144,11
2026-02-06,dexter,47349,2405.1400000001677,0.05,966,28
2026-02-06,openfacilitator,216,531.0499999999993,2.146785714285714,4,4
2026-02-06,x402jobs,106,5.299999999999989,0.05,1,1
2026-02-06,coinbase,20,2.12,0.01,4,3
2026-02-06,corbits,43,0.4300000000000002,0.01,3,3
2026-02-07,relai,2291,3446.070355999999,1.509111798057853,12,3
2026-02-07,dexter,64323,3286.393699999717,0.05,1021,33
2026-02-07,payai,18705,378.40384300000653,0.01976531212224358,512,404
2026-02-07,openfacilitator,107,254.00999999999985,0.5355555555555556,2,4
2026-02-07,corbits,791,7.909999999999876,0.01,2,2
2026-02-07,x402jobs,50,2.499999999999999,0.05,1,1
2026-02-07,coinbase,1,0.25,0.25,1,1
2026-02-07,openx402,1,0.001,0.001,1,1
2026-02-08,dexter,61032,3110.444999999397,0.05,846,34
2026-02-08,relai,1531,2298.6048839999976,1.5056461164264838,11,2
2026-02-08,payai,60236,1191.9293829998423,0.013343604604153974,1025,898
2026-02-08,openfacilitator,101,251.4999999999999,2.524,2,3
2026-02-08,corbits,1678,16.779999999999824,0.01,3,2
2026-02-08,x402jobs,52,3.5499999999999954,0.05,2,1
2026-02-08,coinbase,2,0.002,0.001,1,1
2026-02-09,relai,2543,3797.6689909999964,1.5033811433677835,19,3
2026-02-09,dexter,67364,3430.8608809995253,0.05,1029,42
2026-02-09,payai,65457,1353.9435319998113,0.01235409161987436,1053,961
2026-02-09,coinbase,9,30.014,0.002,3,3
2026-02-09,corbits,351,3.9255999999999656,0.01,5,4
2026-02-09,openfacilitator,52,1.4736610000000003,0.018992,3,3
2026-02-10,relai,2599,3896.280328000006,1.5008874826206435,11,2
2026-02-10,dexter,66180,3359.409999999064,0.05,1028,16
2026-02-10,openfacilitator,99,245.98999999999984,2.0648000000000004,2,3
2026-02-10,payai,5873,177.48800000000287,0.02,64,8
2026-02-10,corbits,591,5.903689999999919,0.01,5,3
2026-02-10,x402jobs,49,2.4499999999999993,0.05,1,1
2026-02-10,coinbase,14,0.276,0.01,2,2
2026-02-11,relai,1917,2867.1397489999954,1.4945177905262748,11,2
2026-02-11,dexter,54975,2863.3714459999005,0.05,811,52
2026-02-11,openfacilitator,129,241.53999999999985,0.01,8,10
2026-02-11,payai,6049,203.93320000000145,0.02,124,13
2026-02-11,x402jobs,54,4.599999999999994,0.05,4,1
2026-02-11,coinbase,7,0.07,0.01,1,1
2026-02-11,corbits,3,0.0303,0.01,3,3
2026-02-12,relai,4038,6071.7391090000065,1.5022297153871942,11,2
2026-02-12,dexter,51374,2624.403720000188,0.05,1027,50
2026-02-12,payai,6869,323.4431999999997,0.02,174,14
2026-02-12,openfacilitator,99,177.59000000000003,0.01,7,9
2026-02-12,x402jobs,39,1.950000000000001,0.05,2,1
2026-02-12,corbits,71,0.7103000000000004,0.01,5,5
2026-02-12,coinbase,9,0.092,0.01,4,4
2026-02-13,relai,3213,4820.892413999993,1.5066410096858347,15,5
2026-02-13,dexter,58383,2960.3749999999645,0.05,834,69
2026-02-13,payai,5974,169.2858000000047,0.02,65,9
2026-02-13,openfacilitator,32,66.72999999999999,0.25,4,3
2026-02-13,openx402,1,18.6125,18.6125,1,1
2026-02-13,corbits,409,4.090899999999958,0.01,4,4
2026-02-13,coinbase,182,3.940999999999999,0.005375,5,5
2026-02-13,x402jobs,13,0.65,0.05,1,1
2026-02-14,relai,2042,3071.217257999996,1.51221334177972,10,1
2026-02-14,dexter,38294,1950.0870000001141,0.05,602,83
2026-02-14,payai,5938,279.9858999999932,0.02,65,13
2026-02-14,coinbase,213,4.3599999999999905,0.008698979591836735,3,3
2026-02-14,corbits,179,1.792400000000001,0.01,4,4
2026-02-14,openfacilitator,5,0.19,0.01,2,4
2026-02-15,dexter,57046,2894.4609999996223,0.05,915,91
2026-02-15,relai,973,1459.5885780000006,1.523554245762676,12,2
2026-02-15,payai,5821,118.69000000000133,0.02,40,6
2026-02-15,openfacilitator,39,43.12999999999999,0.08,7,11
2026-02-15,x402jobs,11,4.3500000000000005,0.05,1,2
2026-02-15,corbits,114,1.1400000000000008,0.01,2,2
2026-02-15,coinbase,42,0.8180000000000003,0.01,1,1
2026-02-16,dexter,69571,3520.7369999986895,0.05,1051,124
2026-02-16,relai,1535,2295.9269190000005,1.5050847430039904,12,2
2026-02-16,openfacilitator,870,217.88454200000203,0.0001,20,723
2026-02-16,payai,3772,91.10999999999996,0.02,39,6
2026-02-16,x402jobs,48,11.25,0.05,2,2
2026-02-16,corbits,307,6.219999999999961,0.01,6,4
2026-02-16,coinbase,53,1.0359999999999998,0.008125,2,2
2026-02-17,relai,1922,2873.2062250000004,1.4901489580772318,10,1
2026-02-17,dexter,38613,1924.0430000000842,0.05,954,88
2026-02-17,openfacilitator,3261,34.171657000000295,2.3749418188033614e-06,36,492
2026-02-17,payai,71,33.94519,0.01,36,11
2026-02-17,coinbase,23,3.134,0.002,3,3
2026-02-17,corbits,121,1.2100000000000009,0.01,4,4
2026-02-18,relai,3746,5611.296234999998,1.4961551300318936,11,2
2026-02-18,dexter,63326,3059.7019999994463,0.05,851,121
2026-02-18,openx402,6,41.074999999999996,3.3625,3,1
2026-02-18,openfacilitator,211,6.390057999999967,0.01,31,141
2026-02-18,coinbase,10,6.013999999999999,1,4,3
2026-02-18,payai,56,1.8800000000000001,0.01,24,6
2026-02-18,x402jobs,2,1.05,1,2,1
2026-02-18,corbits,115,0.9340000000000006,0.01,7,5
2026-02-19,relai,5189,7768.374672000001,1.4947304739296903,14,3
2026-02-19,dexter,43092,2228.717585000008,0.05,633,129
2026-02-19,openfacilitator,526,404.68999999999727,0.01,22,305
2026-02-19,payai,1103,76.75803199999937,0.01,39,18
2026-02-19,coinbase,19,51.284000000000006,1,10,7
2026-02-19,openx402,1,18.6125,18.6125,1,1
2026-02-19,x402jobs,80,3.999999999999994,0.05,1,1
2026-02-19,corbits,147,1.721000000000001,0.01,5,7
2026-02-19,bitrefill,1,0.04,0.04,1,1
2026-02-20,relai,1895,2813.323378000002,1.5019650861249045,12,4
2026-02-20,dexter,31736,1473.5186300001435,0.05,904,126
2026-02-20,openfacilitator,533,197.87999999999877,0.01,46,423
2026-02-20,openx402,2,46.974999999999994,43.6125,2,1
2026-02-20,payai,133,25.271129999999985,0.01,25,9
2026-02-20,coinbase,38,18.402999999999977,0.08,4,4
2026-02-20,x402jobs,39,1.950000000000001,0.05,1,1
2026-02-20,corbits,55,0.5400000000000003,0.01,3,3
2026-02-21,relai,2129,3187.0183869999996,1.4946361963162813,11,2
2026-02-21,dexter,53284,2561.2199999998707,0.05,891,134
2026-02-21,payai,147,33.835231999999976,0.01,51,9
2026-02-21,coinbase,3,30.040000000000003,0.03,3,3
2026-02-21,openfacilitator,392,22.394000999999964,0.01,47,303
2026-02-21,x402jobs,7,5.259999999999999,0.05,4,3
2026-02-21,corbits,41,0.4100000000000002,0.01,2,2
2026-02-22,dexter,42772,2022.7229999996266,0.05,724,182
2026-02-22,relai,244,364.747837,1.4932064140624999,10,1
2026-02-22,payai,160,55.752029999999955,0.01,31,11
2026-02-22,openfacilitator,343,7.5434999999999395,0.01,18,306
2026-02-22,cascade,2,2,1,1,2
2026-02-22,corbits,77,0.7700000000000005,0.01,3,3
2026-02-22,coinbase,6,0.060000000000000005,0.01,1,1
2026-02-23,relai,1921,2890.422153999997,1.5025531810501418,10,1
2026-02-23,dexter,27764,1306.3750000001228,0.05,864,130
2026-02-23,openfacilitator,100,188.9374999999999,0.01,9,11
2026-02-23,payai,361,59.29530000000008,0.01,64,11
2026-02-23,cascade,12,12,1,1,12
2026-02-23,x402jobs,39,1.950000000000001,0.05,1,1
2026-02-23,corbits,42,0.25854000000000005,0.01,3,3
2026-02-23,coinbase,14,0.11299999999999999,0.01,4,3
2026-02-24,dexter,19157,907.1470000000446,0.05,813,141
2026-02-24,payai,407,179.85072500000004,0.040255675000000005,58,17
2026-02-24,cascade,17,75,1,1,15
2026-02-24,openfacilitator,46,1.3819999999999995,0.01,7,12
2026-02-24,coinbase,15,1.0859999999999996,0.01,4,4
2026-02-24,x402jobs,3,0.21000000000000002,0.1,1,2
2026-02-24,corbits,8,0.035,0.001,6,2
2026-02-24,relai,1,0.001,0.001,1,1
2026-02-25,dexter,52358,2497.3902319996587,0.05,939,53
2026-02-25,openfacilitator,104,185.79549999999992,0.010055555555555555,11,9
2026-02-25,payai,197,122.64589499999994,0.027117114285714283,34,19
2026-02-25,relai,76,107.26626600000004,1.5078296875,12,3
2026-02-25,x402jobs,42,2.030001000000001,0.05,3,2
2026-02-25,coinbase,7,0.043000000000000003,0.01,4,3
2026-02-26,relai,3423,5097.8398870000065,1.4947457159258497,13,4
2026-02-26,dexter,45500,2139.5639999999703,0.05,848,188
2026-02-26,payai,411,52.971043999999964,0.05,46,29
2026-02-26,openfacilitator,70,5.717999999999998,0.01,16,16
2026-02-26,cascade,4,4,1,1,4
2026-02-26,x402jobs,28,1.450013,0.05,3,3
2026-02-26,corbits,67,0.6700000000000004,0.01,3,3
2026-02-26,coinbase,2,0.11,0.1,2,2
2026-02-27,relai,3592,5366.621321999989,1.4935391950499706,12,3
2026-02-27,dexter,39405,1850.7110000001812,0.05,784,143
2026-02-27,payai,206,30.47495899999999,0.031912800000000005,38,32
2026-02-27,coinbase,18,30.20900000000001,0.01,7,7
2026-02-27,openfacilitator,32,1.5554999999999997,0.01,11,8
2026-02-27,x402jobs,11,0.62,0.05,1,9
2026-02-27,corbits,59,0.5090000000000002,0.01,7,4
2026-02-28,relai,2112,3147.3900819999935,1.480265104895105,10,1
2026-02-28,dexter,35751,1630.3850000001703,0.05,647,84
2026-02-28,openfacilitator,143,202.14499999999978,0.01,15,14
2026-02-28,payai,129,13.539999999999992,0.01,29,15
2026-02-28,x402jobs,38,1.900000000000001,0.05,2,2
2026-02-28,coinbase,26,0.5100000000000002,0.01,1,6
2026-02-28,corbits,39,0.2872100000000001,0.01,4,6
2026-02-28,ultravioletadao,7,0.00718,0.00103,1,1
2026-03-01,dexter,46536,2184.040000000143,0.05,964,46
2026-03-01,relai,1071,1605.7078030000025,1.494102775896835,10,1
2026-03-01,payai,136,16.26935199999999,0.01,29,12
2026-03-01,coinbase,2710,7.347999999999963,0.001,5,3
2026-03-01,openfacilitator,96,4.083236999999999,0.01,18,18
2026-03-01,corbits,86,0.8600000000000005,0.01,1,1
2026-03-02,relai,9401,14065.848224999962,1.4912630867145131,11,2
2026-03-02,dexter,39893,1832.034791999951,0.05,899,144
2026-03-02,openfacilitator,125,210.80349999999987,0.04128571428571429,20,20
2026-03-02,payai,171,15.831969999999995,0.01,26,23
2026-03-02,coinbase,16,3.26125,0.01,11,8
2026-03-02,x402jobs,56,2.8899999999999992,0.05,2,9
2026-03-02,corbits,81,0.5130000000000002,0.01,5,4
2026-03-03,relai,5029,7503.996767000004,1.488828844172393,10,1
2026-03-03,dexter,45994,2165.525140000073,0.05,520,83
2026-03-03,payai,279,156.57139400000003,0.045239812500000004,36,17
2026-03-03,coinbase,25,10.643249999999998,0.01,8,6
2026-03-03,openfacilitator,130,8.023499999999997,0.0095,18,16
2026-03-03,corbits,167,1.6610000000000011,0.01,4,3
2026-03-03,x402jobs,4,1.18,0.1,2,4
2026-03-04,relai,7042,10508.695288999996,1.485960920191779,11,2
2026-03-04,dexter,44312,2078.508312999765,0.05,945,150
2026-03-04,payai,913,123.88124299999996,0.01756428004571592,52,25
2026-03-04,openfacilitator,181,43.32150000000012,0.009566115702479339,29,21
2026-03-04,cascade,12,31,1,1,12
2026-03-04,corbits,160,1.546000000000001,0.01,6,8
2026-03-04,x402jobs,10,0.54,0.05,1,7
2026-03-04,coinbase,15,0.04200000000000001,0.001,4,5
2026-03-05,relai,5475,8139.236465000002,1.4914072980089144,14,5
2026-03-05,dexter,67859,3242.9473229996483,0.05,955,139
2026-03-05,payai,983,75.6601020000001,0.021803693828156515,44,26
2026-03-05,cascade,14,28,1,1,14
2026-03-05,openfacilitator,142,7.217,0.00971875,29,25
2026-03-05,coinbase,19,2.9322500000000007,0.1,8,7
2026-03-05,corbits,97,0.9566000000000007,0.01,7,6
2026-03-05,x402jobs,11,0.62,0.05,1,9
2026-03-05,ultravioletadao,1,0.0103,0.0103,1,1
2026-03-06,relai,3918,5872.401812000003,1.4945981335733607,13,2
2026-03-06,dexter,53207,2700.671999999876,0.05,934,100
2026-03-06,payai,2616,181.40160099999886,0.05,31,17
2026-03-06,cascade,13,42,1,1,12
2026-03-06,openfacilitator,127,13.295500000000002,0.012295918367346939,22,16
2026-03-06,coinbase,68,3.5044999999999997,0.01,5,9
2026-03-06,corbits,80,0.4900000000000003,0.005,5,4
2026-03-06,x402jobs,1,0.05,0.05,1,1
2026-03-07,dexter,30668,1529.2420000001225,0.05,616,79
2026-03-07,payai,1397,109.65859799999998,0.04450225155195682,29,9
2026-03-07,openfacilitator,33,2.7764999999999995,0.001,8,8
2026-03-07,coinbase,83,2.1000000000000005,0.01,4,4
2026-03-07,corbits,14,0.13999999999999999,0.01,1,1
2026-03-08,dexter,63705,3276.578999999538,0.05,913,254
2026-03-08,relai,630,863.0129830000008,1.3306010761944762,15,17
2026-03-08,openfacilitator,135,179.55349999999993,0.01082421875,17,14
2026-03-08,payai,1684,108.98148500000016,0.02,33,25
2026-03-08,coinbase,103,4.110999999999999,0.01,6,8
2026-03-08,x402jobs,45,2.270000000000001,0.05,2,10
2026-03-08,corbits,24,0.23000000000000007,0.01,5,4
2026-03-09,relai,9511,14105.12040500002,1.4889776542282653,12,3
2026-03-09,dexter,94583,4872.467999998269,0.05,966,239
2026-03-09,payai,1298,168.71892300000013,0.10312879330040137,28,15
2026-03-09,coinbase,52,41.330000000000005,0.01,8,11
2026-03-09,openfacilitator,29,11.162999999999998,0.05,9,10
2026-03-09,cascade,11,11,1,1,11
2026-03-09,corbits,45,0.4320000000000002,0.01,12,6
2026-03-09,x402jobs,1,0.05,0.05,1,1
2026-03-10,relai,8545,12667.633690000002,1.4861703056289546,20,10
2026-03-10,dexter,93237,4851.076265998486,0.05,983,235
2026-03-10,payai,1180,88.46858800000005,0.011568247889581076,33,15
2026-03-10,openfacilitator,58,17.453500000000002,0.010416666666666668,19,14
2026-03-10,coinbase,79,5.191,0.02,8,5
2026-03-10,cascade,2,2,1,1,2
2026-03-10,corbits,180,0.4792430000000003,0.001,7,5
2026-03-10,ultravioletadao,1,0.1,0.1,1,1
2026-03-11,relai,10062,15060.240052000101,1.4934472863005477,13,5
2026-03-11,dexter,97132,5147.4441839982865,0.05,974,232
2026-03-11,payai,1050,48.757882,0.008247802881355933,27,18
2026-03-11,cascade,5,24,1,1,5
2026-03-11,coinbase,44,15.328,0.5,9,6
2026-03-11,openfacilitator,134,7.772499999999995,0.0095,12,21
2026-03-11,corbits,34,0.20800000000000007,0.01,11,4
2026-03-11,x402jobs,2,0.13,0.1,1,2
2026-03-12,relai,7128,10656.220122999992,1.4929881793497823,14,6
2026-03-12,dexter,83823,4337.274077998887,0.05,959,279
2026-03-12,openfacilitator,78,72.54742900000001,0.026000000000000002,22,15
2026-03-12,payai,875,38.79346199999996,0.007047264738598442,33,19
2026-03-12,corbits,112,2.852799999999997,0.01,48,19
2026-03-12,coinbase,66,1.451999999999999,0.005,4,6
2026-03-12,x402jobs,10,0.54,0.05,1,7
2026-03-13,relai,7090,10611.737851000014,1.497329773846365,12,3
2026-03-13,dexter,84249,4386.388979998773,0.05,930,219
2026-03-13,payai,442,30.844183999999956,0.015364918796992482,95,15
2026-03-13,corbits,475,27.37090000000029,0.01,50,14
2026-03-13,openfacilitator,41,8.420000000000002,0.0569375,6,9
2026-03-13,coinbase,42,2.844,0.001,7,7
2026-03-13,x402jobs,2,0.13,0.1,1,2
2026-03-14,relai,902,1355.5050690000005,1.5063506092926424,11,2
2026-03-14,dexter,7707,223.37700000000092,0.02,88,207
2026-03-14,payai,580,45.24369300000001,0.02149742684610076,107,22
2026-03-14,corbits,255,10.307399999999973,0.02,27,8
2026-03-14,coinbase,10,6.6209999999999996,0.01,7,5
2026-03-14,openfacilitator,40,4.315455999999999,0.018375,9,6
2026-03-14,x402jobs,9,0.49,0.05,1,7
2026-03-15,dexter,7748,218.9100000000032,0.02,80,133
2026-03-15,coinbase,159,132.26699999999997,0.01,14,10
2026-03-15,payai,387,27.756091000000005,0.021494779220779223,78,15
2026-03-15,corbits,183,5.861099999999987,0.023719008264462813,17,8
2026-03-15,openfacilitator,21,1.711,0.0095,5,7
2026-03-15,relai,17,1.3277,0.008025,4,4
2026-03-15,x402jobs,1,0.05,0.05,1,1
2026-03-16,dexter,10937,386.41236399999457,0.026794339751573894,207,151
2026-03-16,payai,790,65.61233200000005,0.02436273078167116,47,14
2026-03-16,relai,7,52.451,10.6,4,3
2026-03-16,coinbase,57,51.936,0.01,6,5
2026-03-16,corbits,290,11.377399999999989,0.04,16,4
2026-03-16,openfacilitator,19,2.006,0.01,5,4
2026-03-16,cascade,58,0.19100000000000011,0.0021666666666666666,1,1
2026-03-17,dexter,16687,707.7051150000053,0.05,283,168
2026-03-17,payai,815,389.355046,0.1727410702341137,29,14
2026-03-17,corbits,486,29.479199999999977,0.011049765258215962,18,9
2026-03-17,coinbase,125,15.198999999999991,0.01,8,9
2026-03-17,cascade,47,6.589999999999999,0.00425,5,3
2026-03-17,openfacilitator,31,2.288463,0.0095,6,7
2026-03-18,dexter,17555,752.0114500000194,0.05,276,192
2026-03-18,payai,882,227.30709599999994,0.02781071025641026,25,17
2026-03-18,corbits,776,15.959799999999955,0.012582451790633609,53,10
2026-03-18,cascade,92,12.519999999999992,0.00524,6,4
2026-03-18,coinbase,59,2.8079999999999976,0.01,9,9
2026-03-18,openfacilitator,22,1.2809999999999995,0.0095,6,6
2026-03-18,x402jobs,3,0.14,0.03,1,3
2026-03-18,relai,1,0.0001,0.0001,1,1
2026-03-19,dexter,16700,698.5942500000234,0.05,265,225
2026-03-19,payai,591,141.95994500000003,0.06792805745341615,24,16
2026-03-19,cascade,389,9.17699999999995,0.008,6,3
2026-03-19,corbits,155,8.843099999999987,0.01,6,3
2026-03-19,coinbase,107,6.836999999999991,0.01,9,15
2026-03-19,openfacilitator,25,1.3000000000000003,0.01,5,6
2026-03-19,x402jobs,9,0.53,0.05,1,6
2026-03-19,relai,1,0.001,0.001,1,1
2026-03-20,dexter,16375,684.5546000000253,0.05,257,153
2026-03-20,relai,16,68.6,3.53,2,1
2026-03-20,payai,250,17.558315999999994,0.036283833333333335,19,11
2026-03-20,openfacilitator,6,9.043517,0.001,2,2
2026-03-20,cascade,260,7.095999999999977,0.004,5,3
2026-03-20,coinbase,17,6.339999999999996,0.15,5,5
2026-03-20,corbits,29,0.28020000000000006,0.01,3,3
2026-03-21,dexter,16648,700.0579000000338,0.05,237,151
2026-03-21,payai,315,34.116718000000006,0.06451555555555555,18,4
2026-03-21,coinbase,34,3.1150000000000015,0.1,5,5
2026-03-21,corbits,72,1.906700000000001,0.01,8,6
2026-03-21,cascade,374,1.2249999999999932,0.003,4,1
2026-03-22,dexter,16383,675.8822500000281,0.05,250,152
2026-03-22,payai,408,68.60894800000003,0.02524566647058824,20,10
2026-03-22,cascade,1052,9.562600000000092,0.003,6,3
2026-03-22,coinbase,15,1.948,0.2,6,6
2026-03-22,openfacilitator,13,1.5834999999999995,0.0125,2,5
2026-03-22,corbits,33,0.4210000000000001,0.01,4,4
2026-03-22,ultravioletadao,1,0.001,0.001,1,1
2026-03-23,dexter,16058,659.6645500000043,0.05,249,151
2026-03-23,payai,716,75.54622100000005,0.04736688583959899,23,8
2026-03-23,cascade,221,6.9428,0.004908163265306123,7,3
2026-03-23,corbits,84,2.3549999999999973,0.01,9,5
2026-03-23,coinbase,73,1.6789999999999987,0.002,4,3
2026-03-23,openfacilitator,7,1.2999999999999998,0.1995,3,3
2026-03-23,relai,27,1.2910000000000006,0.05,2,2
2026-03-24,dexter,15664,657.7762500000149,0.05,230,148
2026-03-24,payai,444,59.16568300000001,0.06464438598901098,17,5
2026-03-24,relai,29,12.962501000000008,0.101,4,5
2026-03-24,coinbase,10,10.801,0.1,3,3
2026-03-24,corbits,204,5.773399999999979,0.01,47,11
2026-03-24,cascade,445,2.624999999999982,0.005,6,1
2026-03-24,openfacilitator,2,0.01,0.0095,1,2
2026-03-25,dexter,15544,651.3250000000367,0.05,221,153
2026-03-25,payai,517,44.303302,0.016448275000000002,20,21
2026-03-25,openfacilitator,11,14.2,0.475,6,5
2026-03-25,relai,52,9.200100000000004,0.05,2,3
2026-03-25,cascade,441,2.604399999999976,0.005,6,1
2026-03-25,coinbase,51,0.9690000000000003,0.01,4,7
2026-03-25,corbits,66,0.8303000000000004,0.01,10,6
2026-03-25,x402jobs,10,0.61,0.1,1,8
2026-03-26,dexter,15366,621.2084000000015,0.05,204,147
2026-03-26,payai,304,140.874503,0.06384294444444445,18,9
2026-03-26,openfacilitator,45,11.984283000000008,0.005,16,4
2026-03-26,relai,98,5.828000000000003,0.0505,3,3
2026-03-26,coinbase,81,5.274999999999998,0.01,5,10
2026-03-26,corbits,132,2.0655999999999994,0.01,7,11
2026-03-26,cascade,195,0.9970000000000008,0.005,4,1
2026-03-26,x402jobs,1,0.05,0.05,1,1
2026-03-27,dexter,15360,612.9697000000144,0.05,219,145
2026-03-27,relai,6,15.17,3.53,2,3
2026-03-27,coinbase,1003,14.959999999999829,0.001,10,8
2026-03-27,payai,251,14.039207999999997,0.017707632653061224,21,12
2026-03-27,openx402,1,13.8125,13.8125,1,1
2026-03-27,corbits,204,4.961499999999992,0.02,7,5
2026-03-27,cascade,499,2.345999999999994,0.004,6,1
2026-03-27,x402jobs,2,0.13,0.1,1,2
2026-03-27,openfacilitator,10,0.05,0.0095,5,2
2026-03-28,dexter,14280,577.6449999999975,0.05,197,138
2026-03-28,payai,207,29.055284,0.014043041666666667,17,12
2026-03-28,coinbase,95,2.585,0.01,4,10
2026-03-28,relai,8,1.5701,0.01,3,3
2026-03-28,x402jobs,10,0.54,0.05,1,7
2026-03-28,corbits,31,0.3200000000000001,0.01,4,9
2026-03-28,cascade,20,0.152,0.01,1,1
2026-03-28,openfacilitator,10,0.044000000000000004,0.003,3,4
2026-03-29,dexter,14825,591.6839830000146,0.05,210,148
2026-03-29,payai,500,35.10948599999999,0.025320313765182186,15,5
2026-03-29,corbits,27,1.7199999999999998,0.01,7,5
2026-03-29,openfacilitator,4,0.9039999999999999,0.001,4,3
2026-03-29,coinbase,26,0.8979999999999999,0.002,5,7
2026-03-29,cascade,14,0.09200000000000001,0.005,2,1
2026-03-30,dexter,14819,595.8096000000137,0.05,207,142
2026-03-30,coinbase,26,113.66,0.01,9,9
2026-03-30,payai,585,40.682547000000014,0.021711301284317194,14,4
2026-03-30,corbits,150,5.169599999999984,0.01038641975308642,23,9
2026-03-30,openfacilitator,8,2.0399999999999996,0.05,2,3
2026-03-30,relai,17,0.8555,0.0505,1,2
2026-03-30,cascade,5,0.026000000000000002,0.002,1,1
2026-03-31,dexter,7328,273.8598999999975,0.03733774553408604,142,73
2026-03-31,payai,512,42.876164,0.03640687575757576,18,12
2026-03-31,corbits,52,3.1651000000000007,0.02,1,4
2026-03-31,cascade,206,1.407000000000001,0.01,2,1
2026-03-31,coinbase,37,1.1609999999999998,0.005,7,9
2026-03-31,x402jobs,11,0.62,0.05,1,9
2026-03-31,openfacilitator,7,0.58,0.019,4,5
2026-03-31,relai,1,0.0001,0.0001,1,1
2026-04-01,dexter,13558,542.660883000022,0.04932915267180513,205,156
2026-04-01,payai,214,240.3021729999999,0.014728722222222221,16,12
2026-04-01,openx402,5,68.6125,13.8125,1,1
2026-04-01,relai,9,17.000999999999998,1,3,2
2026-04-01,coinbase,144,10.491999999999994,0.09125,4,10
2026-04-01,corbits,8,2.040309,0.01,4,4
2026-04-01,cascade,77,0.30300000000000016,0.002,4,1
2026-04-01,x402jobs,1,0.05,0.05,1,1
2026-04-01,openfacilitator,1,0.01,0.01,1,1
2026-04-01,ultravioletadao,1,0.000103,0.000103,1,1
2026-04-02,dexter,10246,361.48794999999853,0.024076248469917412,143,117
2026-04-02,payai,524,25.384643000000015,0.013807112426035504,23,9
2026-04-02,relai,5,14,1,2,1
2026-04-02,corbits,168,5.597699999999985,0.02,4,8
2026-04-02,coinbase,34,1.6720000000000004,0.01,4,3
2026-04-02,cascade,137,0.7600000000000005,0.005,3,1
2026-04-02,openfacilitator,21,0.12749999999999997,0.0095,2,2
2026-04-03,dexter,7471,201.76490000000274,0.02,73,118
2026-04-03,payai,1315,162.433566,0.03045793807189543,24,7
2026-04-03,coinbase,66,62.52100000000002,0.003,5,5
2026-04-03,openx402,1,13.8125,13.8125,1,1
2026-04-03,corbits,246,3.664399999999987,0.01195,5,6
2026-04-03,cascade,360,1.8719999999999972,0.0044984,3,1
2026-04-03,openfacilitator,19,0.22750000000000004,0.0075,4,4
2026-04-04,dexter,6529,152.40975000000066,0.02,48,102
2026-04-04,coinbase,152,80.82399999999998,0.003,9,8
2026-04-04,payai,1148,70.55693400000001,0.018089175757575758,22,12
2026-04-04,openx402,1,13.8125,13.8125,1,1
2026-04-04,cascade,151,10.852800000000002,0.0241,3,1
2026-04-04,corbits,60,0.7773999999999994,0.0126,1,1
2026-04-04,x402jobs,9,0.49,0.05,1,7
2026-04-04,openfacilitator,6,0.4105,0.0125,4,4
2026-04-04,relai,1,0.0001,0.0001,1,1
2026-04-05,dexter,7281,132.40053300000295,0.02,30,62
2026-04-05,coinbase,105,33.82899999999999,0.01,5,11
2026-04-05,openx402,2,27.625,13.8125,1,1
2026-04-05,payai,534,22.24881599999999,0.019627,20,12
2026-04-05,cascade,81,14.717500000000003,0.043943750000000004,2,1
2026-04-05,openfacilitator,50,0.7399999999999987,0.0072499999999999995,3,4
2026-04-05,x402jobs,2,0.060000000000000005,0.05,2,2
2026-04-05,corbits,2,0.001,0.0005,2,1
2026-04-05,relai,1,0.001,0.001,1,1
2026-04-06,dexter,9489,242.7224499999978,0.02,129,114
2026-04-06,coinbase,32,31.430000000000003,0.01,4,6
2026-04-06,payai,922,25.509406999999975,0.012261099889363046,24,12
2026-04-06,cascade,168,4.214999999999991,0.021060000000000002,3,1
2026-04-06,corbits,64,1.6467500000000013,0.00075,51,3
2026-04-06,x402jobs,12,0.63,0.05,1,9
2026-04-06,openfacilitator,6,0.06999999999999999,0.0095,3,4
2026-04-06,relai,1,0.0001,0.0001,1,1
2026-04-07,relai,280,420.8981100000001,1.4999920554016621,13,3
2026-04-07,dexter,8007,166.9098330000022,0.02,79,117
2026-04-07,payai,575,48.65402500000002,0.020227067183462535,17,9
2026-04-07,coinbase,120,5.041999999999989,0.008863636363636363,5,10
2026-04-07,cascade,384,3.0875999999999757,0.002360082304526749,4,1
2026-04-07,corbits,53,2.8996000000000004,0.02,6,4
2026-04-07,x402jobs,1,0.05,0.05,1,1
2026-04-07,openfacilitator,8,0.04,0.0095,1,2
2026-04-08,relai,9784,14666.075888999998,1.494510471873455,14,7
2026-04-08,dexter,6638,158.61733300000031,0.02,85,109
2026-04-08,payai,1247,44.92835799999989,0.001,19,13
2026-04-08,coinbase,132,10.6981,0.005,9,16
2026-04-08,openfacilitator,36,7.514999999999999,0.01,6,7
2026-04-08,corbits,199,5.873019999999988,0.01,9,9
2026-04-08,cascade,504,1.8759999999999997,0.002,2,1
2026-04-08,x402jobs,12,0.67,0.05,1,9
2026-04-08,ultravioletadao,5,0.0051199999999999996,0.00103,1,1
2026-04-09,relai,7532,11306.963606999989,1.5014299546263454,12,2
2026-04-09,dexter,4833,62.84899999999917,0.018593580246913585,53,51
2026-04-09,payai,579,29.725521000000015,0.012806458791208793,18,6
2026-04-09,coinbase,25,12.066025,0.1,6,5
2026-04-09,corbits,160,5.186259999999988,0.02531,8,6
2026-04-09,openfacilitator,6,3.675,0.5,3,3
2026-04-09,cascade,137,0.46600000000000036,0.002,2,1
2026-04-09,ultravioletadao,9,0.009059999999999999,0.001,1,1
2026-04-10,payai,419,66.079465,0.03862928671328671,19,8
2026-04-10,dexter,4174,55.5357499999993,0.02,49,25
2026-04-10,openfacilitator,11,21.726840000000003,0.5,5,5
2026-04-10,corbits,95,4.054099999999997,0.012360000000000001,4,5
2026-04-10,coinbase,49,0.26157700000000006,0.003,7,5
2026-04-10,cascade,15,0.07600000000000001,0.002,1,1
2026-04-10,relai,4,0.0004,0.0001,1,1
2026-04-10,ultravioletadao,2,0.000206,0.000103,1,1
2026-04-11,dexter,3926,115.58339999999603,0.02,69,92
2026-04-11,payai,316,12.287476999999999,0.022676925,13,10
2026-04-11,relai,145,3.101799999999993,0.01,9,17
2026-04-11,corbits,48,2.682847999999999,0.01065,8,8
2026-04-11,openfacilitator,20,2.1925,0.01,6,5
2026-04-11,coinbase,107,1.9939999999999978,0.005,9,13
2026-04-11,x402jobs,13,0.75,0.05,1,9
2026-04-11,ultravioletadao,6,0.003399,0.00103,1,1
2026-04-12,coinbase,58,57.077000000000005,0.01,11,14
2026-04-12,dexter,2611,49.907300000002074,0.02,19,17
2026-04-12,payai,562,49.402756999999966,0.020621362525252526,27,13
2026-04-12,relai,144,8.91889999999998,0.01,2,6
2026-04-12,corbits,88,6.245199999999994,0.01,7,5
2026-04-12,x402jobs,16,0.78,0.05,1,10
2026-04-12,openfacilitator,14,0.5650000000000001,0.01,3,3
2026-04-12,cascade,74,0.4550000000000003,0.00875,2,1
2026-04-13,corbits,233,149.9005120000002,0.01,33,15
2026-04-13,payai,488,75.26208100000007,0.011234971428571428,30,13
2026-04-13,dexter,3627,52.73465000000251,0.02,41,5
2026-04-13,coinbase,62,8.124163999999997,0.01,7,8
2026-04-13,openfacilitator,19,3.8569099999999983,0.01,12,5
2026-04-13,relai,37,0.6847000000000001,0.01,1,4
2026-04-13,cascade,51,0.2110000000000001,0.002,2,1
2026-04-13,x402jobs,1,0.1,0.1,1,1
2026-04-14,dexter,4553,69.5210000000031,0.02,35,4
2026-04-14,coinbase,168,68.83099999999995,0.01,44,8
2026-04-14,payai,459,34.152276999999984,0.01730718306636156,17,9
2026-04-14,relai,1,10,10,1,1
2026-04-14,cascade,325,1.3619999999999983,0.002,3,1
2026-04-14,corbits,33,0.4206000000000001,0.01,8,9
2026-04-14,openfacilitator,4,0.021,0.01,2,3
2026-04-15,coinbase,4220,1707.568663000011,0.4983053337974243,1901,7
2026-04-15,dexter,5797,115.08299999999424,0.02,18,4
2026-04-15,payai,1714,24.46943499999983,0.001,18,10
2026-04-15,corbits,215,6.98759999999998,0.02,18,11
2026-04-15,cascade,108,0.49700000000000033,0.005,2,1
2026-04-15,relai,10,0.2804,0.01,3,2
2026-04-15,openfacilitator,4,0.273,0.0125,4,3
2026-04-16,coinbase,3869,1463.5631680000026,0.34284301790364585,1763,10
2026-04-16,dexter,5789,115.91494999999415,0.02,17,20
2026-04-16,payai,2770,48.93829699999896,0.001,24,22
2026-04-16,corbits,65,7.506053999999999,0.012222222222222221,8,6
2026-04-16,relai,89,2.8662999999999963,0.01,1,4
2026-04-16,openfacilitator,3,1.1525,0.01,2,2
2026-04-16,cascade,130,0.5900000000000004,0.002,2,1
2026-04-16,x402jobs,7,0.25,0.01,1,7
2026-04-17,coinbase,15814,6531.607055000066,0.4748124514444148,6411,12
2026-04-17,dexter,5839,119.75699999999367,0.02,22,39
2026-04-17,payai,2815,24.94335599999997,0.001,23,22
2026-04-17,openfacilitator,6,5.795,0.25,5,4
2026-04-17,corbits,73,1.4741000000000006,0.01,10,7
2026-04-17,relai,31,0.43420000000000014,0.01,1,4
2026-04-17,x402jobs,7,0.25,0.01,1,7
2026-04-17,cascade,40,0.2310000000000001,0.005,2,1
2026-04-18,coinbase,18372,7013.8033710000645,0.3910671015182666,7662,6
2026-04-18,dexter,6501,122.30809999999231,0.02,47,6
2026-04-18,payai,1801,42.127850999998934,0.001,14,9
2026-04-18,relai,3,10.0002,0.0001,2,2
2026-04-18,corbits,30,0.6800000000000002,0.02,3,2
2026-04-18,cascade,30,0.12200000000000001,0.002,2,1
2026-04-18,openfacilitator,2,0.052500000000000005,0.05,2,2
2026-04-19,coinbase,20268,8189.26151800009,0.4542428168020102,9427,6
2026-04-19,dexter,6857,115.51599999999227,0.02,43,4
2026-04-19,payai,431,27.656337000000036,0.002759864615384615,16,11
2026-04-19,openfacilitator,23,14.162,0.05,9,10
2026-04-19,corbits,31,1.55,0.02,3,3
2026-04-19,cascade,38,0.30800000000000016,0.01,1,1
2026-04-19,relai,1,0.0001,0.0001,1,1
2026-04-20,coinbase,19499,8396.168766000092,0.4875058817391304,9537,13
2026-04-20,dexter,3656,115.2869999999954,0.028585691594541163,102,79
2026-04-20,payai,411,34.942908,0.01926547777777778,30,12
2026-04-20,corbits,179,9.697999999999977,0.019338842975206612,10,7
2026-04-20,cascade,93,0.6150000000000004,0.0084,2,1
2026-04-21,coinbase,21360,9068.585378000085,0.473953081620653,8680,20
2026-04-21,payai,881,77.38647100000003,0.0198937904286927,20,20
2026-04-21,dexter,2524,28.3080000000002,0.003018105849582173,47,90
2026-04-21,corbits,1116,23.258099999999644,0.02,8,7
2026-04-21,cascade,224,7.4529999999999745,0.0063793103448275875,4,3
2026-04-21,relai,36,0.5743,0.01,1,4
2026-04-21,x402jobs,8,0.3500000000000001,0.01,1,8
2026-04-21,openfacilitator,2,0.02,0.01,1,1
2026-04-22,coinbase,22263,8860.842524000092,0.41365852567127853,8942,8
2026-04-22,payai,337,17.888182,0.014599179831932773,20,9
2026-04-22,dexter,1976,8.877999999999936,0.0023340166817405294,33,5
2026-04-22,corbits,284,4.1269739999999855,0.01,36,10
2026-04-22,openfacilitator,12,3.1814999999999998,0.05,6,4
2026-04-22,cascade,43,0.2350000000000001,0.004625000000000001,2,1
2026-04-23,coinbase,20185,7440.650255000082,0.35798633784178935,8520,10
2026-04-23,payai,187,56.614488,0.036462781250000006,22,12
2026-04-23,corbits,61,4.157099999999998,0.02,8,6
2026-04-23,dexter,540,2.4999999999999765,0.002,30,3
2026-04-23,cascade,57,0.45800000000000024,0.01,1,1
2026-04-23,relai,1,0.0001,0.0001,1,1
2026-04-24,coinbase,16559,5674.9290430000565,0.21680860022944887,7711,6
2026-04-24,payai,1496,428.9221569999961,0.1,36,7
2026-04-24,corbits,463,7.214599999999928,0.016130363321799308,6,4
2026-04-24,dexter,35,0.7410000000000003,0.02,4,3
2026-04-24,openfacilitator,2,0.2625,0.25,2,2
2026-04-25,coinbase,1638,38.10600000000038,0.01,9,6
2026-04-25,payai,306,22.185753000000023,0.1,24,7
2026-04-25,corbits,43,3.4252,0.02,5,4
2026-04-26,coinbase,8646,4673.799537000008,0.3313317209527944,3502,6
2026-04-26,dexter,4126,86.07999999999998,0.02,44,4
2026-04-26,payai,729,61.83197200000002,0.016486591999999998,20,10
2026-04-26,corbits,41,0.8857999999999999,0.01,5,3
2026-04-26,relai,1,0.0001,0.0001,1,1
2026-04-27,coinbase,17174,6885.414568000053,0.30136488184827875,7601,7
2026-04-27,dexter,5752,115.09999999999424,0.02,13,2
2026-04-27,payai,413,113.87899300000007,0.008059423376623376,24,13
2026-04-27,corbits,105,6.379999999999993,0.01,15,8
2026-04-27,cascade,1,0.01,0.01,1,1
2026-04-27,relai,1,0.0001,0.0001,1,1
2026-04-28,coinbase,14291,5207.051701000046,0.267179612055691,6075,8
2026-04-28,payai,207,208.558975,0.00375512,24,8
2026-04-28,dexter,4558,91.26999999999899,0.02,14,2
2026-04-28,corbits,132,7.841200000000012,0.02875,30,11
2026-04-28,relai,1,0.0001,0.0001,1,1
2026-04-29,coinbase,17649,6974.947166000071,0.26882258620748845,7084,10
2026-04-29,payai,1174,808.5882739999992,0.001,62,9
2026-04-29,dexter,655,13.09999999999981,0.02,13,2
2026-04-29,corbits,1193,0.45699999999999036,0.0001,15,5
2026-04-29,cascade,88,0.4520000000000003,0.002,1,1
2026-04-30,coinbase,25277,11198.517257000094,0.4287689697797884,9627,9
2026-04-30,payai,1730,130.4342800000007,0.01,32,19
2026-04-30,dexter,4866,98.26099999999772,0.02,19,8
2026-04-30,corbits,2045,29.36789999999976,0.0001,18,9
2026-04-30,openfacilitator,4,1.47,0.7,2,2
2026-04-30,relai,2,0.0011,0.001,1,2
2026-05-01,coinbase,4852,1677.0291580000012,0.19248491355613073,1956,18
2026-05-01,dexter,11995,435.6250000000203,0.04149762698355192,177,142
2026-05-01,payai,790,223.0510170000001,0.01,25,16
2026-05-01,corbits,1680,26.100799999999744,0.0001,28,11
2026-05-02,dexter,9685,321.8200000000262,0.021166796160088402,111,107
2026-05-02,coinbase,1714,103.56700000000035,0.009284540474741327,21,11
2026-05-02,payai,723,39.269474,0.01585283238456673,19,13
2026-05-02,corbits,4576,1.7562999999999616,0.0001,8,9
2026-05-03,dexter,9032,435.9450000000593,0.05,219,113
2026-05-03,coinbase,6625,196.6209999999967,0.02,33,19
2026-05-03,payai,724,43.75447700000002,0.01,15,16
2026-05-03,corbits,4583,4.816700000000269,0.0001,4,6
2026-05-03,openfacilitator,2,0.0105,0.01,2,2
2026-05-03,relai,1,0.001,0.001,1,1
2026-05-04,coinbase,10050,2037.689015000001,0.02,1762,19
2026-05-04,dexter,8631,450.7760000000614,0.05,136,141
2026-05-04,payai,963,68.57241500000018,0.013192423750000001,27,27
2026-05-04,corbits,4569,1.967299999999955,0.0001,9,6
2026-05-04,x402jobs,8,0.35,0.01,1,8
2026-05-04,relai,7,0.0911,0.01,1,2
2026-05-04,openfacilitator,2,0.02,0.01,1,1
2026-05-05,coinbase,22644,9349.863258000089,0.2702432877275069,8673,20
2026-05-05,payai,832,239.01549800000015,0.014729994444444443,28,25
2026-05-05,dexter,3926,196.14600000001028,0.05,77,83
2026-05-05,corbits,4571,9.740399999999651,0.0001,40,10
2026-05-05,openfacilitator,14,6.319999999999999,0.05,3,3
2026-05-05,relai,7,2.0310999999999995,0.01,2,3
2026-05-05,x402jobs,6,0.15000000000000002,0.01,1,6
2026-05-06,coinbase,18963,6961.074505000122,0.20198652529570546,6600,27
2026-05-06,dexter,16820,839.1329999997844,0.05,376,157
2026-05-06,payai,500,86.41021400000004,0.015929396296296295,43,31
2026-05-06,corbits,1201,22.549199999999963,0.0001,107,19
2026-05-06,x402jobs,15,0.95,0.1,1,9
2026-05-06,relai,8,0.0822,0.01,1,2
2026-05-06,openfacilitator,10,0.010000000000000002,0.001,1,1
2026-05-07,dexter,42360,2117.3919999989375,0.05,458,154
2026-05-07,coinbase,5112,579.0395659999988,0.01173546767662426,867,19
2026-05-07,payai,1153,192.59125000000006,0.01373130559714795,25,17
2026-05-07,corbits,158,12.955199999999982,0.011163157894736842,56,12
2026-05-07,relai,6,0.22110000000000002,0.01,2,3
2026-05-07,cascade,13,0.06399999999999999,0.005,1,1
2026-05-08,coinbase,24446,8154.107791000158,0.19019434740662566,7189,27
2026-05-08,dexter,5675,283.4700000000301,0.05,206,119
2026-05-08,payai,936,122.99297899999979,0.0033685183941404096,16,24
2026-05-08,corbits,57,1.6186000000000003,0.0126,7,6
2026-05-08,x402jobs,9,0.49,0.05,1,8
2026-05-08,ultravioletadao,3,0.135,0.045,1,1
2026-05-08,openfacilitator,4,0.0725,0.01,3,4
2026-05-08,relai,3,0.06010000000000001,0.01,1,1
2026-05-09,coinbase,21459,6278.37417400005,0.15248736127346668,6977,15
2026-05-09,dexter,2573,128.649999999995,0.05,112,98
2026-05-09,payai,488,21.543900000000004,0.004150760416666666,19,11
2026-05-09,openfacilitator,5,10.51,0.25,2,3
2026-05-09,corbits,41,1.545,0.01065,6,8
2026-05-10,coinbase,15880,4951.622864000029,0.2007692281570625,7277,15
2026-05-10,payai,414,77.24778099999996,0.011519859999999998,27,14
2026-05-10,dexter,1287,64.34999999999849,0.05,61,54
2026-05-10,corbits,30,0.6185000000000002,0.01,5,4
2026-05-11,coinbase,16454,5464.299313000037,0.19746532423489205,7811,19
2026-05-11,payai,880,153.05949600000005,0.014373273982020094,31,23
2026-05-11,dexter,742,36.99600000000004,0.05,44,53
2026-05-11,corbits,130,2.5710999999999995,0.01,22,12
2026-05-11,openfacilitator,1,0.01,0.01,1,1
2026-05-11,cascade,1,0.005,0.005,1,1
2026-05-11,relai,1,0.0001,0.0001,1,1
2026-05-12,coinbase,17029,5622.989006000038,0.19874740490265883,8120,15
2026-05-12,payai,898,41.831684999999915,0.028245778611632272,47,9
2026-05-12,dexter,146,10.050000000000002,0.05,8,38
2026-05-12,corbits,142,3.378499999999995,0.01,12,8
2026-05-12,openfacilitator,14,0.84,0.05,4,3
2026-05-12,relai,1,0.0001,0.0001,1,1
2026-05-13,coinbase,12057,4389.363999000016,0.17215826343906346,4808,16
2026-05-13,dexter,3041,151.3990000000002,0.05,149,53
2026-05-13,payai,1130,56.71486199999987,0.03,46,11
2026-05-13,openfacilitator,5,0.115,0.01,3,3
2026-05-13,x402jobs,2,0.1,0.05,1,1
2026-05-13,corbits,3,0.03,0.01,1,1
2026-05-14,payai,2031,96.98003099999984,0.03,55,12
2026-05-14,coinbase,2690,58.89000000000045,0.011512703430511652,38,16
2026-05-14,dexter,855,42.62599999999972,0.05,54,53
2026-05-14,corbits,56,0.47160000000000024,0.01,12,5
2026-05-14,cascade,32,0.13700000000000007,0.005,1,1
2026-05-14,openfacilitator,4,0.125,0.01,3,3
2026-05-15,dexter,57329,2863.91500000165,0.05,564,160
2026-05-15,coinbase,3959,62.26850000000071,0.01,40,21
2026-05-15,payai,1467,62.20016199999998,0.0282784365393061,53,21
2026-05-15,openfacilitator,11,4.42,0.05,4,4
2026-05-15,corbits,65,1.4707999999999999,0.01,14,8
2026-05-15,x402jobs,9,0.45000000000000007,0.01,1,8
2026-05-15,relai,6,0.138883,0.01,2,3
2026-05-16,dexter,70841,3527.5660000040684,0.05,495,210
2026-05-16,coinbase,3058,53.61899999999982,0.01,31,19
2026-05-16,payai,211,10.214636999999996,0.019922628571428572,16,22
2026-05-16,x402jobs,10,0.5,0.05,1,9
2026-05-16,corbits,11,0.46010000000000006,0.01,2,3
2026-05-16,openfacilitator,10,0.062000000000000006,0.01,5,5
2026-05-16,relai,6,0.041100000000000005,0.01,1,2
2026-05-17,dexter,41927,2095.7684999988637,0.05,515,195
2026-05-17,relai,1863,1506.2095010000023,0.7902841051734697,15,2
2026-05-17,coinbase,3074,102.60499999999992,0.01,38,20
2026-05-17,payai,308,43.01452599999999,0.05259144736842106,16,17
2026-05-17,openfacilitator,7,1.025,0.0125,4,4
2026-05-17,corbits,21,0.44020000000000004,0.01,5,4
2026-05-17,x402jobs,4,0.04,0.01,1,3
2026-05-18,relai,744,1114.6727410000005,1.4943167716483863,10,1
2026-05-18,dexter,16610,828.721999999797,0.05,364,119
2026-05-18,payai,3043,122.48893299999955,0.013484585240749528,52,14
2026-05-18,coinbase,9238,76.23100000000132,0.001,41,15
2026-05-18,openfacilitator,21,1.3419999999999996,0.01,10,10
2026-05-18,corbits,58,0.9506000000000003,0.01,8,3
2026-05-19,relai,5378,8058.070159000034,1.505410046650875,11,3
2026-05-19,dexter,28802,1468.9099999992343,0.05,520,210
2026-05-19,payai,2974,54.82169800000061,0.001,53,22
2026-05-19,coinbase,2274,44.0529999999999,0.014309284116331096,24,23
2026-05-19,corbits,170,4.036899999999991,0.010123809523809525,12,6
2026-05-19,openfacilitator,2,1.05,1,2,2
2026-05-19,x402jobs,4,0.04,0.01,1,4
2026-05-20,coinbase,7022,2357.2547030000032,0.07037732456390258,1530,24
2026-05-20,relai,1077,1618.8868340000029,1.5143793547619049,11,2
2026-05-20,dexter,25268,1267.6119999994023,0.05,435,185
2026-05-20,payai,5347,90.06519699999731,0.001,25,27
2026-05-20,openfacilitator,9,75.585,0.25,4,5
2026-05-20,corbits,73,2.4521999999999995,0.01,8,7
2026-05-20,x402jobs,11,0.6000000000000001,0.05,1,8
2026-05-20,cascade,1,0.005,0.005,1,1
2026-05-21,relai,4357,6514.825908000004,1.4933325891808398,12,4
2026-05-21,coinbase,13654,4129.669285000026,0.1524317967532347,4347,24
2026-05-21,dexter,25236,1272.2479999994025,0.05,461,189
2026-05-21,payai,820,45.30768300000008,0.007446861394557823,21,25
2026-05-21,openfacilitator,23,37.7685,0.05,8,6
2026-05-21,corbits,30,0.9782000000000001,0.01,4,5
2026-05-21,x402jobs,7,0.47,0.1,1,6
2026-05-21,cascade,1,0.005,0.005,1,1
2026-05-22,coinbase,13888,4953.836411000024,0.20047251006856648,4667,13
2026-05-22,relai,1495,2235.860582999999,1.4979320332467585,10,1
2026-05-22,dexter,1503,79.21499999999786,0.05,124,65
2026-05-22,payai,536,73.51199899999975,0.001,19,16
2026-05-22,openfacilitator,7,0.5375,0.0125,7,5
2026-05-22,corbits,6,0.0752,0.0126,3,1
2026-05-22,cascade,8,0.032,0.005,1,2
2026-05-23,coinbase,12673,3922.1364820000194,0.18972923307854686,5528,7
2026-05-23,dexter,1588,82.32999999999755,0.05,75,59
2026-05-23,payai,909,62.896684000000455,0.001,10,9
2026-05-23,openfacilitator,16,1.4174999999999998,0.01,3,4
2026-05-23,corbits,14,0.14259999999999998,0.01,1,1
2026-05-23,cascade,1,0.001,0.001,1,1
2026-05-24,coinbase,13471,4808.283784000014,0.18895124568533672,6509,10
2026-05-24,dexter,3371,172.18300000000448,0.05,139,92
2026-05-24,payai,1724,72.51058399999997,0.02889278178368122,63,8
2026-05-24,corbits,145,5.916399999999992,0.02,4,2
2026-05-24,openfacilitator,4,0.36750000000000005,0.1,3,3
2026-05-25,coinbase,12591,4582.935055000015,0.19878345937522507,5592,6
2026-05-25,payai,402,34.609536999999996,0.02260175396825397,69,13
2026-05-25,corbits,11,0.113,0.01,3,2
2026-05-25,cascade,1,0.005,0.005,1,1
2026-05-26,coinbase,14157,5188.6905490000045,0.2075686255023005,5050,13
2026-05-26,dexter,6052,310.2100000000342,0.05,206,114
2026-05-26,corbits,447,11.078499999999917,0.02,5,2
2026-05-26,openfacilitator,7,10.225499999999998,0.0125,4,4
2026-05-26,payai,639,6.217268999999977,0.001,17,13
2026-05-26,cascade,4,0.007,0.001,1,1
2026-05-27,coinbase,9939,3003.129622000006,0.12383490107554809,3817,26
2026-05-27,dexter,4965,252.78000000002154,0.05,201,126
2026-05-27,payai,1071,26.634020999999887,0.001,19,17
2026-05-27,openfacilitator,4,2.0999999999999996,1,2,2
2026-05-27,cascade,559,1.4399999999999922,0.00279001721170396,1,1
2026-05-27,corbits,22,0.4392,0.01,10,8
2026-05-28,dexter,3406,172.66500000000437,0.05,131,129
2026-05-28,coinbase,3135,68.58900000000015,0.01,36,26
2026-05-28,payai,1424,61.748284999999946,0.011535886237513874,26,24
2026-05-28,corbits,201,5.228099999999987,0.02,11,8
2026-05-28,openfacilitator,8,4.602499999999999,0.34,3,5
2026-05-28,cascade,165,0.35400000000000026,0.001,1,1
2026-05-29,payai,1565,139.18461499999984,0.01,23,12
2026-05-29,dexter,883,49.41799999999952,0.05,45,105
2026-05-29,coinbase,1967,35.629199999999734,0.02,35,17
2026-05-29,corbits,481,28.55692600000027,0.01,8,4
2026-05-29,openfacilitator,9,2.4529999999999994,0.025,6,4
2026-05-29,cascade,25,0.06700000000000003,0.004,2,1
2026-05-30,dexter,2201,118.29299999999597,0.05,94,107
2026-05-30,payai,1253,57.537948000000185,0.006644032017365351,19,12
2026-05-30,coinbase,1506,32.43965999999975,0.02,20,8
2026-05-30,openfacilitator,6,1.5225,0.2,3,3
2026-05-30,cascade,27,0.26400000000000007,0.01,2,2
2026-05-30,corbits,6,0.06520000000000001,0.01,1,1
2026-05-31,relai,668,1015.1672149999991,1.532930301764706,10,1
2026-05-31,dexter,2413,129.33999999999583,0.05,105,105
2026-05-31,coinbase,2185,48.16900000000044,0.02,21,9
2026-05-31,payai,697,36.185278999999916,0.010037260869565218,21,10
2026-05-31,x402jobs,1,2.55,2.55,1,1
2026-05-31,corbits,8,1.1395,0.02,2,2
2026-05-31,cascade,7,0.017,0.001,2,1
2026-06-01,relai,6230,9367.159228000024,1.5071741266051997,10,1
2026-06-01,coinbase,2254,194.11890000000074,0.018599117489381006,20,9
2026-06-01,payai,608,56.42004000000007,0.0011598129629629631,14,8
2026-06-01,dexter,826,50.534999999999556,0.05,49,94
2026-06-01,corbits,105,3.0719999999999983,0.02,5,1
2026-06-01,openfacilitator,2,1.05,1,2,2
2026-06-01,cascade,344,1.0100000000000007,0.004,1,1
2026-06-02,relai,6972,10447.923053999972,1.4962335717251596,10,1
2026-06-02,payai,2172,92.00177999999958,0.001104855421686747,22,14
2026-06-02,coinbase,2238,73.08867400000051,0.01916758241758242,29,14
2026-06-02,dexter,301,19.040000000000077,0.05,22,38
2026-06-02,corbits,51,1.3077000000000005,0.02,6,3
2026-06-03,relai,1550,2328.994752000002,1.499945327846334,10,1
2026-06-03,payai,1721,377.8976690000008,0.042205299214365874,75,20
2026-06-03,coinbase,2192,50.188028000000344,0.018934156378600825,26,12
2026-06-03,corbits,674,46.07710000000003,0.024179897201599083,8,2
2026-06-03,dexter,142,10.610499999999991,0.05,15,5
2026-06-03,openfacilitator,6,0.0315,0.01,2,2
2026-06-03,cascade,4,0.02,0.005,1,1
2026-06-04,relai,3266,4884.218350999998,1.4924896866258137,10,1
2026-06-04,coinbase,5402,1200.3471070000003,0.021193504489337822,1135,16
2026-06-04,payai,1094,61.614634000000166,0.01,72,13
2026-06-04,dexter,103,5.63999999999999,0.05,11,4
2026-06-04,corbits,115,3.119600000000001,0.02,7,2
2026-06-04,openfacilitator,3,0.1105,0.01,3,3
2026-06-04,cascade,5,0.045,0.01,1,1
2026-06-05,relai,3276,4963.683874000013,1.5096646440542985,168,4
2026-06-05,coinbase,12276,3059.3965720000037,0.059708225044801444,3864,17
2026-06-05,payai,1588,296.1434400000007,0.011341097211497212,74,13
2026-06-05,dexter,549,27.983000000000253,0.05,34,56
2026-06-05,openfacilitator,1,5,5,1,1
2026-06-05,corbits,49,1.2447000000000004,0.01,6,1
2026-06-05,cascade,30,0.13500000000000004,0.004,1,1
2026-06-06,relai,2768,4127.1193230000035,1.4782016764838664,163,1
2026-06-06,coinbase,10716,3486.9590370000024,0.10976001841699262,3572,11
2026-06-06,payai,317,38.342060999999994,0.01,18,10
2026-06-06,dexter,84,16.685000000000002,0.05,9,5
2026-06-06,corbits,71,2.601699999999998,0.015066666666666667,5,2
2026-06-06,cascade,1,0.001,0.001,1,1
2026-06-07,payai,1715,9520.039537000135,0.01,57,10
2026-06-07,coinbase,10887,4247.778035000005,0.16580006145934584,3586,13
2026-06-07,relai,807,1197.6470599999996,1.4936751067054117,95,1
2026-06-07,dexter,21,0.487,0.01,7,2
2026-06-07,corbits,6,0.042,0.01,2,2
2026-06-08,coinbase,11085,3525.977222000005,0.1199943447719209,3458,16
2026-06-08,payai,248,2297.9085259999983,0.1,22,13
2026-06-08,relai,643,964.2487900000004,1.4868850162432319,79,1
2026-06-08,corbits,255,8.221699999999968,0.02301764705882353,18,5
2026-06-08,dexter,33,1.0680000000000003,0.013,9,4
2026-06-08,openfacilitator,4,0.273,0.0125,3,3
2026-06-09,coinbase,10299,4027.768742000004,0.13871129274963803,3050,16
2026-06-09,payai,286,2145.0454059999997,0.10695305119047618,30,14
2026-06-09,corbits,1074,53.21520000000002,0.02,9,3
2026-06-09,dexter,16,0.55,0.05,6,2
2026-06-09,openfacilitator,3,0.3625,0.1,3,3
2026-06-09,cascade,7,0.020000000000000004,0.002,1,1
2026-06-10,payai,676,4361.782327000003,0.1719659982698962,27,12
2026-06-10,relai,1738,2611.814902000002,1.501133974465653,238,1
2026-06-10,coinbase,2544,187.57521300000036,0.013004939285714282,30,13
2026-06-10,corbits,829,23.478299999999688,0.02,10,4
2026-06-10,dexter,43,2.1500000000000004,0.05,7,3
2026-06-10,openfacilitator,8,0.8610000000000001,0.16,4,3
2026-06-10,cascade,15,0.08700000000000002,0.005,1,1
2026-06-11,coinbase,6487,1701.276534999995,0.02,1405,20
2026-06-11,payai,179,1118.3755229999995,0.01,22,15
2026-06-11,relai,361,545.7272690000004,1.5302522144,56,1
2026-06-11,corbits,378,8.01599999999996,0.01,7,2
2026-06-11,dexter,138,6.799999999999987,0.05,13,33
2026-06-11,cascade,12,0.07800000000000001,0.005,1,1
2026-06-12,coinbase,18205,4074.52910099996,0.013590714254824042,3851,19
2026-06-12,payai,369,291.781861,0.032448979591836735,52,21
2026-06-12,dexter,197,10.906000000000015,0.05,13,47
2026-06-12,corbits,784,10.899499999999852,0.01,4,2
2026-06-12,cascade,26,0.059000000000000004,0.001,2,1
2026-06-13,payai,3152,10231.454850000011,0.9977133667502088,233,219
2026-06-13,coinbase,15696,2425.2619179999897,0.013316188708698074,2984,16
2026-06-13,relai,755,1134.6923689999996,1.5035188646865179,102,1
2026-06-13,dexter,239,13.780000000000044,0.05,14,49
2026-06-13,corbits,8,0.16949999999999998,0.02,2,1
2026-06-14,payai,17926,8276.834908000226,0.001,666,564
2026-06-14,relai,2069,3108.460313,1.498418841652635,270,2
2026-06-14,coinbase,10909,2052.5719419999987,0.020152274870364723,2614,14
2026-06-14,corbits,300,1.4510000000000007,0.002,4,3
2026-06-14,openfacilitator,3,0.003,0.001,1,1
2026-06-15,payai,11095,7326.302457000133,0.013717755316830567,688,606
2026-06-15,coinbase,13820,3316.462825000007,0.025806595744680846,3377,14
2026-06-15,relai,1212,1813.8688200000033,1.4927565731968593,167,1
2026-06-15,corbits,116,2.6961,0.018414285714285716,9,2
2026-06-15,dexter,12,1.51,0.11,8,2
2026-06-15,openfacilitator,1,0.5,0.5,1,1
2026-06-15,cascade,5,0.027000000000000003,0.005,1,1
2026-06-16,coinbase,11975,3464.285693000007,0.023170941649937864,2426,12
2026-06-16,payai,16839,2838.7350659998065,0.001,536,367
2026-06-16,corbits,1168,31.14620000000069,0.01,4,3
2026-06-16,dexter,381,23.170000000000147,0.05,21,31
2026-06-17,relai,3360,5040.901508000006,1.4988265117804258,377,1
2026-06-17,coinbase,13059,2970.0028479999974,0.021494584298598195,2969,13
2026-06-17,payai,19966,2193.3457329997973,0.001,450,275
2026-06-17,dexter,447,27.380000000000205,0.05,24,66
2026-06-17,corbits,173,4.121599999999996,0.02,3,3
2026-06-17,openfacilitator,8,0.8180000000000001,0.0125,6,5
2026-06-18,coinbase,13322,2413.4877799999936,0.01959827044029926,3474,30
2026-06-18,payai,18022,980.8222960000192,0.001,400,29
2026-06-18,dexter,750,39.38749999999993,0.05,27,104
2026-06-18,relai,26,5.333598999999995,0.01,2,2
2026-06-18,corbits,47,0.6666000000000004,0.01,4,4
2026-06-18,cascade,175,0.4830000000000004,0.004,2,1
2026-06-18,figment,5,0.1,0.02,1,1
2026-06-18,openfacilitator,2,0.02,0.01,2,2
2026-06-19,coinbase,12560,4539.9580759999035,0.019563427959616755,2756,21
2026-06-19,payai,12319,3586.2105259998643,0.001,348,98
2026-06-19,dexter,717,43.03799999999979,0.05,31,99
2026-06-19,corbits,207,4.08439999999999,0.01842366863905326,8,2
2026-06-19,relai,6,2.05,0.01,1,2
2026-06-19,cascade,12,0.012000000000000004,0.001,1,1
2026-06-20,coinbase,13820,5865.558309000267,0.10706195290409828,3970,29
2026-06-20,payai,17780,5163.631320000317,0.001,415,199
2026-06-20,dexter,443,31.690000000000154,0.05,25,57
2026-06-20,openfacilitator,5,0.6749999999999999,0.15,4,3
2026-06-20,corbits,27,0.38160000000000005,0.0126,2,1
2026-06-20,relai,1,0.05,0.05,1,1
2026-06-20,cascade,26,0.03500000000000001,0.001,1,1
2026-06-21,coinbase,12285,3494.644375000005,0.11751420982414743,3915,27
2026-06-21,payai,16128,2479.4501969997727,0.001,311,196
2026-06-21,dexter,358,25.01400000000015,0.05,19,48
2026-06-21,corbits,54,0.9040999999999999,0.0126,1,1
2026-06-21,relai,10,0.09999999999999999,0.01,1,1
2026-06-21,cascade,23,0.07100000000000002,0.004,1,1
2026-06-22,coinbase,11888,16211.609790000017,0.1494476696039671,3449,25
2026-06-22,payai,13403,3012.053393999817,0.001,444,202
2026-06-22,relai,631,936.2245190000001,1.5002696412094068,94,2
2026-06-22,dexter,704,40.40749999999993,0.05,23,67
2026-06-22,corbits,650,31.05250000000031,0.05,7,3
2026-06-22,openfacilitator,2,0.2625,0.25,2,2
2026-06-22,cascade,35,0.08500000000000003,0.001,1,1
2026-06-23,coinbase,11370,3667.591165000005,0.13426488987734664,4086,24
2026-06-23,payai,20594,2237.5208559997286,0.001,462,185
2026-06-23,relai,221,318.5171999999998,1.4846541811224487,37,2
2026-06-23,dexter,687,39.770999999999965,0.05,21,89
2026-06-23,corbits,209,8.012599999999974,0.05,5,2
2026-06-23,openfacilitator,1,0.6,0.6,1,1
2026-06-23,cascade,118,0.2730000000000002,0.001,1,1
2026-06-24,coinbase,11001,3369.0697900000023,0.12567744780640228,4866,23
2026-06-24,payai,23226,1614.4281189998233,0.001,350,171
2026-06-24,dexter,1125,63.56299999999894,0.05,29,106
2026-06-24,corbits,20,0.35300000000000004,0.01,5,2
2026-06-24,cascade,52,0.12600000000000008,0.001,1,1
2026-06-25,coinbase,9530,3129.377284000003,0.11440581381143412,4247,16
2026-06-25,payai,3114,776.1002660000055,0.001,455,137
2026-06-25,dexter,1202,71.22999999999848,0.05,32,120
2026-06-25,corbits,89,2.1326000000000014,0.02,4,2
2026-06-26,coinbase,16135,3475.4416870000114,0.018179347458019596,4236,20
2026-06-26,payai,30470,3416.9866589995063,0.001,288,133
2026-06-26,dexter,1799,97.51399999999703,0.05,33,101
2026-06-26,corbits,6,0.0752,0.01,3,2
2026-06-26,openfacilitator,2,0.052500000000000005,0.05,2,2
2026-06-27,payai,28323,2766.0072859996453,0.001,437,170
2026-06-27,dexter,1350,75.30999999999814,0.05,30,105
2026-06-27,coinbase,8089,56.517789999999245,0.003,25,12
2026-06-27,openfacilitator,2,0.052500000000000005,0.05,2,2
2026-06-27,cascade,1,0.005,0.005,1,1
2026-06-28,payai,17502,2902.7430979997753,0.001,356,181
2026-06-28,dexter,1290,66.8209999999986,0.05,26,105
2026-06-28,coinbase,5483,46.71131999999917,0.003,27,26
2026-06-28,openfacilitator,2,0.052500000000000005,0.05,2,2
2026-06-28,cascade,29,0.047000000000000014,0.001,1,1
2026-06-29,payai,16972,2791.8173409997453,0.001,405,188
2026-06-29,coinbase,1824,116.53822200000198,0.02,33,32
2026-06-29,dexter,1245,65.67999999999873,0.05,25,92
2026-06-29,openx402,1,5,5,1,1
2026-06-29,openfacilitator,3,0.31,0.15,2,2
2026-06-29,cascade,59,0.1430000000000001,0.001,1,1
2026-06-29,relai,7,0.07,0.01,1,1
2026-06-29,figment,1,0.02,0.02,1,1
2026-06-30,payai,17273,2156.063387999783,0.001,428,185
2026-06-30,coinbase,1695,61.59429399999926,0.02,29,15
2026-06-30,dexter,611,38.13999999999998,0.05,22,88
2026-06-30,figment,35,0.251,0.01,1,1
2026-07-01,payai,8155,1187.4375049999667,0.001,344,146
2026-07-01,coinbase,1711,45.98999999999866,0.02,30,21
2026-07-01,dexter,613,36.24300000000005,0.05,21,93
2026-07-01,openfacilitator,4,0.10500000000000001,0.05,3,3
2026-07-01,cascade,7,0.018000000000000002,0.002,2,1
2026-07-02,payai,17717,2512.7879339997808,0.001,487,171
2026-07-02,relai,1289,1910.1803080000045,1.4588354015479257,182,1
2026-07-02,dexter,681,39.79999999999992,0.05,21,52
2026-07-02,coinbase,2713,35.19799999999995,0.01,29,13
2026-07-02,threews,4,7.910977999999999,3.920435,2,3
2026-07-02,openfacilitator,1,0.6,0.6,1,1
2026-07-03,payai,17099,2884.8782639997467,0.001,497,170
2026-07-03,coinbase,1424,47.3733720000008,0.02,28,14
2026-07-03,dexter,207,20.07300000000004,0.05,16,26
2026-07-03,threews,3,16.45577,0.137535,3,3
2026-07-04,relai,3698,5547.954876000011,1.5017325986820915,418,1
2026-07-04,payai,843,812.6192399999981,0.01,72,99
2026-07-04,dexter,1043,58.57000899999907,0.05,32,72
2026-07-04,coinbase,1241,24.20399999999963,0.02,23,11
2026-07-05,relai,1187,1771.7433259999984,1.4852422036663242,167,1
2026-07-05,threews,266,191.70579400000005,0.008158730158730159,3,4
2026-07-05,payai,401,129.71923399999997,0.01,35,15
2026-07-05,coinbase,1544,31.040199999999643,0.02,26,14
2026-07-05,dexter,174,15.690000000000031,0.05,17,25
2026-07-06,relai,903,1346.1379589999979,1.4928362585797763,121,3
2026-07-06,payai,13286,471.36461699998836,0.001,184,27
2026-07-06,coinbase,2768,71.46795799999971,0.004431134461648192,35,26
2026-07-06,dexter,537,30.77600000000029,0.05,28,75
2026-07-06,openfacilitator,1,1,1,1,1
2026-07-06,cascade,44,0.12100000000000005,0.004,1,1
2026-07-07,payai,16165,317.3564160000412,0.001,187,21
2026-07-07,dexter,1875,98.91999999999715,0.05,28,103
2026-07-07,threews,4,72.88918699999999,30,2,4
2026-07-07,coinbase,2896,53.40639999999975,0.003426888426888427,43,32
2026-07-07,x402jobs,1,1,1,1,1
2026-07-07,openfacilitator,1,0.6,0.6,1,1
2026-07-07,cascade,46,0.1300000000000001,0.004,1,1
2026-07-08,dexter,12534,616.1459999999843,0.05,54,109
2026-07-08,payai,13186,216.9597869999889,0.001,396,35
2026-07-08,coinbase,1816,46.258985999999695,0.02,37,45
2026-07-08,relai,3,4.02,0.01,2,2
2026-07-08,cascade,120,1.0010000000000006,0.008571428571428572,2,1
2026-07-08,openfacilitator,2,0.052500000000000005,0.05,2,2
2026-07-09,payai,11043,640.6844880000315,0.001,379,18
2026-07-09,coinbase,2129,57.14789999999973,0.02,39,22
2026-07-09,dexter,995,47.79999999999955,0.05,28,54
2026-07-09,threews,3,0.020999999999999998,0.01,2,1
2026-07-10,payai,10527,1309.4564520000097,0.001,397,22
2026-07-10,coinbase,2716,67.75399999999898,0.02,37,21
2026-07-10,dexter,528,20.48000000000014,0.047317554240631166,16,49
2026-07-10,figment,40,0.4600000000000002,0.0115,1,1
2026-07-10,threews,2,0.011,0.01,2,1
2026-07-11,payai,813,123.52271499999972,0.1,29,15
2026-07-11,coinbase,2285,78.90800000000002,0.01830894648829432,34,18
2026-07-11,dexter,2276,66.76200000000007,0.017142821338613265,22,17
2026-07-11,threews,97,47.043093999999996,0.0054,3,4
2026-07-12,dexter,8009,193.78000000000225,0.015245787231240284,63,48
2026-07-12,payai,6623,68.39964999999914,0.001,376,18
2026-07-12,coinbase,2492,64.82149999999945,0.02,31,17
2026-07-12,threews,846,6.1469999999999505,0.005083319157622563,1,1
2026-07-12,openfacilitator,2,0.0105,0.01,2,2
2026-07-13,payai,15063,7976.290633000693,0.001,310,23
2026-07-13,dexter,9460,226.77200000000224,0.015267729133295507,62,47
2026-07-13,coinbase,2643,116.81749999999884,0.01839049114791548,42,20
2026-07-14,payai,13732,20734.78818700091,0.001,459,27
2026-07-14,dexter,10692,288.30400000000566,0.020488704969813292,73,128
2026-07-14,coinbase,2407,185.89578000000262,0.01942476959718339,54,35
2026-07-14,threews,1120,10.066999999999878,0.01,1,1
2026-07-14,cascade,7,0.022000000000000002,0.004,1,1
2026-07-14,figment,2,0.02,0.01,1,1
2026-07-15,payai,8945,2355.256233999898,0.001,363,46
2026-07-15,dexter,29234,1215.5699999994756,0.05,124,206
2026-07-15,coinbase,2669,212.23164700000152,0.01996928299387316,51,56
2026-07-15,threews,1276,11.587999999999846,0.01,2,1
2026-07-15,cascade,238,0.6300000000000004,0.0019798387096774195,2,1
2026-07-15,openfacilitator,1,0.01,0.01,1,1
2026-07-16,payai,1707,406.1990920000005,0.01192115726726104,49,20
2026-07-16,dexter,5391,162.94000000000213,0.024782726816284142,95,107
2026-07-16,coinbase,1893,98.99289999999931,0.02,43,26
2026-07-17,payai,3174,587.3232019999998,0.019839088401697312,58,31
2026-07-17,threews,761,236.68000000000058,0.006424877908646941,4,8
2026-07-17,dexter,1785,73.81999999999836,0.05,83,128
2026-07-17,coinbase,2096,64.9637999999996,0.02,40,31
2026-07-17,openfacilitator,4,34.5705,9.56,4,3
2026-07-17,cascade,15,0.06100000000000001,0.002,2,1
2026-07-18,dexter,32818,1406.6483519993542,0.05,121,212
2026-07-18,payai,729,230.16837699999977,0.01007843137254902,44,55
2026-07-18,coinbase,2866,101.8454799999997,0.01922186197313571,41,55
2026-07-18,threews,210,37.59977099999992,0.004644970414201184,2,3
2026-07-18,openfacilitator,2,3.92,3.91,2,2
2026-07-18,cascade,119,0.25500000000000017,0.001,1,1
2026-07-19,dexter,31063,1326.0605699994449,0.05,106,210
2026-07-19,payai,4723,1060.5526279999776,0.001,393,48
2026-07-19,threews,2440,346.6090459999945,0.0030096901408450706,6,26
2026-07-19,coinbase,2811,61.374259999999026,0.018098586460732514,36,49
2026-07-19,cascade,121,0.25400000000000017,0.001,1,1
2026-07-20,dexter,32225,1387.0809679993781,0.05,94,215
2026-07-20,payai,9815,402.9597900000151,0.003176463440295348,219,56
2026-07-20,coinbase,3209,201.2633800000001,0.014346264367816091,46,57
2026-07-20,threews,3442,73.94092100000012,0.0034109108737315967,6,11
2026-07-20,cascade,262,0.6480000000000005,0.0013285714285714287,1,1
2026-07-21,dexter,32711,1404.1699999993552,0.05,85,204
2026-07-21,payai,9487,328.7621130000051,0.018390875458073556,224,53
2026-07-21,coinbase,3910,307.87095399999527,0.02,49,52
2026-07-21,threews,2855,60.95905199999926,0.0038442182235285684,5,7
2026-07-21,cascade,157,0.4070000000000003,0.0027368421052631577,1,1
2026-07-22,payai,11120,1649.4588479998629,0.001,380,53
2026-07-22,dexter,33226,1438.8489999993435,0.05,98,197
2026-07-22,coinbase,3307,160.06842599999453,0.01130799365057807,45,52
2026-07-22,threews,2810,38.98900000000015,0.0023792633758308816,3,3
2026-07-22,cascade,99,0.23900000000000018,0.001,1,1
2026-07-22,openfacilitator,1,0.01,0.01,1,1
2026-07-23,dexter,35180,1551.0425819992788,0.05,98,217
2026-07-23,coinbase,3021,681.2118789999998,0.019112631811813288,48,58
2026-07-23,payai,2579,232.01906800000017,0.020784313725490194,54,56
2026-07-23,cascade,109,0.22700000000000015,0.001,1,1
2026-07-24,dexter,13419,453.69900000000837,0.04169281788038243,128,131
2026-07-24,payai,10683,207.6480349999984,0.001,237,38
2026-07-24,coinbase,4167,97.75873999999878,0.01,44,38
2026-07-24,cascade,11,0.029,0.004,1,1
2026-07-25,dexter,26417,1090.80673099956,0.05,277,349
2026-07-25,threews,2370,671.3467479999758,0.002558467110852747,12,25
2026-07-25,payai,3760,109.84804399999837,0.001,275,61
2026-07-25,coinbase,4641,85.32422199999995,0.01,41,50
2026-07-25,cascade,98,0.24900000000000017,0.0022,1,1
2026-07-25,openfacilitator,1,0.01,0.01,1,1
2026-07-26,coinbase,3054,1027.779683,0.018529613056067387,43,51
2026-07-26,dexter,21903,919.3769999996963,0.05,108,178
2026-07-26,payai,2407,140.62465099999932,0.010013058187134502,313,57
2026-07-26,threews,1704,32.6214000000004,0.002385633315151659,5,5
2026-07-26,cascade,91,0.19700000000000015,0.001,1,1
2026-07-27,dexter,24928,1020.3468349996049,0.05,116,175
2026-07-27,coinbase,11230,288.98371299996137,0.003,46,47
2026-07-27,payai,9861,96.06057599999912,0.0017936593174023136,312,52
2026-07-27,threews,5166,69.07949999999907,0.002772194096113404,2,3
2026-07-27,ultravioletadao,1,0.5,0.5,1,1
2026-07-27,cascade,42,0.10000000000000005,0.001,1,1
2026-07-28,dexter,16883,627.4064999999357,0.05,113,139
2026-07-28,threews,2753,478.47479999998353,0.004210466952402436,6,16
2026-07-28,payai,6735,231.21662699999996,0.006547816266749961,398,61
2026-07-28,coinbase,3244,174.8126580000048,0.016297182722889096,53,51
2026-07-28,ultravioletadao,1,0.5,0.5,1,1
2026-07-28,cascade,56,0.1430000000000001,0.0024000000000000002,1,1
2026-07-29,coinbase,3725,3206.963660000071,0.01,87,41
2026-07-29,dexter,15699,566.2754999999804,0.05,114,144
2026-07-29,payai,13129,147.02781899999582,0.001,225,41
2026-07-29,threews,3796,85.40150000000126,0.003415899246532959,2,4
2026-07-29,cascade,13,0.025000000000000005,0.001,1,1
2026-07-30,coinbase,3131,1181.6592999999955,0.010156744071146244,166,39
2026-07-30,cascade,46,191.2979999999999,0.004,3,1
2026-07-30,payai,1833,146.52790100000004,0.015488295314992025,62,48
2026-07-30,threews,1765,106.99932500000143,0.0048064417801259906,5,13
2026-07-30,dexter,1729,58.129999999999214,0.04013613152384339,82,75
2026-07-31,coinbase,5232,914.0769669999986,0.01,314,40
2026-07-31,dexter,5311,194.19500000000622,0.04901651112706389,97,83
2026-07-31,payai,9436,162.04221099999836,0.001351292484460562,297,36
2026-07-31,threews,1180,33.11250000000026,0.004587628865979382,2,3
2026-08-01,dexter,6633,283.5495000000187,0.05,91,116
2026-08-01,payai,11403,193.35336699999715,0.001,192,56
2026-08-01,coinbase,3683,191.50413999999955,0.01,101,50
2026-08-01,threews,1152,24.035000000000352,0.001,2,3
2026-08-01,cascade,29,0.09100000000000004,0.004,1,1
2026-08-02,coinbase,2902,8052.272613999999,0.010106145645804653,63,22
2026-08-02,dexter,7445,326.3500000000255,0.05,99,120
2026-08-02,payai,875,98.70673499999994,0.05,130,27
2026-08-02,threews,921,8.615500000000047,0.001,2,2
2026-08-03,coinbase,3465,19058.40800000002,0.01,75,53
2026-08-03,dexter,8390,370.7255000000321,0.05,108,117
2026-08-03,payai,6815,140.64311500000272,0.001,231,55
2026-08-03,threews,52,8.272000000000004,0.15,1,1
2026-08-03,cascade,68,0.14600000000000007,0.001,1,1
2026-08-04,coinbase,2518,16305.641550000006,0.013922890331890335,57,48
2026-08-04,payai,2610,225.30766899999992,0.03258173095238094,47,46
2026-08-04,dexter,5318,219.1200000000089,0.05,88,115
2026-08-04,threews,4812,25.289500000002068,0.001,2,2
2026-08-04,cascade,31,0.06200000000000003,0.001,1,1
2026-08-05,dexter,3452,151.48500000000044,0.05,81,103
2026-08-05,payai,5569,115.23914100000155,0.001,431,45
2026-08-05,coinbase,2631,95.64639999999973,0.011520097020097016,43,36
2026-08-05,threews,1596,22.007500000000228,0.001,2,2
2026-08-05,cascade,12,0.021000000000000005,0.001,1,1
2026-08-06,coinbase,2777,9868.089000000042,0.009797321972002435,49,25
2026-08-06,dexter,3526,135.68499999999935,0.03884820898476153,75,118
2026-08-06,payai,801,101.34007599999978,0.029791859375000007,53,33
2026-08-06,threews,1134,18.592999999999975,0.001,2,2
2026-08-06,figment,8,0.008,0.001,1,1
2026-08-07,coinbase,2798,529.6539999999998,0.008542212041884819,46,27
2026-08-07,dexter,5964,260.2400000000166,0.05,82,108
2026-08-07,payai,5496,190.19436300000604,0.001,362,31
2026-08-07,threews,249,11.082499999999984,0.001,2,2
2026-08-07,cascade,7,0.48,0.06,1,1
2026-08-08,dexter,5895,266.26000000001903,0.05,94,110
2026-08-08,coinbase,2546,73.04500000000036,0.01048488372093024,40,23
2026-08-08,threews,1043,31.406000000000382,0.001,2,4
2026-08-08,payai,2979,22.569316999999682,0.001,339,24
2026-08-09,dexter,3368,174.5330000000049,0.05,48,118
2026-08-09,threews,2727,171.67170000000547,0.001,4,6
2026-08-09,coinbase,2861,85.47120000000172,0.009971128608923885,53,25
2026-08-09,payai,2782,44.81274900000031,0.001,165,28
2026-08-10,threews,1946,184.8570000000054,0.001,2,5
2026-08-10,dexter,2399,126.9099999999954,0.05,44,113
2026-08-10,payai,417,88.24255499999998,0.01731001320901321,45,28
2026-08-10,coinbase,2663,85.37600099999972,0.010029894101479347,56,27
2026-08-11,threews,1375,188.04000000000272,0.001,2,5
2026-08-11,coinbase,2728,90.04799999999973,0.006306550067813095,48,25
2026-08-11,payai,334,77.13914599999991,0.02067676767676768,86,39
2026-08-11,dexter,483,26.540000000000205,0.05,24,59
2026-08-11,figment,38,0.03800000000000003,0.001,1,1
2026-08-12,coinbase,2754,10533.916000000238,0.009977290526036095,62,28
2026-08-12,payai,3086,1282.399558999995,0.01,52,33
2026-08-12,figment,9909,177.77669900000024,0.013198168658735956,1,1
2026-08-12,threews,324,21.507999999999996,0.001,2,2
2026-08-13,coinbase,3019,12399.899200000204,0.009925442004504506,57,29
2026-08-13,payai,40873,376.26627200000166,0.003671035201698374,54,34
2026-08-13,figment,1289,25.019002000000025,0.014140894007731959,1,1
2026-08-13,threews,13,3.049,0.161,1,1
2026-08-13,cascade,6,0.015000000000000001,0.002,1,1
2026-08-14,coinbase,2704,10766.868999999973,0.01,56,24
2026-08-14,payai,27401,736.2459879999909,0.009538173246654352,48,29
2026-08-15,payai,33602,1613.085390999968,0.0010190363108790112,48,27
2026-08-15,coinbase,2530,193.27599999999964,0.011141061452513968,49,26
2026-08-16,payai,63482,1695.6837129999785,0.0016639639829259783,53,35
2026-08-16,coinbase,2923,146.85800000000162,0.01898148148148148,51,26
2026-08-16,dexter,2985,95.96000000000048,0.02,63,4
2026-08-17,coinbase,1635,27394.238,0.02,55,29
2026-08-17,payai,5530,113.29936300000016,0.0010074621398131686,54,29
2026-08-17,dexter,2584,81.83000000000033,0.018248879097093385,59,7
2026-08-17,ultravioletadao,1,1,1,1,1
2026-08-18,coinbase,1572,12622.008999999973,0.02,46,22
2026-08-18,dexter,2728,146.25697599999947,0.018735485289469708,53,9
2026-08-18,payai,29469,42.76695599999882,0.0001,44,28
2026-08-18,ultravioletadao,3,1.02,0.01,2,2
2026-08-19,payai,558422,3169.7645569994443,0.0019839635171852274,221,29
2026-08-19,coinbase,1528,284.18499999999955,0.02,50,23
2026-08-19,dexter,2676,81.64000000000055,0.019047040834682498,48,2
2026-08-20,coinbase,1629,9790.443876999963,0.02,56,27
2026-08-20,payai,769680,7063.3190970002415,0.002006254722716076,256,29
2026-08-20,openx402,1,13.6125,13.6125,1,1
2026-08-20,dexter,1,0.03,0.03,1,1
2026-08-21,coinbase,1758,11027.994201000014,0.02,50,27
2026-08-21,payai,678047,6759.02712399871,0.0017281170815253394,440,28
2026-08-21,dexter,228,4.404999999999994,0.02,4,4
2026-08-21,openfacilitator,8,0.04,0.005,1,1
2026-08-22,payai,790968,9792.316033017998,0.001497510672853791,314,29
2026-08-22,coinbase,1813,79.52121099999962,0.02,54,30
2026-08-22,dexter,2540,64.5900000000014,0.02,49,3
2026-08-23,payai,401451,2734.897719997649,0.0012314216074467929,307,27
2026-08-23,coinbase,3099,120.57288900000054,0.014008570223752154,52,46
2026-08-23,dexter,879,21.772399999999912,0.02,49,3
2026-08-23,openfacilitator,121,0.6050000000000004,0.005,1,1
2026-08-24,coinbase,2514,29005.866688000162,0.011914153360256809,54,31
2026-08-24,payai,60699,2572.8624979996966,0.0013489754644683742,290,38
2026-08-24,dexter,313,69.06000000000002,0.02,50,4
2026-08-25,coinbase,2444,18054.28382399999,0.01680210294483693,46,24
2026-08-25,payai,1.521152e+06,14867.187059022159,0.001757564153674584,431,32
2026-08-25,dexter,4,46.325630000000004,15.2702,3,4
2026-08-26,payai,1.28889e+06,15842.34224103271,0.0015908171510767778,181,25
2026-08-26,figment,687331,4646.765218018947,0.0016339971006492837,2,1
2026-08-26,coinbase,2137,105.34421200000035,0.02,55,26
2026-08-26,dexter,928,34.31100000000022,0.02,4,4
2026-08-27,payai,1.344903e+06,15933.95273804362,0.0016010632511799256,350,29
2026-08-27,coinbase,1793,12153.695890000106,0.02,43,25
2026-08-27,figment,388644,2977.1614860049585,0.0015227015413753595,3,1
2026-08-27,dexter,1211,78.15000000000023,0.019363142241821354,20,20
2026-08-28,payai,1.07252e+06,20322.4352510269,0.0017018490251345401,83,33
2026-08-28,coinbase,2082,12725.780365000004,0.02,50,25
2026-08-28,figment,188379,3643.955960003221,0.0017156261838815177,3,1
2026-08-28,dexter,2227,131.61999999999907,0.02,68,21
2026-08-29,payai,1.100986e+06,22594.255888031097,0.0016867485069601029,83,38
2026-08-29,figment,193840,4024.070597003746,0.0016935277594912345,4,1
2026-08-29,dexter,2108,185.47999999999777,0.02,67,21
2026-08-29,coinbase,4468,58.24300000000118,0.003,44,19
2026-08-30,payai,1.058852e+06,22877.509398033213,0.0016590260603323945,47,30
2026-08-30,figment,184920,4013.1148580037834,0.0016539031247473398,4,1
2026-08-30,dexter,575,66.72000000000016,0.01,19,19
2026-08-30,coinbase,1690,38.042403999999586,0.02,46,23
2026-08-31,payai,1.175954e+06,25636.167139038043,0.0016501620506676605,224,33
2026-08-31,coinbase,1577,23051.517351999977,0.02,43,25
2026-08-31,figment,207148,4365.350937005098,0.0016262396971524543,5,1
2026-08-31,threews,1938,320.00799999999685,0.001,2,2
2026-08-31,dexter,551,68.34000000000005,0.01,19,19
2026-08-31,openfacilitator,3,0.015,0.005,1,1
2026-09-01,payai,1.720127e+06,17030.353673043508,0.001561313486001008,201,32
2026-09-01,figment,298833,2621.8288820030307,0.0015704781342690093,6,1
2026-09-01,threews,1143,58.323499999998496,0.001,2,3
2026-09-01,coinbase,1802,45.201069999999575,0.02,54,30
2026-09-01,dexter,291,27.540000000000187,0.01,20,20
2026-09-01,openx402,1,13.8125,13.8125,1,1
2026-09-02,coinbase,729,12449.636500000004,0.023315111245343807,52,35
2026-09-02,payai,1.267184e+06,9604.592653020056,0.0016012554883794987,278,31
2026-09-02,figment,539282,2171.525936999384,0.0016633470378313215,5,1
2026-09-02,dexter,663,83.15204500000029,0.01,24,23
2026-09-02,threews,453,1.8179999999999736,0.001,2,2
2026-09-02,openfacilitator,1,0.005,0.005,1,1
2026-09-03,coinbase,2713,27958.271890000393,0.016420479041916167,55,33
2026-09-03,payai,938997,12556.015731016403,0.0016084542262000472,271,33
2026-09-03,figment,925007,3920.266211019834,0.0016453669679052897,5,1
2026-09-03,dexter,222,88.47121499999994,0.03653061224489796,23,24
2026-09-03,openx402,1,3.3625,3.3625,1,1
2026-09-03,threews,2,0.20800000000000002,0.107,1,1
2026-09-04,coinbase,1914,5937.138662000021,0.02,52,33
2026-09-04,payai,674556,4444.993934996849,0.0015188102881897414,181,28
2026-09-04,figment,661880,3014.6013710092093,0.001543276309583566,6,1
2026-09-04,dexter,374,37.43000000000024,0.01,20,20
2026-09-05,payai,529209,2268.3069169983055,0.001517518439940794,321,30
2026-09-05,figment,516148,2212.3440840000585,0.0015869130231549798,7,1
2026-09-05,coinbase,1903,150.4117089999983,0.02,50,36
2026-09-05,dexter,390,64.81000000000017,0.05274234693877552,20,20
2026-09-06,payai,577009,3112.309049997536,0.0015098507833699517,245,28
2026-09-06,figment,562858,2890.2516170063827,0.0015953452673177083,6,1
2026-09-06,coinbase,2319,87.83514399999953,0.02,42,27
2026-09-06,dexter,741,75.90000000000006,0.01,21,21
2026-09-06,openfacilitator,1,0.01,0.01,1,1
2026-09-07,payai,949095,17362.629124023886,0.0019280254874398895,425,31
2026-09-07,figment,931449,14528.731949034545,0.0019688056106859928,7,1
2026-09-07,coinbase,2606,439.5518819999942,0.02,48,35
2026-09-07,dexter,242,32.82800000000003,0.01,20,20
2026-09-07,openfacilitator,1,0.01,0.01,1,1
2026-09-08,coinbase,1700,29631.83300000001,0.02,52,29
2026-09-08,payai,111517,7666.841061001421,0.0019551584490138264,238,22
2026-09-08,figment,96847,7359.149198003107,0.0025661979850908835,10,1
2026-09-08,dexter,679,19.41,0.019346527259148618,47,1
2026-09-08,threews,7,0.826,0.11,1,1
2026-09-09,coinbase,2242,17711.165310000037,0.02,59,34
2026-09-09,dexter,4009,122.41999999999915,0.02,56,13
2026-09-09,payai,15797,53.96331700000331,0.001,259,28
2026-09-09,figment,80,0.5496310000000001,0.001,11,1
2026-09-10,coinbase,2204,1311.8239999999912,0.02,47,22
2026-09-10,payai,11996,270.2096510000023,0.001,170,29
2026-09-10,dexter,4237,116.71799999999946,0.02,67,12
2026-09-10,figment,166,1.8436880000000002,0.0035562000000000002,10,1
2026-09-11,coinbase,1772,18102.500435999682,0.02,45,26
2026-09-11,payai,25191,6849.5513870004925,0.023564899909651268,400,28
2026-09-11,figment,12858,4327.435519000031,0.21617043207706568,9,1
2026-09-11,dexter,2873,152.5319999999999,0.02,68,22
2026-09-11,threews,3,0.38,0.11,1,1
2026-09-12,payai,16483,74.55429299999972,0.001,268,30
2026-09-12,coinbase,3281,68.7903849999998,0.009573513182096875,48,26
2026-09-12,dexter,1266,53.78000000000055,0.02,30,22
2026-09-12,figment,143,0.6241179999999996,0.002930196078431373,13,1
2026-09-12,openfacilitator,1,0.02,0.02,1,1
2026-09-13,coinbase,2547,209.65307399999722,0.016338071104675535,40,23
2026-09-13,payai,18939,55.73037899999871,0.001,433,36
2026-09-13,figment,4772,4.923363999999982,0.001,8,1
2026-09-13,dexter,107,2.2499999999999973,0.01,29,3
2026-09-14,coinbase,2653,9795.700266000002,0.015811678391418022,49,24
2026-09-14,payai,14834,70.64537500000036,0.001,185,33
2026-09-14,dexter,54,24.810000000000016,0.05,35,20
2026-09-14,figment,1403,5.572432000000055,0.001,8,1
2026-09-15,payai,13694,94.63832900000055,0.001,425,59
2026-09-15,coinbase,2327,67.00399999999965,0.02,43,34
2026-09-15,dexter,266,11.079999999999954,0.01,29,3
2026-09-15,figment,2184,3.281924999999865,0.001,7,1
2026-09-16,coinbase,2689,7032.015000000002,0.014870314083080042,44,22
2026-09-16,dexter,17,147.16999999999996,0.79,5,11
2026-09-16,payai,16258,86.18417599999928,0.001,163,26
2026-09-16,threews,2085,67.30944999999875,0.001,6,17
2026-09-16,figment,2898,7.8766240000002465,0.001,11,1
2026-09-17,coinbase,2114,4123.49711000003,0.02,49,84
2026-09-17,threews,4026,949.9102799999565,0.001,12,54
2026-09-17,payai,18369,43.782018000001024,0.001,277,44
2026-09-17,dexter,284,25.202443000000056,0.01,20,17
2026-09-17,figment,4847,5.06398600000003,0.001,7,1
2026-09-18,coinbase,2003,21973.003499999955,0.02,46,37
2026-09-18,threews,4300,785.4454159999565,0.001,12,61
2026-09-18,payai,10016,30.470832999999836,0.001,188,36
2026-09-18,dexter,368,9.466999999999945,0.01547337278106509,48,2
2026-09-18,figment,61,0.17296899999999996,0.002970111111111111,5,1
2026-09-19,threews,2399,757.3489379999754,0.001,11,36
2026-09-19,coinbase,1967,536.864698999996,0.02,49,30
2026-09-19,dexter,1163,133.57000000000025,0.01,23,22
2026-09-19,payai,10864,74.46151899999934,0.001,240,29
2026-09-19,figment,352,1.5550649999999988,0.0031053366666666674,4,1
2026-09-20,threews,3459,832.9430709999634,0.001,12,47
2026-09-20,dexter,1760,201.18399999999536,0.01,31,21
2026-09-20,coinbase,2124,110.98327699999979,0.02,52,38
2026-09-20,payai,9156,35.13423100000041,0.001,347,28
2026-09-20,figment,1314,10.00032100000002,0.00308167502228164,13,1
2026-09-21,coinbase,2063,16386.94649999999,0.02,45,34
2026-09-21,threews,1586,732.1119999999847,0.001,2,2
2026-09-21,dexter,1374,160.65399999999903,0.01,21,21
2026-09-21,payai,10912,74.89818099999982,0.001,128,25
2026-09-21,figment,808,5.4348200000000055,0.0036543542584520686,6,1
2026-09-22,coinbase,2548,2564.2844999999893,0.014293882204122994,51,40
2026-09-22,threews,5559,948.1912979999347,0.001,12,52
2026-09-22,dexter,849,97.53200000000045,0.01,22,22
2026-09-22,payai,3040,77.29130499999965,0.001,206,33
2026-09-22,figment,987,5.751943999999999,0.0034817416017526785,5,1
2026-09-23,coinbase,2352,7026.42350000015,0.01983812862669246,45,37
2026-09-23,threews,3915,902.9226919999601,0.001,12,50
2026-09-23,payai,6349,71.95248500000099,0.0015563055430716161,39,26
2026-09-23,dexter,579,66.88500000000002,0.01,22,22
2026-09-23,figment,3809,24.394239000001093,0.001,10,1
2026-09-24,threews,3162,843.141133999974,0.001,12,50
2026-09-24,dexter,3082,194.44500000000212,0.02,23,23
2026-09-24,payai,2872,55.73181400000037,0.001,43,27
2026-09-24,coinbase,2813,50.09469999999958,0.01,45,42
2026-09-24,figment,1992,6.525012000000169,0.001,9,1
2026-09-25,coinbase,3165,23639.96965,0.01,52,42
2026-09-25,threews,4154,787.0972159999521,0.001,10,34
2026-09-25,dexter,2803,136.02999999999855,0.02,20,20
2026-09-25,payai,2659,33.265215000000055,0.001,36,28
2026-09-25,figment,1820,3.3970069999998667,0.001,7,1
2026-09-26,threews,3939,943.7011779999609,0.001,12,54
2026-09-26,coinbase,2572,187.6409019999989,0.02,44,39
2026-09-26,payai,3412,55.36105299999935,0.01,38,27
2026-09-26,dexter,1326,26.529999999999525,0.02,2,2
2026-09-26,figment,909,3.0734249999999386,0.001,8,1
2026-09-27,coinbase,2522,27042.513739000042,0.02,61,26
2026-09-27,threews,4018,925.2347949999582,0.001,12,62
2026-09-27,dexter,857,98.46132500000044,0.01,21,22
2026-09-27,payai,1434,66.57690199999952,0.001,33,24
2026-09-27,figment,856,5.835652000000027,0.001,4,1
2026-09-27,openfacilitator,24,0.11100000000000003,0.005,2,1
